  Determining projects to restore...
  All projects are up-to-date for restore.
L:\New Restauraunt Pos\build\intermediate\RestaurantPOS14.CSharp\RestaurantPOS14\frmSystemInfo.cs(1164,7): warning CS0618: 'Dns.GetHostByName(string)' is obsolete: 'GetHostByName is obsoleted for this type, please use GetHostEntry instead. http://go.microsoft.com/fwlink/?linkid=14202' [L:\New Restauraunt Pos\build\intermediate\RestaurantPOS14.CSharp\RestaurantPOS14.csproj]
L:\New Restauraunt Pos\build\intermediate\RestaurantPOS14.CSharp\RestaurantPOS14\frmPOS.cs(29388,30): warning CS1998: This async method lacks 'await' operators and will run synchronously. Consider using the 'await' operator to await non-blocking API calls, or 'await Task.Run(...)' to do CPU-bound work on a background thread. [L:\New Restauraunt Pos\build\intermediate\RestaurantPOS14.CSharp\RestaurantPOS14.csproj]
L:\New Restauraunt Pos\build\intermediate\RestaurantPOS14.CSharp\RestaurantPOS14\ModClasses.cs(42,26): warning CS0649: Field 'ModClasses.dtable3' is never assigned to, and will always have its default value null [L:\New Restauraunt Pos\build\intermediate\RestaurantPOS14.CSharp\RestaurantPOS14.csproj]
L:\New Restauraunt Pos\build\intermediate\RestaurantPOS14.CSharp\RestaurantPOS14\frmPizzaModifiers.cs(127,21): warning CS0649: Field 'frmPizzaModifiers.components' is never assigned to, and will always have its default value null [L:\New Restauraunt Pos\build\intermediate\RestaurantPOS14.CSharp\RestaurantPOS14.csproj]
L:\New Restauraunt Pos\build\intermediate\RestaurantPOS14.CSharp\RestaurantPOS14\frmCreditCustomerBalance.cs(72,21): warning CS0649: Field 'frmCreditCustomerBalance.components' is never assigned to, and will always have its default value null [L:\New Restauraunt Pos\build\intermediate\RestaurantPOS14.CSharp\RestaurantPOS14.csproj]
L:\New Restauraunt Pos\build\intermediate\RestaurantPOS14.CSharp\RestaurantPOS14\frmWorkPeriod.cs(86,17): warning CS0169: The field 'frmWorkPeriod.Filename' is never used [L:\New Restauraunt Pos\build\intermediate\RestaurantPOS14.CSharp\RestaurantPOS14.csproj]
L:\New Restauraunt Pos\build\intermediate\RestaurantPOS14.CSharp\RestaurantPOS14\frmPOS.cs(2377,18): warning CS0169: The field 'frmPOS.CurrentTextBox' is never used [L:\New Restauraunt Pos\build\intermediate\RestaurantPOS14.CSharp\RestaurantPOS14.csproj]
L:\New Restauraunt Pos\build\intermediate\RestaurantPOS14.CSharp\RestaurantPOS14\frmCreditCustomerReceipt.cs(168,18): warning CS0169: The field 'frmCreditCustomerReceipt.num2' is never used [L:\New Restauraunt Pos\build\intermediate\RestaurantPOS14.CSharp\RestaurantPOS14.csproj]
L:\New Restauraunt Pos\build\intermediate\RestaurantPOS14.CSharp\RestaurantPOS14\frmPizzaModifiersList_AutoPopUp.cs(89,17): warning CS0649: Field 'frmPizzaModifiersList_AutoPopUp.DiscountPer' is never assigned to, and will always have its default value 0 [L:\New Restauraunt Pos\build\intermediate\RestaurantPOS14.CSharp\RestaurantPOS14.csproj]
L:\New Restauraunt Pos\build\intermediate\RestaurantPOS14.CSharp\RestaurantPOS14\frmLoyaltyCardMemberPoints.cs(71,21): warning CS0649: Field 'frmLoyaltyCardMemberPoints.components' is never assigned to, and will always have its default value null [L:\New Restauraunt Pos\build\intermediate\RestaurantPOS14.CSharp\RestaurantPOS14.csproj]
L:\New Restauraunt Pos\build\intermediate\RestaurantPOS14.CSharp\RestaurantPOS14\frmBankAccountStatements.cs(95,18): warning CS0169: The field 'frmBankAccountStatements.d' is never used [L:\New Restauraunt Pos\build\intermediate\RestaurantPOS14.CSharp\RestaurantPOS14.csproj]
L:\New Restauraunt Pos\build\intermediate\RestaurantPOS14.CSharp\RestaurantPOS14\frmMenuItemsModifiers.cs(121,21): warning CS0649: Field 'frmMenuItemsModifiers.components' is never assigned to, and will always have its default value null [L:\New Restauraunt Pos\build\intermediate\RestaurantPOS14.CSharp\RestaurantPOS14.csproj]
L:\New Restauraunt Pos\build\intermediate\RestaurantPOS14.CSharp\RestaurantPOS14\frmModifiersList_AutoPopUp.cs(72,17): warning CS0169: The field 'frmModifiersList_AutoPopUp.Amount' is never used [L:\New Restauraunt Pos\build\intermediate\RestaurantPOS14.CSharp\RestaurantPOS14.csproj]
L:\New Restauraunt Pos\build\intermediate\RestaurantPOS14.CSharp\RestaurantPOS14\frmPaymentRecord.cs(120,21): warning CS0649: Field 'frmPaymentRecord.components' is never assigned to, and will always have its default value null [L:\New Restauraunt Pos\build\intermediate\RestaurantPOS14.CSharp\RestaurantPOS14.csproj]
L:\New Restauraunt Pos\build\intermediate\RestaurantPOS14.CSharp\RestaurantPOS14\frmKDS.cs(79,17): warning CS0169: The field 'frmKDS.s2' is never used [L:\New Restauraunt Pos\build\intermediate\RestaurantPOS14.CSharp\RestaurantPOS14.csproj]
L:\New Restauraunt Pos\build\intermediate\RestaurantPOS14.CSharp\RestaurantPOS14\frmStock_Store.cs(117,21): warning CS0649: Field 'frmStock_Store.components' is never assigned to, and will always have its default value null [L:\New Restauraunt Pos\build\intermediate\RestaurantPOS14.CSharp\RestaurantPOS14.csproj]
L:\New Restauraunt Pos\build\intermediate\RestaurantPOS14.CSharp\RestaurantPOS14\frmProduct.cs(181,21): warning CS0649: Field 'frmProduct.components' is never assigned to, and will always have its default value null [L:\New Restauraunt Pos\build\intermediate\RestaurantPOS14.CSharp\RestaurantPOS14.csproj]
L:\New Restauraunt Pos\build\intermediate\RestaurantPOS14.CSharp\RestaurantPOS14\frmVoucherRecord.cs(72,21): warning CS0649: Field 'frmVoucherRecord.components' is never assigned to, and will always have its default value null [L:\New Restauraunt Pos\build\intermediate\RestaurantPOS14.CSharp\RestaurantPOS14.csproj]
L:\New Restauraunt Pos\build\intermediate\RestaurantPOS14.CSharp\RestaurantPOS14\frmSetNOP.cs(75,17): warning CS0169: The field 'frmSetNOP.variable2' is never used [L:\New Restauraunt Pos\build\intermediate\RestaurantPOS14.CSharp\RestaurantPOS14.csproj]
L:\New Restauraunt Pos\build\intermediate\RestaurantPOS14.CSharp\RestaurantPOS14\frmSetNOP.cs(73,17): warning CS0169: The field 'frmSetNOP.variable1' is never used [L:\New Restauraunt Pos\build\intermediate\RestaurantPOS14.CSharp\RestaurantPOS14.csproj]
L:\New Restauraunt Pos\build\intermediate\RestaurantPOS14.CSharp\RestaurantPOS14\frmFrontOffice.cs(90,17): warning CS0169: The field 'frmFrontOffice.Filename' is never used [L:\New Restauraunt Pos\build\intermediate\RestaurantPOS14.CSharp\RestaurantPOS14.csproj]
L:\New Restauraunt Pos\build\intermediate\RestaurantPOS14.CSharp\RestaurantPOS14\frmCustomDialogX.cs(54,21): warning CS0649: Field 'frmCustomDialogX.components' is never assigned to, and will always have its default value null [L:\New Restauraunt Pos\build\intermediate\RestaurantPOS14.CSharp\RestaurantPOS14.csproj]
L:\New Restauraunt Pos\build\intermediate\RestaurantPOS14.CSharp\RestaurantPOS14\frmCustomDialog21.cs(26,21): warning CS0649: Field 'frmCustomDialog21.components' is never assigned to, and will always have its default value null [L:\New Restauraunt Pos\build\intermediate\RestaurantPOS14.CSharp\RestaurantPOS14.csproj]
L:\New Restauraunt Pos\build\intermediate\RestaurantPOS14.CSharp\RestaurantPOS14\frmModifiersList.cs(100,17): warning CS0169: The field 'frmModifiersList.num5' is never used [L:\New Restauraunt Pos\build\intermediate\RestaurantPOS14.CSharp\RestaurantPOS14.csproj]
L:\New Restauraunt Pos\build\intermediate\RestaurantPOS14.CSharp\RestaurantPOS14\ModClasses.cs(18,27): warning CS0649: Field 'ModClasses.cmd3' is never assigned to, and will always have its default value null [L:\New Restauraunt Pos\build\intermediate\RestaurantPOS14.CSharp\RestaurantPOS14.csproj]
L:\New Restauraunt Pos\build\intermediate\RestaurantPOS14.CSharp\RestaurantPOS14\frmEnterQtyX.cs(95,17): warning CS0169: The field 'frmEnterQtyX.variable2' is never used [L:\New Restauraunt Pos\build\intermediate\RestaurantPOS14.CSharp\RestaurantPOS14.csproj]
L:\New Restauraunt Pos\build\intermediate\RestaurantPOS14.CSharp\RestaurantPOS14\frmStockTransferRecord.cs(81,21): warning CS0649: Field 'frmStockTransferRecord.components' is never assigned to, and will always have its default value null [L:\New Restauraunt Pos\build\intermediate\RestaurantPOS14.CSharp\RestaurantPOS14.csproj]
L:\New Restauraunt Pos\build\intermediate\RestaurantPOS14.CSharp\RestaurantPOS14\frmStockIn_RM.cs(58,21): warning CS0649: Field 'frmStockIn_RM.components' is never assigned to, and will always have its default value null [L:\New Restauraunt Pos\build\intermediate\RestaurantPOS14.CSharp\RestaurantPOS14.csproj]
L:\New Restauraunt Pos\build\intermediate\RestaurantPOS14.CSharp\RestaurantPOS14\frmStockOUT_StoreRecord.cs(49,21): warning CS0649: Field 'frmStockOUT_StoreRecord.components' is never assigned to, and will always have its default value null [L:\New Restauraunt Pos\build\intermediate\RestaurantPOS14.CSharp\RestaurantPOS14.csproj]
L:\New Restauraunt Pos\build\intermediate\RestaurantPOS14.CSharp\RestaurantPOS14\frmMemberBalance.cs(72,21): warning CS0649: Field 'frmMemberBalance.components' is never assigned to, and will always have its default value null [L:\New Restauraunt Pos\build\intermediate\RestaurantPOS14.CSharp\RestaurantPOS14.csproj]
L:\New Restauraunt Pos\build\intermediate\RestaurantPOS14.CSharp\RestaurantPOS14\frmMemberList.cs(47,21): warning CS0649: Field 'frmMemberList.components' is never assigned to, and will always have its default value null [L:\New Restauraunt Pos\build\intermediate\RestaurantPOS14.CSharp\RestaurantPOS14.csproj]
L:\New Restauraunt Pos\build\intermediate\RestaurantPOS14.CSharp\RestaurantPOS14\frmCustomDialog13.cs(26,21): warning CS0649: Field 'frmCustomDialog13.components' is never assigned to, and will always have its default value null [L:\New Restauraunt Pos\build\intermediate\RestaurantPOS14.CSharp\RestaurantPOS14.csproj]
L:\New Restauraunt Pos\build\intermediate\RestaurantPOS14.CSharp\RestaurantPOS14\frmCustomDialog6.cs(26,21): warning CS0649: Field 'frmCustomDialog6.components' is never assigned to, and will always have its default value null [L:\New Restauraunt Pos\build\intermediate\RestaurantPOS14.CSharp\RestaurantPOS14.csproj]
L:\New Restauraunt Pos\build\intermediate\RestaurantPOS14.CSharp\RestaurantPOS14\frmModifiersList_AutoPopUp.cs(64,17): warning CS0169: The field 'frmModifiersList_AutoPopUp.DiscountPer' is never used [L:\New Restauraunt Pos\build\intermediate\RestaurantPOS14.CSharp\RestaurantPOS14.csproj]
L:\New Restauraunt Pos\build\intermediate\RestaurantPOS14.CSharp\RestaurantPOS14\frmModifiersList_AutoPopUp.cs(84,17): warning CS0169: The field 'frmModifiersList_AutoPopUp.num5' is never used [L:\New Restauraunt Pos\build\intermediate\RestaurantPOS14.CSharp\RestaurantPOS14.csproj]
L:\New Restauraunt Pos\build\intermediate\RestaurantPOS14.CSharp\RestaurantPOS14\frmModifiersList_AutoPopUp.cs(74,17): warning CS0169: The field 'frmModifiersList_AutoPopUp.TotalAmount' is never used [L:\New Restauraunt Pos\build\intermediate\RestaurantPOS14.CSharp\RestaurantPOS14.csproj]
L:\New Restauraunt Pos\build\intermediate\RestaurantPOS14.CSharp\RestaurantPOS14\frmPizzaModifiersList_AutoPopUp.cs(115,21): warning CS0649: Field 'frmPizzaModifiersList_AutoPopUp.components' is never assigned to, and will always have its default value null [L:\New Restauraunt Pos\build\intermediate\RestaurantPOS14.CSharp\RestaurantPOS14.csproj]
L:\New Restauraunt Pos\build\intermediate\RestaurantPOS14.CSharp\RestaurantPOS14\frmLoyaltyCard.cs(36,21): warning CS0649: Field 'frmLoyaltyCard.components' is never assigned to, and will always have its default value null [L:\New Restauraunt Pos\build\intermediate\RestaurantPOS14.CSharp\RestaurantPOS14.csproj]
L:\New Restauraunt Pos\build\intermediate\RestaurantPOS14.CSharp\RestaurantPOS14\frmDeliveryPersonRecord.cs(80,21): warning CS0649: Field 'frmDeliveryPersonRecord.components' is never assigned to, and will always have its default value null [L:\New Restauraunt Pos\build\intermediate\RestaurantPOS14.CSharp\RestaurantPOS14.csproj]
L:\New Restauraunt Pos\build\intermediate\RestaurantPOS14.CSharp\RestaurantPOS14\frmAddFunds.cs(111,21): warning CS0649: Field 'frmAddFunds.components' is never assigned to, and will always have its default value null [L:\New Restauraunt Pos\build\intermediate\RestaurantPOS14.CSharp\RestaurantPOS14.csproj]
L:\New Restauraunt Pos\build\intermediate\RestaurantPOS14.CSharp\RestaurantPOS14\frmGeneralLedger.cs(78,17): warning CS0169: The field 'frmGeneralLedger.c' is never used [L:\New Restauraunt Pos\build\intermediate\RestaurantPOS14.CSharp\RestaurantPOS14.csproj]
L:\New Restauraunt Pos\build\intermediate\RestaurantPOS14.CSharp\RestaurantPOS14\frmChangeRate.cs(94,17): warning CS0169: The field 'frmChangeRate.variable2' is never used [L:\New Restauraunt Pos\build\intermediate\RestaurantPOS14.CSharp\RestaurantPOS14.csproj]
L:\New Restauraunt Pos\build\intermediate\RestaurantPOS14.CSharp\RestaurantPOS14\frmAbout.cs(43,21): warning CS0649: Field 'frmAbout.components' is never assigned to, and will always have its default value null [L:\New Restauraunt Pos\build\intermediate\RestaurantPOS14.CSharp\RestaurantPOS14.csproj]
L:\New Restauraunt Pos\build\intermediate\RestaurantPOS14.CSharp\RestaurantPOS14\frmCreditCustomerReceiptRecord.cs(112,21): warning CS0649: Field 'frmCreditCustomerReceiptRecord.components' is never assigned to, and will always have its default value null [L:\New Restauraunt Pos\build\intermediate\RestaurantPOS14.CSharp\RestaurantPOS14.csproj]
L:\New Restauraunt Pos\build\intermediate\RestaurantPOS14.CSharp\RestaurantPOS14\frmSendEmail.cs(76,17): warning CS0169: The field 'frmSendEmail.st3' is never used [L:\New Restauraunt Pos\build\intermediate\RestaurantPOS14.CSharp\RestaurantPOS14.csproj]
L:\New Restauraunt Pos\build\intermediate\RestaurantPOS14.CSharp\RestaurantPOS14\frmOthersSetting.cs(206,17): warning CS0169: The field 'frmOthersSetting.st1' is never used [L:\New Restauraunt Pos\build\intermediate\RestaurantPOS14.CSharp\RestaurantPOS14.csproj]
L:\New Restauraunt Pos\build\intermediate\RestaurantPOS14.CSharp\RestaurantPOS14\frmPizzaModifiersList.cs(20,37): warning CS0649: Field 'frmPizzaModifiersList.__ENCList' is never assigned to, and will always have its default value null [L:\New Restauraunt Pos\build\intermediate\RestaurantPOS14.CSharp\RestaurantPOS14.csproj]
L:\New Restauraunt Pos\build\intermediate\RestaurantPOS14.CSharp\RestaurantPOS14\frmPrintVIPMemberCard.cs(59,17): warning CS0169: The field 'frmPrintVIPMemberCard.st' is never used [L:\New Restauraunt Pos\build\intermediate\RestaurantPOS14.CSharp\RestaurantPOS14.csproj]
L:\New Restauraunt Pos\build\intermediate\RestaurantPOS14.CSharp\RestaurantPOS14\frmBankAccountRegistration.cs(208,21): warning CS0649: Field 'frmBankAccountRegistration.components' is never assigned to, and will always have its default value null [L:\New Restauraunt Pos\build\intermediate\RestaurantPOS14.CSharp\RestaurantPOS14.csproj]
L:\New Restauraunt Pos\build\intermediate\RestaurantPOS14.CSharp\RestaurantPOS14\frmWorkPeriod_Del.cs(59,21): warning CS0649: Field 'frmWorkPeriod_Del.components' is never assigned to, and will always have its default value null [L:\New Restauraunt Pos\build\intermediate\RestaurantPOS14.CSharp\RestaurantPOS14.csproj]
L:\New Restauraunt Pos\build\intermediate\RestaurantPOS14.CSharp\RestaurantPOS14\frmNotes.cs(54,21): warning CS0649: Field 'frmNotes.components' is never assigned to, and will always have its default value null [L:\New Restauraunt Pos\build\intermediate\RestaurantPOS14.CSharp\RestaurantPOS14.csproj]
L:\New Restauraunt Pos\build\intermediate\RestaurantPOS14.CSharp\RestaurantPOS14\frmUserRights.cs(100,21): warning CS0649: Field 'frmUserRights.components' is never assigned to, and will always have its default value null [L:\New Restauraunt Pos\build\intermediate\RestaurantPOS14.CSharp\RestaurantPOS14.csproj]
L:\New Restauraunt Pos\build\intermediate\RestaurantPOS14.CSharp\RestaurantPOS14\frmToppingsList.cs(117,17): warning CS0169: The field 'frmToppingsList.num5' is never used [L:\New Restauraunt Pos\build\intermediate\RestaurantPOS14.CSharp\RestaurantPOS14.csproj]
L:\New Restauraunt Pos\build\intermediate\RestaurantPOS14.CSharp\RestaurantPOS14\frmPurchaseEntry.cs(319,18): warning CS0169: The field 'frmPurchaseEntry.num10' is never used [L:\New Restauraunt Pos\build\intermediate\RestaurantPOS14.CSharp\RestaurantPOS14.csproj]
L:\New Restauraunt Pos\build\intermediate\RestaurantPOS14.CSharp\RestaurantPOS14\frmWalletType.cs(67,21): warning CS0649: Field 'frmWalletType.components' is never assigned to, and will always have its default value null [L:\New Restauraunt Pos\build\intermediate\RestaurantPOS14.CSharp\RestaurantPOS14.csproj]
L:\New Restauraunt Pos\build\intermediate\RestaurantPOS14.CSharp\RestaurantPOS14\frmItemsTransfer.cs(193,17): warning CS0169: The field 'frmItemsTransfer.num7' is never used [L:\New Restauraunt Pos\build\intermediate\RestaurantPOS14.CSharp\RestaurantPOS14.csproj]
L:\New Restauraunt Pos\build\intermediate\RestaurantPOS14.CSharp\RestaurantPOS14\frmCustomDialog8.cs(33,21): warning CS0649: Field 'frmCustomDialog8.components' is never assigned to, and will always have its default value null [L:\New Restauraunt Pos\build\intermediate\RestaurantPOS14.CSharp\RestaurantPOS14.csproj]
L:\New Restauraunt Pos\build\intermediate\RestaurantPOS14.CSharp\RestaurantPOS14\frmTableReservation.cs(207,17): warning CS0169: The field 'frmTableReservation.st1' is never used [L:\New Restauraunt Pos\build\intermediate\RestaurantPOS14.CSharp\RestaurantPOS14.csproj]
L:\New Restauraunt Pos\build\intermediate\RestaurantPOS14.CSharp\RestaurantPOS14\frmPizza.cs(18,37): warning CS0649: Field 'frmPizza.__ENCList' is never assigned to, and will always have its default value null [L:\New Restauraunt Pos\build\intermediate\RestaurantPOS14.CSharp\RestaurantPOS14.csproj]
L:\New Restauraunt Pos\build\intermediate\RestaurantPOS14.CSharp\RestaurantPOS14\frmPizzaMaster.cs(20,37): warning CS0649: Field 'frmPizzaMaster.__ENCList' is never assigned to, and will always have its default value null [L:\New Restauraunt Pos\build\intermediate\RestaurantPOS14.CSharp\RestaurantPOS14.csproj]
L:\New Restauraunt Pos\build\intermediate\RestaurantPOS14.CSharp\RestaurantPOS14\frmLoyaltyCardMemberLedger.cs(100,17): warning CS0169: The field 'frmLoyaltyCardMemberLedger.a' is never used [L:\New Restauraunt Pos\build\intermediate\RestaurantPOS14.CSharp\RestaurantPOS14.csproj]
L:\New Restauraunt Pos\build\intermediate\RestaurantPOS14.CSharp\RestaurantPOS14\frmMemberLedger.cs(102,17): warning CS0169: The field 'frmMemberLedger.b' is never used [L:\New Restauraunt Pos\build\intermediate\RestaurantPOS14.CSharp\RestaurantPOS14.csproj]
L:\New Restauraunt Pos\build\intermediate\RestaurantPOS14.CSharp\RestaurantPOS14\frmPizzaModifiersList.cs(113,17): warning CS0169: The field 'frmPizzaModifiersList.num7' is never used [L:\New Restauraunt Pos\build\intermediate\RestaurantPOS14.CSharp\RestaurantPOS14.csproj]
L:\New Restauraunt Pos\build\intermediate\RestaurantPOS14.CSharp\RestaurantPOS14\frmEnterQtyX.cs(93,17): warning CS0169: The field 'frmEnterQtyX.variable1' is never used [L:\New Restauraunt Pos\build\intermediate\RestaurantPOS14.CSharp\RestaurantPOS14.csproj]
L:\New Restauraunt Pos\build\intermediate\RestaurantPOS14.CSharp\RestaurantPOS14\frmPOS.cs(2333,17): warning CS0169: The field 'frmPOS.variable2' is never used [L:\New Restauraunt Pos\build\intermediate\RestaurantPOS14.CSharp\RestaurantPOS14.csproj]
L:\New Restauraunt Pos\build\intermediate\RestaurantPOS14.CSharp\RestaurantPOS14\frmCreditCustomerLedger.cs(113,17): warning CS0169: The field 'frmCreditCustomerLedger.a' is never used [L:\New Restauraunt Pos\build\intermediate\RestaurantPOS14.CSharp\RestaurantPOS14.csproj]
L:\New Restauraunt Pos\build\intermediate\RestaurantPOS14.CSharp\RestaurantPOS14\frmTable.cs(95,21): warning CS0649: Field 'frmTable.components' is never assigned to, and will always have its default value null [L:\New Restauraunt Pos\build\intermediate\RestaurantPOS14.CSharp\RestaurantPOS14.csproj]
L:\New Restauraunt Pos\build\intermediate\RestaurantPOS14.CSharp\RestaurantPOS14\frmStock_Store.cs(113,17): warning CS0169: The field 'frmStock_Store.str' is never used [L:\New Restauraunt Pos\build\intermediate\RestaurantPOS14.CSharp\RestaurantPOS14.csproj]
L:\New Restauraunt Pos\build\intermediate\RestaurantPOS14.CSharp\RestaurantPOS14\frmHoldBills.cs(53,21): warning CS0649: Field 'frmHoldBills.components' is never assigned to, and will always have its default value null [L:\New Restauraunt Pos\build\intermediate\RestaurantPOS14.CSharp\RestaurantPOS14.csproj]
L:\New Restauraunt Pos\build\intermediate\RestaurantPOS14.CSharp\RestaurantPOS14\frmPurchaseOrder.cs(250,18): warning CS0169: The field 'frmPurchaseOrder.num5' is never used [L:\New Restauraunt Pos\build\intermediate\RestaurantPOS14.CSharp\RestaurantPOS14.csproj]
L:\New Restauraunt Pos\build\intermediate\RestaurantPOS14.CSharp\RestaurantPOS14\frmCallerID.cs(45,17): warning CS0169: The field 'frmCallerID.st' is never used [L:\New Restauraunt Pos\build\intermediate\RestaurantPOS14.CSharp\RestaurantPOS14.csproj]
L:\New Restauraunt Pos\build\intermediate\RestaurantPOS14.CSharp\RestaurantPOS14\frmPayment.cs(172,18): warning CS0169: The field 'frmPayment.num2' is never used [L:\New Restauraunt Pos\build\intermediate\RestaurantPOS14.CSharp\RestaurantPOS14.csproj]
L:\New Restauraunt Pos\build\intermediate\RestaurantPOS14.CSharp\RestaurantPOS14\frmItemsTransfer.cs(183,17): warning CS0169: The field 'frmItemsTransfer.num2' is never used [L:\New Restauraunt Pos\build\intermediate\RestaurantPOS14.CSharp\RestaurantPOS14.csproj]
L:\New Restauraunt Pos\build\intermediate\RestaurantPOS14.CSharp\RestaurantPOS14\frmPurchaseOrder.cs(258,18): warning CS0169: The field 'frmPurchaseOrder.num9' is never used [L:\New Restauraunt Pos\build\intermediate\RestaurantPOS14.CSharp\RestaurantPOS14.csproj]
L:\New Restauraunt Pos\build\intermediate\RestaurantPOS14.CSharp\RestaurantPOS14\frmBillSplit.cs(375,17): warning CS0169: The field 'frmBillSplit.num3' is never used [L:\New Restauraunt Pos\build\intermediate\RestaurantPOS14.CSharp\RestaurantPOS14.csproj]
L:\New Restauraunt Pos\build\intermediate\RestaurantPOS14.CSharp\RestaurantPOS14\frmCreditCustomersList.cs(60,21): warning CS0649: Field 'frmCreditCustomersList.components' is never assigned to, and will always have its default value null [L:\New Restauraunt Pos\build\intermediate\RestaurantPOS14.CSharp\RestaurantPOS14.csproj]
L:\New Restauraunt Pos\build\intermediate\RestaurantPOS14.CSharp\RestaurantPOS14\frmPizzaModifiersList.cs(115,21): warning CS0649: Field 'frmPizzaModifiersList.components' is never assigned to, and will always have its default value null [L:\New Restauraunt Pos\build\intermediate\RestaurantPOS14.CSharp\RestaurantPOS14.csproj]
L:\New Restauraunt Pos\build\intermediate\RestaurantPOS14.CSharp\RestaurantPOS14\frmPrintLoyaltyCard.cs(59,17): warning CS0169: The field 'frmPrintLoyaltyCard.st' is never used [L:\New Restauraunt Pos\build\intermediate\RestaurantPOS14.CSharp\RestaurantPOS14.csproj]
L:\New Restauraunt Pos\build\intermediate\RestaurantPOS14.CSharp\RestaurantPOS14\frmPurchaseRecord.cs(141,21): warning CS0649: Field 'frmPurchaseRecord.components' is never assigned to, and will always have its default value null [L:\New Restauraunt Pos\build\intermediate\RestaurantPOS14.CSharp\RestaurantPOS14.csproj]
L:\New Restauraunt Pos\build\intermediate\RestaurantPOS14.CSharp\RestaurantPOS14\frmCreditCustomerReceipt.cs(164,17): warning CS0169: The field 'frmCreditCustomerReceipt.OBType' is never used [L:\New Restauraunt Pos\build\intermediate\RestaurantPOS14.CSharp\RestaurantPOS14.csproj]
L:\New Restauraunt Pos\build\intermediate\RestaurantPOS14.CSharp\RestaurantPOS14\frmLogin.cs(151,17): warning CS0169: The field 'frmLogin.variable2' is never used [L:\New Restauraunt Pos\build\intermediate\RestaurantPOS14.CSharp\RestaurantPOS14.csproj]
L:\New Restauraunt Pos\build\intermediate\RestaurantPOS14.CSharp\RestaurantPOS14\frmLogs.cs(110,21): warning CS0649: Field 'frmLogs.components' is never assigned to, and will always have its default value null [L:\New Restauraunt Pos\build\intermediate\RestaurantPOS14.CSharp\RestaurantPOS14.csproj]
L:\New Restauraunt Pos\build\intermediate\RestaurantPOS14.CSharp\RestaurantPOS14\frmCustomDialog9.cs(26,21): warning CS0649: Field 'frmCustomDialog9.components' is never assigned to, and will always have its default value null [L:\New Restauraunt Pos\build\intermediate\RestaurantPOS14.CSharp\RestaurantPOS14.csproj]
L:\New Restauraunt Pos\build\intermediate\RestaurantPOS14.CSharp\RestaurantPOS14\frmPizzaToppings.cs(124,21): warning CS0649: Field 'frmPizzaToppings.components' is never assigned to, and will always have its default value null [L:\New Restauraunt Pos\build\intermediate\RestaurantPOS14.CSharp\RestaurantPOS14.csproj]
L:\New Restauraunt Pos\build\intermediate\RestaurantPOS14.CSharp\RestaurantPOS14\frmModifiersList_AutoPopUp.cs(66,17): warning CS0169: The field 'frmModifiersList_AutoPopUp.HST' is never used [L:\New Restauraunt Pos\build\intermediate\RestaurantPOS14.CSharp\RestaurantPOS14.csproj]
L:\New Restauraunt Pos\build\intermediate\RestaurantPOS14.CSharp\RestaurantPOS14\frmModifiersList_AutoPopUp.cs(68,17): warning CS0169: The field 'frmModifiersList_AutoPopUp.Discount' is never used [L:\New Restauraunt Pos\build\intermediate\RestaurantPOS14.CSharp\RestaurantPOS14.csproj]
L:\New Restauraunt Pos\build\intermediate\RestaurantPOS14.CSharp\RestaurantPOS14\frmPaymentRecord.cs(118,17): warning CS0169: The field 'frmPaymentRecord.str' is never used [L:\New Restauraunt Pos\build\intermediate\RestaurantPOS14.CSharp\RestaurantPOS14.csproj]
L:\New Restauraunt Pos\build\intermediate\RestaurantPOS14.CSharp\RestaurantPOS14\frmBillSplit.cs(377,17): warning CS0169: The field 'frmBillSplit.num4' is never used [L:\New Restauraunt Pos\build\intermediate\RestaurantPOS14.CSharp\RestaurantPOS14.csproj]
L:\New Restauraunt Pos\build\intermediate\RestaurantPOS14.CSharp\RestaurantPOS14\frmPurchaseEntry.cs(317,18): warning CS0169: The field 'frmPurchaseEntry.num9' is never used [L:\New Restauraunt Pos\build\intermediate\RestaurantPOS14.CSharp\RestaurantPOS14.csproj]
L:\New Restauraunt Pos\build\intermediate\RestaurantPOS14.CSharp\RestaurantPOS14\frmPurchaseOrder.cs(262,18): warning CS0169: The field 'frmPurchaseOrder.num11' is never used [L:\New Restauraunt Pos\build\intermediate\RestaurantPOS14.CSharp\RestaurantPOS14.csproj]
L:\New Restauraunt Pos\build\intermediate\RestaurantPOS14.CSharp\RestaurantPOS14\frmHoldDineInKOTs.cs(50,21): warning CS0649: Field 'frmHoldDineInKOTs.components' is never assigned to, and will always have its default value null [L:\New Restauraunt Pos\build\intermediate\RestaurantPOS14.CSharp\RestaurantPOS14.csproj]
L:\New Restauraunt Pos\build\intermediate\RestaurantPOS14.CSharp\RestaurantPOS14\frmChangeRate.cs(92,17): warning CS0169: The field 'frmChangeRate.variable1' is never used [L:\New Restauraunt Pos\build\intermediate\RestaurantPOS14.CSharp\RestaurantPOS14.csproj]
L:\New Restauraunt Pos\build\intermediate\RestaurantPOS14.CSharp\RestaurantPOS14\frmSetDiscount.cs(76,17): warning CS0169: The field 'frmSetDiscount.variable1' is never used [L:\New Restauraunt Pos\build\intermediate\RestaurantPOS14.CSharp\RestaurantPOS14.csproj]
L:\New Restauraunt Pos\build\intermediate\RestaurantPOS14.CSharp\RestaurantPOS14\frmHomeDelivery.cs(36,17): warning CS0169: The field 'frmHomeDelivery.Filename' is never used [L:\New Restauraunt Pos\build\intermediate\RestaurantPOS14.CSharp\RestaurantPOS14.csproj]
L:\New Restauraunt Pos\build\intermediate\RestaurantPOS14.CSharp\RestaurantPOS14\frmAddFundsRecord.cs(90,21): warning CS0649: Field 'frmAddFundsRecord.components' is never assigned to, and will always have its default value null [L:\New Restauraunt Pos\build\intermediate\RestaurantPOS14.CSharp\RestaurantPOS14.csproj]
L:\New Restauraunt Pos\build\intermediate\RestaurantPOS14.CSharp\RestaurantPOS14\frmUnit.cs(71,21): warning CS0649: Field 'frmUnit.components' is never assigned to, and will always have its default value null [L:\New Restauraunt Pos\build\intermediate\RestaurantPOS14.CSharp\RestaurantPOS14.csproj]
L:\New Restauraunt Pos\build\intermediate\RestaurantPOS14.CSharp\RestaurantPOS14\frmAvailableTables.cs(41,21): warning CS0649: Field 'frmAvailableTables.components' is never assigned to, and will always have its default value null [L:\New Restauraunt Pos\build\intermediate\RestaurantPOS14.CSharp\RestaurantPOS14.csproj]
L:\New Restauraunt Pos\build\intermediate\RestaurantPOS14.CSharp\RestaurantPOS14\frmBillSplit.cs(343,17): warning CS0169: The field 'frmBillSplit.variable2' is never used [L:\New Restauraunt Pos\build\intermediate\RestaurantPOS14.CSharp\RestaurantPOS14.csproj]
L:\New Restauraunt Pos\build\intermediate\RestaurantPOS14.CSharp\RestaurantPOS14\frmCustomDialog19X.cs(26,21): warning CS0649: Field 'frmCustomDialog19X.components' is never assigned to, and will always have its default value null [L:\New Restauraunt Pos\build\intermediate\RestaurantPOS14.CSharp\RestaurantPOS14.csproj]
L:\New Restauraunt Pos\build\intermediate\RestaurantPOS14.CSharp\RestaurantPOS14\frmSupplier.cs(187,21): warning CS0649: Field 'frmSupplier.components' is never assigned to, and will always have its default value null [L:\New Restauraunt Pos\build\intermediate\RestaurantPOS14.CSharp\RestaurantPOS14.csproj]
L:\New Restauraunt Pos\build\intermediate\RestaurantPOS14.CSharp\RestaurantPOS14\frmEmployeeSession.cs(86,21): warning CS0649: Field 'frmEmployeeSession.components' is never assigned to, and will always have its default value null [L:\New Restauraunt Pos\build\intermediate\RestaurantPOS14.CSharp\RestaurantPOS14.csproj]
L:\New Restauraunt Pos\build\intermediate\RestaurantPOS14.CSharp\RestaurantPOS14\frmPayment.cs(168,17): warning CS0169: The field 'frmPayment.OBType' is never used [L:\New Restauraunt Pos\build\intermediate\RestaurantPOS14.CSharp\RestaurantPOS14.csproj]
L:\New Restauraunt Pos\build\intermediate\RestaurantPOS14.CSharp\RestaurantPOS14\frmPizzaModifiersList_AutoPopUp.cs(113,17): warning CS0169: The field 'frmPizzaModifiersList_AutoPopUp.num7' is never used [L:\New Restauraunt Pos\build\intermediate\RestaurantPOS14.CSharp\RestaurantPOS14.csproj]
L:\New Restauraunt Pos\build\intermediate\RestaurantPOS14.CSharp\RestaurantPOS14\frmCustomDialog14.cs(26,21): warning CS0649: Field 'frmCustomDialog14.components' is never assigned to, and will always have its default value null [L:\New Restauraunt Pos\build\intermediate\RestaurantPOS14.CSharp\RestaurantPOS14.csproj]
L:\New Restauraunt Pos\build\intermediate\RestaurantPOS14.CSharp\RestaurantPOS14\frmModifiersList.cs(88,17): warning CS0169: The field 'frmModifiersList.Amount' is never used [L:\New Restauraunt Pos\build\intermediate\RestaurantPOS14.CSharp\RestaurantPOS14.csproj]
L:\New Restauraunt Pos\build\intermediate\RestaurantPOS14.CSharp\RestaurantPOS14\frmCustomDialog10.cs(26,21): warning CS0649: Field 'frmCustomDialog10.components' is never assigned to, and will always have its default value null [L:\New Restauraunt Pos\build\intermediate\RestaurantPOS14.CSharp\RestaurantPOS14.csproj]
L:\New Restauraunt Pos\build\intermediate\RestaurantPOS14.CSharp\RestaurantPOS14\frmPurchaseOrder.cs(260,18): warning CS0169: The field 'frmPurchaseOrder.num10' is never used [L:\New Restauraunt Pos\build\intermediate\RestaurantPOS14.CSharp\RestaurantPOS14.csproj]
L:\New Restauraunt Pos\build\intermediate\RestaurantPOS14.CSharp\RestaurantPOS14\frmModifiersList.cs(92,17): warning CS0169: The field 'frmModifiersList.num1' is never used [L:\New Restauraunt Pos\build\intermediate\RestaurantPOS14.CSharp\RestaurantPOS14.csproj]
L:\New Restauraunt Pos\build\intermediate\RestaurantPOS14.CSharp\RestaurantPOS14\frmTestDualDisplay.cs(20,21): warning CS0649: Field 'frmTestDualDisplay.components' is never assigned to, and will always have its default value null [L:\New Restauraunt Pos\build\intermediate\RestaurantPOS14.CSharp\RestaurantPOS14.csproj]
L:\New Restauraunt Pos\build\intermediate\RestaurantPOS14.CSharp\RestaurantPOS14\frmPurchaseEntry.cs(321,18): warning CS0169: The field 'frmPurchaseEntry.num11' is never used [L:\New Restauraunt Pos\build\intermediate\RestaurantPOS14.CSharp\RestaurantPOS14.csproj]
L:\New Restauraunt Pos\build\intermediate\RestaurantPOS14.CSharp\RestaurantPOS14\frmFreeToppingsList.cs(73,21): warning CS0649: Field 'frmFreeToppingsList.components' is never assigned to, and will always have its default value null [L:\New Restauraunt Pos\build\intermediate\RestaurantPOS14.CSharp\RestaurantPOS14.csproj]
L:\New Restauraunt Pos\build\intermediate\RestaurantPOS14.CSharp\RestaurantPOS14\frmStockOUT_RM.cs(52,21): warning CS0649: Field 'frmStockOUT_RM.components' is never assigned to, and will always have its default value null [L:\New Restauraunt Pos\build\intermediate\RestaurantPOS14.CSharp\RestaurantPOS14.csproj]
L:\New Restauraunt Pos\build\intermediate\RestaurantPOS14.CSharp\RestaurantPOS14\frmFreeToppingsList.cs(67,17): warning CS0169: The field 'frmFreeToppingsList.num5' is never used [L:\New Restauraunt Pos\build\intermediate\RestaurantPOS14.CSharp\RestaurantPOS14.csproj]
L:\New Restauraunt Pos\build\intermediate\RestaurantPOS14.CSharp\RestaurantPOS14\frmMember.cs(115,21): warning CS0649: Field 'frmMember.components' is never assigned to, and will always have its default value null [L:\New Restauraunt Pos\build\intermediate\RestaurantPOS14.CSharp\RestaurantPOS14.csproj]
L:\New Restauraunt Pos\build\intermediate\RestaurantPOS14.CSharp\RestaurantPOS14\frmCreditCustomerLedger.cs(115,17): warning CS0169: The field 'frmCreditCustomerLedger.b' is never used [L:\New Restauraunt Pos\build\intermediate\RestaurantPOS14.CSharp\RestaurantPOS14.csproj]
L:\New Restauraunt Pos\build\intermediate\RestaurantPOS14.CSharp\RestaurantPOS14\frmRestaurantMaster.cs(229,21): warning CS0649: Field 'frmRestaurantMaster.components' is never assigned to, and will always have its default value null [L:\New Restauraunt Pos\build\intermediate\RestaurantPOS14.CSharp\RestaurantPOS14.csproj]
L:\New Restauraunt Pos\build\intermediate\RestaurantPOS14.CSharp\RestaurantPOS14\frmModifiersList.cs(96,17): warning CS0169: The field 'frmModifiersList.num3' is never used [L:\New Restauraunt Pos\build\intermediate\RestaurantPOS14.CSharp\RestaurantPOS14.csproj]
L:\New Restauraunt Pos\build\intermediate\RestaurantPOS14.CSharp\RestaurantPOS14\frmPOS.cs(2331,17): warning CS0169: The field 'frmPOS.variable1' is never used [L:\New Restauraunt Pos\build\intermediate\RestaurantPOS14.CSharp\RestaurantPOS14.csproj]
L:\New Restauraunt Pos\build\intermediate\RestaurantPOS14.CSharp\RestaurantPOS14\frmPizzaModifiersList_AutoPopUp.cs(20,37): warning CS0649: Field 'frmPizzaModifiersList_AutoPopUp.__ENCList' is never assigned to, and will always have its default value null [L:\New Restauraunt Pos\build\intermediate\RestaurantPOS14.CSharp\RestaurantPOS14.csproj]
L:\New Restauraunt Pos\build\intermediate\RestaurantPOS14.CSharp\RestaurantPOS14\frmLogin.cs(149,17): warning CS0169: The field 'frmLogin.variable1' is never used [L:\New Restauraunt Pos\build\intermediate\RestaurantPOS14.CSharp\RestaurantPOS14.csproj]
L:\New Restauraunt Pos\build\intermediate\RestaurantPOS14.CSharp\RestaurantPOS14\frmCustomDialog16.cs(26,21): warning CS0649: Field 'frmCustomDialog16.components' is never assigned to, and will always have its default value null [L:\New Restauraunt Pos\build\intermediate\RestaurantPOS14.CSharp\RestaurantPOS14.csproj]
L:\New Restauraunt Pos\build\intermediate\RestaurantPOS14.CSharp\RestaurantPOS14\frmPayroll_MB.cs(204,17): warning CS0169: The field 'frmPayroll_MB.s2' is never used [L:\New Restauraunt Pos\build\intermediate\RestaurantPOS14.CSharp\RestaurantPOS14.csproj]
L:\New Restauraunt Pos\build\intermediate\RestaurantPOS14.CSharp\RestaurantPOS14\frmWarehouse.cs(109,21): warning CS0649: Field 'frmWarehouse.components' is never assigned to, and will always have its default value null [L:\New Restauraunt Pos\build\intermediate\RestaurantPOS14.CSharp\RestaurantPOS14.csproj]
L:\New Restauraunt Pos\build\intermediate\RestaurantPOS14.CSharp\RestaurantPOS14\frmCustomDialogX1.cs(38,21): warning CS0649: Field 'frmCustomDialogX1.components' is never assigned to, and will always have its default value null [L:\New Restauraunt Pos\build\intermediate\RestaurantPOS14.CSharp\RestaurantPOS14.csproj]
L:\New Restauraunt Pos\build\intermediate\RestaurantPOS14.CSharp\RestaurantPOS14\frmCustomDialogX2.cs(39,21): warning CS0649: Field 'frmCustomDialogX2.components' is never assigned to, and will always have its default value null [L:\New Restauraunt Pos\build\intermediate\RestaurantPOS14.CSharp\RestaurantPOS14.csproj]
L:\New Restauraunt Pos\build\intermediate\RestaurantPOS14.CSharp\RestaurantPOS14\frmCMISetting.cs(63,21): warning CS0649: Field 'frmCMISetting.components' is never assigned to, and will always have its default value null [L:\New Restauraunt Pos\build\intermediate\RestaurantPOS14.CSharp\RestaurantPOS14.csproj]
L:\New Restauraunt Pos\build\intermediate\RestaurantPOS14.CSharp\RestaurantPOS14\frmPizzaSize.cs(18,37): warning CS0649: Field 'frmPizzaSize.__ENCList' is never assigned to, and will always have its default value null [L:\New Restauraunt Pos\build\intermediate\RestaurantPOS14.CSharp\RestaurantPOS14.csproj]
L:\New Restauraunt Pos\build\intermediate\RestaurantPOS14.CSharp\RestaurantPOS14\frmToppingsList1.cs(120,17): warning CS0169: The field 'frmToppingsList1.num7' is never used [L:\New Restauraunt Pos\build\intermediate\RestaurantPOS14.CSharp\RestaurantPOS14.csproj]
L:\New Restauraunt Pos\build\intermediate\RestaurantPOS14.CSharp\RestaurantPOS14\frmSMSSetting.cs(86,21): warning CS0649: Field 'frmSMSSetting.components' is never assigned to, and will always have its default value null [L:\New Restauraunt Pos\build\intermediate\RestaurantPOS14.CSharp\RestaurantPOS14.csproj]
L:\New Restauraunt Pos\build\intermediate\RestaurantPOS14.CSharp\RestaurantPOS14\frmStockAdjustment_Warehouse_Record.cs(108,21): warning CS0649: Field 'frmStockAdjustment_Warehouse_Record.components' is never assigned to, and will always have its default value null [L:\New Restauraunt Pos\build\intermediate\RestaurantPOS14.CSharp\RestaurantPOS14.csproj]
L:\New Restauraunt Pos\build\intermediate\RestaurantPOS14.CSharp\RestaurantPOS14\frmGeneralLedger.cs(74,17): warning CS0169: The field 'frmGeneralLedger.a' is never used [L:\New Restauraunt Pos\build\intermediate\RestaurantPOS14.CSharp\RestaurantPOS14.csproj]
L:\New Restauraunt Pos\build\intermediate\RestaurantPOS14.CSharp\RestaurantPOS14\frmModifiersList_AutoPopUp.cs(86,17): warning CS0169: The field 'frmModifiersList_AutoPopUp.num6' is never used [L:\New Restauraunt Pos\build\intermediate\RestaurantPOS14.CSharp\RestaurantPOS14.csproj]
L:\New Restauraunt Pos\build\intermediate\RestaurantPOS14.CSharp\RestaurantPOS14\frmTableLayoutSettings.cs(65,21): warning CS0649: Field 'frmTableLayoutSettings.components' is never assigned to, and will always have its default value null [L:\New Restauraunt Pos\build\intermediate\RestaurantPOS14.CSharp\RestaurantPOS14.csproj]
L:\New Restauraunt Pos\build\intermediate\RestaurantPOS14.CSharp\RestaurantPOS14\frmFundTransfer.cs(220,21): warning CS0649: Field 'frmFundTransfer.components' is never assigned to, and will always have its default value null [L:\New Restauraunt Pos\build\intermediate\RestaurantPOS14.CSharp\RestaurantPOS14.csproj]
L:\New Restauraunt Pos\build\intermediate\RestaurantPOS14.CSharp\RestaurantPOS14\frmPizzaModifiersList.cs(89,17): warning CS0649: Field 'frmPizzaModifiersList.DiscountPer' is never assigned to, and will always have its default value 0 [L:\New Restauraunt Pos\build\intermediate\RestaurantPOS14.CSharp\RestaurantPOS14.csproj]
L:\New Restauraunt Pos\build\intermediate\RestaurantPOS14.CSharp\RestaurantPOS14\frmWarehouseType.cs(68,21): warning CS0649: Field 'frmWarehouseType.components' is never assigned to, and will always have its default value null [L:\New Restauraunt Pos\build\intermediate\RestaurantPOS14.CSharp\RestaurantPOS14.csproj]
L:\New Restauraunt Pos\build\intermediate\RestaurantPOS14.CSharp\RestaurantPOS14\frmChangeQty.cs(94,17): warning CS0169: The field 'frmChangeQty.variable2' is never used [L:\New Restauraunt Pos\build\intermediate\RestaurantPOS14.CSharp\RestaurantPOS14.csproj]
L:\New Restauraunt Pos\build\intermediate\RestaurantPOS14.CSharp\RestaurantPOS14\frmCustomDialog18.cs(26,21): warning CS0649: Field 'frmCustomDialog18.components' is never assigned to, and will always have its default value null [L:\New Restauraunt Pos\build\intermediate\RestaurantPOS14.CSharp\RestaurantPOS14.csproj]
L:\New Restauraunt Pos\build\intermediate\RestaurantPOS14.CSharp\RestaurantPOS14\frmTerminalSetting.cs(230,21): warning CS0649: Field 'frmTerminalSetting.components' is never assigned to, and will always have its default value null [L:\New Restauraunt Pos\build\intermediate\RestaurantPOS14.CSharp\RestaurantPOS14.csproj]
L:\New Restauraunt Pos\build\intermediate\RestaurantPOS14.CSharp\RestaurantPOS14\frmExecuteQuery.cs(38,21): warning CS0649: Field 'frmExecuteQuery.components' is never assigned to, and will always have its default value null [L:\New Restauraunt Pos\build\intermediate\RestaurantPOS14.CSharp\RestaurantPOS14.csproj]
L:\New Restauraunt Pos\build\intermediate\RestaurantPOS14.CSharp\RestaurantPOS14\frmExpenseType.cs(68,21): warning CS0649: Field 'frmExpenseType.components' is never assigned to, and will always have its default value null [L:\New Restauraunt Pos\build\intermediate\RestaurantPOS14.CSharp\RestaurantPOS14.csproj]
L:\New Restauraunt Pos\build\intermediate\RestaurantPOS14.CSharp\RestaurantPOS14\frmLoyaltySetting.cs(88,21): warning CS0649: Field 'frmLoyaltySetting.components' is never assigned to, and will always have its default value null [L:\New Restauraunt Pos\build\intermediate\RestaurantPOS14.CSharp\RestaurantPOS14.csproj]
L:\New Restauraunt Pos\build\intermediate\RestaurantPOS14.CSharp\RestaurantPOS14\frmSendBroadcastSMS.cs(60,17): warning CS0169: The field 'frmSendBroadcastSMS.st3' is never used [L:\New Restauraunt Pos\build\intermediate\RestaurantPOS14.CSharp\RestaurantPOS14.csproj]
L:\New Restauraunt Pos\build\intermediate\RestaurantPOS14.CSharp\RestaurantPOS14\frmModifiersList.cs(86,17): warning CS0169: The field 'frmModifiersList.HSTPer' is never used [L:\New Restauraunt Pos\build\intermediate\RestaurantPOS14.CSharp\RestaurantPOS14.csproj]
L:\New Restauraunt Pos\build\intermediate\RestaurantPOS14.CSharp\RestaurantPOS14\frmDelete.cs(21,21): warning CS0649: Field 'frmDelete.components' is never assigned to, and will always have its default value null [L:\New Restauraunt Pos\build\intermediate\RestaurantPOS14.CSharp\RestaurantPOS14.csproj]
L:\New Restauraunt Pos\build\intermediate\RestaurantPOS14.CSharp\RestaurantPOS14\frmCustomDialog11.cs(26,21): warning CS0649: Field 'frmCustomDialog11.components' is never assigned to, and will always have its default value null [L:\New Restauraunt Pos\build\intermediate\RestaurantPOS14.CSharp\RestaurantPOS14.csproj]
L:\New Restauraunt Pos\build\intermediate\RestaurantPOS14.CSharp\RestaurantPOS14\frmCustomDialog12.cs(26,21): warning CS0649: Field 'frmCustomDialog12.components' is never assigned to, and will always have its default value null [L:\New Restauraunt Pos\build\intermediate\RestaurantPOS14.CSharp\RestaurantPOS14.csproj]
L:\New Restauraunt Pos\build\intermediate\RestaurantPOS14.CSharp\RestaurantPOS14\frmBankAccountStatements.cs(91,18): warning CS0169: The field 'frmBankAccountStatements.b' is never used [L:\New Restauraunt Pos\build\intermediate\RestaurantPOS14.CSharp\RestaurantPOS14.csproj]
L:\New Restauraunt Pos\build\intermediate\RestaurantPOS14.CSharp\RestaurantPOS14\frmStockAdjustment.cs(33,21): warning CS0649: Field 'frmStockAdjustment.components' is never assigned to, and will always have its default value null [L:\New Restauraunt Pos\build\intermediate\RestaurantPOS14.CSharp\RestaurantPOS14.csproj]
L:\New Restauraunt Pos\build\intermediate\RestaurantPOS14.CSharp\RestaurantPOS14\frmCustomDialogWS.cs(23,21): warning CS0649: Field 'frmCustomDialogWS.components' is never assigned to, and will always have its default value null [L:\New Restauraunt Pos\build\intermediate\RestaurantPOS14.CSharp\RestaurantPOS14.csproj]
L:\New Restauraunt Pos\build\intermediate\RestaurantPOS14.CSharp\RestaurantPOS14\frmPizzaModifiersList.cs(85,23): warning CS0649: Field 'frmPizzaModifiersList.UserButtons' is never assigned to, and will always have its default value null [L:\New Restauraunt Pos\build\intermediate\RestaurantPOS14.CSharp\RestaurantPOS14.csproj]
L:\New Restauraunt Pos\build\intermediate\RestaurantPOS14.CSharp\RestaurantPOS14\frmModifiersList_AutoPopUp.cs(80,17): warning CS0169: The field 'frmModifiersList_AutoPopUp.num3' is never used [L:\New Restauraunt Pos\build\intermediate\RestaurantPOS14.CSharp\RestaurantPOS14.csproj]
L:\New Restauraunt Pos\build\intermediate\RestaurantPOS14.CSharp\RestaurantPOS14\frmBillSplit.cs(361,17): warning CS0169: The field 'frmBillSplit.s3' is never used [L:\New Restauraunt Pos\build\intermediate\RestaurantPOS14.CSharp\RestaurantPOS14.csproj]
L:\New Restauraunt Pos\build\intermediate\RestaurantPOS14.CSharp\RestaurantPOS14\frmLoyaltyCardMemberLedger.cs(104,17): warning CS0169: The field 'frmLoyaltyCardMemberLedger.c' is never used [L:\New Restauraunt Pos\build\intermediate\RestaurantPOS14.CSharp\RestaurantPOS14.csproj]
L:\New Restauraunt Pos\build\intermediate\RestaurantPOS14.CSharp\RestaurantPOS14\frmModifiersList.cs(94,17): warning CS0169: The field 'frmModifiersList.num2' is never used [L:\New Restauraunt Pos\build\intermediate\RestaurantPOS14.CSharp\RestaurantPOS14.csproj]
L:\New Restauraunt Pos\build\intermediate\RestaurantPOS14.CSharp\RestaurantPOS14\frmPurchaseOrderRecord.cs(123,21): warning CS0649: Field 'frmPurchaseOrderRecord.components' is never assigned to, and will always have its default value null [L:\New Restauraunt Pos\build\intermediate\RestaurantPOS14.CSharp\RestaurantPOS14.csproj]
L:\New Restauraunt Pos\build\intermediate\RestaurantPOS14.CSharp\RestaurantPOS14\frmEnterQty.cs(95,17): warning CS0169: The field 'frmEnterQty.variable2' is never used [L:\New Restauraunt Pos\build\intermediate\RestaurantPOS14.CSharp\RestaurantPOS14.csproj]
L:\New Restauraunt Pos\build\intermediate\RestaurantPOS14.CSharp\RestaurantPOS14\frmStockAdjustment_MI_Record.cs(96,21): warning CS0649: Field 'frmStockAdjustment_MI_Record.components' is never assigned to, and will always have its default value null [L:\New Restauraunt Pos\build\intermediate\RestaurantPOS14.CSharp\RestaurantPOS14.csproj]
L:\New Restauraunt Pos\build\intermediate\RestaurantPOS14.CSharp\RestaurantPOS14\frmPizzaModifiersList.cs(109,17): warning CS0169: The field 'frmPizzaModifiersList.num5' is never used [L:\New Restauraunt Pos\build\intermediate\RestaurantPOS14.CSharp\RestaurantPOS14.csproj]
L:\New Restauraunt Pos\build\intermediate\RestaurantPOS14.CSharp\RestaurantPOS14\ModClasses.cs(44,26): warning CS0649: Field 'ModClasses.dtable4' is never assigned to, and will always have its default value null [L:\New Restauraunt Pos\build\intermediate\RestaurantPOS14.CSharp\RestaurantPOS14.csproj]
L:\New Restauraunt Pos\build\intermediate\RestaurantPOS14.CSharp\RestaurantPOS14\frmStockAdjustment_Store_Record.cs(105,21): warning CS0649: Field 'frmStockAdjustment_Store_Record.components' is never assigned to, and will always have its default value null [L:\New Restauraunt Pos\build\intermediate\RestaurantPOS14.CSharp\RestaurantPOS14.csproj]
L:\New Restauraunt Pos\build\intermediate\RestaurantPOS14.CSharp\RestaurantPOS14\frmModifiersList.cs(90,17): warning CS0169: The field 'frmModifiersList.TotalAmount' is never used [L:\New Restauraunt Pos\build\intermediate\RestaurantPOS14.CSharp\RestaurantPOS14.csproj]
L:\New Restauraunt Pos\build\intermediate\RestaurantPOS14.CSharp\RestaurantPOS14\frmNotes1.cs(54,21): warning CS0649: Field 'frmNotes1.components' is never assigned to, and will always have its default value null [L:\New Restauraunt Pos\build\intermediate\RestaurantPOS14.CSharp\RestaurantPOS14.csproj]
L:\New Restauraunt Pos\build\intermediate\RestaurantPOS14.CSharp\RestaurantPOS14\frmMpesaSetting.cs(70,21): warning CS0649: Field 'frmMpesaSetting.components' is never assigned to, and will always have its default value null [L:\New Restauraunt Pos\build\intermediate\RestaurantPOS14.CSharp\RestaurantPOS14.csproj]
L:\New Restauraunt Pos\build\intermediate\RestaurantPOS14.CSharp\RestaurantPOS14\frmProductRecord.cs(105,21): warning CS0649: Field 'frmProductRecord.components' is never assigned to, and will always have its default value null [L:\New Restauraunt Pos\build\intermediate\RestaurantPOS14.CSharp\RestaurantPOS14.csproj]
L:\New Restauraunt Pos\build\intermediate\RestaurantPOS14.CSharp\RestaurantPOS14\frmPizzasExportImport.cs(21,37): warning CS0649: Field 'frmPizzasExportImport.__ENCList' is never assigned to, and will always have its default value null [L:\New Restauraunt Pos\build\intermediate\RestaurantPOS14.CSharp\RestaurantPOS14.csproj]
L:\New Restauraunt Pos\build\intermediate\RestaurantPOS14.CSharp\RestaurantPOS14\frmEmployeeRegistration.cs(135,21): warning CS0649: Field 'frmEmployeeRegistration.components' is never assigned to, and will always have its default value null [L:\New Restauraunt Pos\build\intermediate\RestaurantPOS14.CSharp\RestaurantPOS14.csproj]
L:\New Restauraunt Pos\build\intermediate\RestaurantPOS14.CSharp\RestaurantPOS14\frmItemsTransfer.cs(185,17): warning CS0169: The field 'frmItemsTransfer.num3' is never used [L:\New Restauraunt Pos\build\intermediate\RestaurantPOS14.CSharp\RestaurantPOS14.csproj]
L:\New Restauraunt Pos\build\intermediate\RestaurantPOS14.CSharp\RestaurantPOS14\frmPizzaModifiersList_AutoPopUp.cs(85,23): warning CS0649: Field 'frmPizzaModifiersList_AutoPopUp.UserButtons' is never assigned to, and will always have its default value null [L:\New Restauraunt Pos\build\intermediate\RestaurantPOS14.CSharp\RestaurantPOS14.csproj]
L:\New Restauraunt Pos\build\intermediate\RestaurantPOS14.CSharp\RestaurantPOS14\frmStockInRecord.cs(86,21): warning CS0649: Field 'frmStockInRecord.components' is never assigned to, and will always have its default value null [L:\New Restauraunt Pos\build\intermediate\RestaurantPOS14.CSharp\RestaurantPOS14.csproj]
L:\New Restauraunt Pos\build\intermediate\RestaurantPOS14.CSharp\RestaurantPOS14\frmRecipeRecord.cs(65,21): warning CS0649: Field 'frmRecipeRecord.components' is never assigned to, and will always have its default value null [L:\New Restauraunt Pos\build\intermediate\RestaurantPOS14.CSharp\RestaurantPOS14.csproj]
L:\New Restauraunt Pos\build\intermediate\RestaurantPOS14.CSharp\RestaurantPOS14\frmModifiersList.cs(104,17): warning CS0169: The field 'frmModifiersList.num7' is never used [L:\New Restauraunt Pos\build\intermediate\RestaurantPOS14.CSharp\RestaurantPOS14.csproj]
L:\New Restauraunt Pos\build\intermediate\RestaurantPOS14.CSharp\RestaurantPOS14\frmPaymentRecord.cs(114,18): warning CS0169: The field 'frmPaymentRecord.num2' is never used [L:\New Restauraunt Pos\build\intermediate\RestaurantPOS14.CSharp\RestaurantPOS14.csproj]
L:\New Restauraunt Pos\build\intermediate\RestaurantPOS14.CSharp\RestaurantPOS14\frmPOS.cs(2381,17): warning CS0169: The field 'frmPOS.strCreditCustomerName' is never used [L:\New Restauraunt Pos\build\intermediate\RestaurantPOS14.CSharp\RestaurantPOS14.csproj]
L:\New Restauraunt Pos\build\intermediate\RestaurantPOS14.CSharp\RestaurantPOS14\frmBankAccountStatements.cs(97,18): warning CS0169: The field 'frmBankAccountStatements.f' is never used [L:\New Restauraunt Pos\build\intermediate\RestaurantPOS14.CSharp\RestaurantPOS14.csproj]
L:\New Restauraunt Pos\build\intermediate\RestaurantPOS14.CSharp\RestaurantPOS14\frmGeneralLedger.cs(76,17): warning CS0169: The field 'frmGeneralLedger.b' is never used [L:\New Restauraunt Pos\build\intermediate\RestaurantPOS14.CSharp\RestaurantPOS14.csproj]
L:\New Restauraunt Pos\build\intermediate\RestaurantPOS14.CSharp\RestaurantPOS14\frmKDS.cs(77,17): warning CS0169: The field 'frmKDS.s1' is never used [L:\New Restauraunt Pos\build\intermediate\RestaurantPOS14.CSharp\RestaurantPOS14.csproj]
L:\New Restauraunt Pos\build\intermediate\RestaurantPOS14.CSharp\RestaurantPOS14\frmBankAccountStatements.cs(89,18): warning CS0169: The field 'frmBankAccountStatements.a' is never used [L:\New Restauraunt Pos\build\intermediate\RestaurantPOS14.CSharp\RestaurantPOS14.csproj]
L:\New Restauraunt Pos\build\intermediate\RestaurantPOS14.CSharp\RestaurantPOS14\frmCustomersRecord.cs(89,21): warning CS0649: Field 'frmCustomersRecord.components' is never assigned to, and will always have its default value null [L:\New Restauraunt Pos\build\intermediate\RestaurantPOS14.CSharp\RestaurantPOS14.csproj]
L:\New Restauraunt Pos\build\intermediate\RestaurantPOS14.CSharp\RestaurantPOS14\frmSMSSetting.cs(84,17): warning CS0169: The field 'frmSMSSetting.st3' is never used [L:\New Restauraunt Pos\build\intermediate\RestaurantPOS14.CSharp\RestaurantPOS14.csproj]
L:\New Restauraunt Pos\build\intermediate\RestaurantPOS14.CSharp\RestaurantPOS14\frmCustomDialog3.cs(26,21): warning CS0649: Field 'frmCustomDialog3.components' is never assigned to, and will always have its default value null [L:\New Restauraunt Pos\build\intermediate\RestaurantPOS14.CSharp\RestaurantPOS14.csproj]
L:\New Restauraunt Pos\build\intermediate\RestaurantPOS14.CSharp\RestaurantPOS14\frmCustomDialog4.cs(26,21): warning CS0649: Field 'frmCustomDialog4.components' is never assigned to, and will always have its default value null [L:\New Restauraunt Pos\build\intermediate\RestaurantPOS14.CSharp\RestaurantPOS14.csproj]
L:\New Restauraunt Pos\build\intermediate\RestaurantPOS14.CSharp\RestaurantPOS14\frmBankAccountStatements.cs(103,18): warning CS0169: The field 'frmBankAccountStatements.i' is never used [L:\New Restauraunt Pos\build\intermediate\RestaurantPOS14.CSharp\RestaurantPOS14.csproj]
L:\New Restauraunt Pos\build\intermediate\RestaurantPOS14.CSharp\RestaurantPOS14\frmPizzaModifiersList_AutoPopUp.cs(109,17): warning CS0169: The field 'frmPizzaModifiersList_AutoPopUp.num5' is never used [L:\New Restauraunt Pos\build\intermediate\RestaurantPOS14.CSharp\RestaurantPOS14.csproj]
L:\New Restauraunt Pos\build\intermediate\RestaurantPOS14.CSharp\RestaurantPOS14\frmBarcodeLabelPrinting.cs(90,17): warning CS0169: The field 'frmBarcodeLabelPrinting.st' is never used [L:\New Restauraunt Pos\build\intermediate\RestaurantPOS14.CSharp\RestaurantPOS14.csproj]
L:\New Restauraunt Pos\build\intermediate\RestaurantPOS14.CSharp\RestaurantPOS14\frmModifiersList_AutoPopUp.cs(76,17): warning CS0169: The field 'frmModifiersList_AutoPopUp.num1' is never used [L:\New Restauraunt Pos\build\intermediate\RestaurantPOS14.CSharp\RestaurantPOS14.csproj]
L:\New Restauraunt Pos\build\intermediate\RestaurantPOS14.CSharp\RestaurantPOS14\frmCustomDialog1.cs(26,21): warning CS0649: Field 'frmCustomDialog1.components' is never assigned to, and will always have its default value null [L:\New Restauraunt Pos\build\intermediate\RestaurantPOS14.CSharp\RestaurantPOS14.csproj]
L:\New Restauraunt Pos\build\intermediate\RestaurantPOS14.CSharp\RestaurantPOS14\frmStock_StoreRecord.cs(75,21): warning CS0649: Field 'frmStock_StoreRecord.components' is never assigned to, and will always have its default value null [L:\New Restauraunt Pos\build\intermediate\RestaurantPOS14.CSharp\RestaurantPOS14.csproj]
L:\New Restauraunt Pos\build\intermediate\RestaurantPOS14.CSharp\RestaurantPOS14\frmNotesMaster.cs(68,21): warning CS0649: Field 'frmNotesMaster.components' is never assigned to, and will always have its default value null [L:\New Restauraunt Pos\build\intermediate\RestaurantPOS14.CSharp\RestaurantPOS14.csproj]
L:\New Restauraunt Pos\build\intermediate\RestaurantPOS14.CSharp\RestaurantPOS14\frmRefundMoney.cs(111,21): warning CS0649: Field 'frmRefundMoney.components' is never assigned to, and will always have its default value null [L:\New Restauraunt Pos\build\intermediate\RestaurantPOS14.CSharp\RestaurantPOS14.csproj]
L:\New Restauraunt Pos\build\intermediate\RestaurantPOS14.CSharp\RestaurantPOS14\frmCustomDialog5.cs(26,21): warning CS0649: Field 'frmCustomDialog5.components' is never assigned to, and will always have its default value null [L:\New Restauraunt Pos\build\intermediate\RestaurantPOS14.CSharp\RestaurantPOS14.csproj]
L:\New Restauraunt Pos\build\intermediate\RestaurantPOS14.CSharp\RestaurantPOS14\frmChangeQty.cs(92,17): warning CS0169: The field 'frmChangeQty.variable1' is never used [L:\New Restauraunt Pos\build\intermediate\RestaurantPOS14.CSharp\RestaurantPOS14.csproj]
L:\New Restauraunt Pos\build\intermediate\RestaurantPOS14.CSharp\RestaurantPOS14\frmPizzaPOS.cs(180,17): warning CS0169: The field 'frmPizzaPOS.num5' is never used [L:\New Restauraunt Pos\build\intermediate\RestaurantPOS14.CSharp\RestaurantPOS14.csproj]
L:\New Restauraunt Pos\build\intermediate\RestaurantPOS14.CSharp\RestaurantPOS14\frmMenuItemsCategory.cs(121,21): warning CS0649: Field 'frmMenuItemsCategory.components' is never assigned to, and will always have its default value null [L:\New Restauraunt Pos\build\intermediate\RestaurantPOS14.CSharp\RestaurantPOS14.csproj]
L:\New Restauraunt Pos\build\intermediate\RestaurantPOS14.CSharp\RestaurantPOS14\frmPayroll_MBRecord.cs(75,21): warning CS0649: Field 'frmPayroll_MBRecord.components' is never assigned to, and will always have its default value null [L:\New Restauraunt Pos\build\intermediate\RestaurantPOS14.CSharp\RestaurantPOS14.csproj]
L:\New Restauraunt Pos\build\intermediate\RestaurantPOS14.CSharp\RestaurantPOS14\frmLoyaltyMember.cs(125,21): warning CS0649: Field 'frmLoyaltyMember.components' is never assigned to, and will always have its default value null [L:\New Restauraunt Pos\build\intermediate\RestaurantPOS14.CSharp\RestaurantPOS14.csproj]
L:\New Restauraunt Pos\build\intermediate\RestaurantPOS14.CSharp\RestaurantPOS14\frmPizzaToppings.cs(20,37): warning CS0649: Field 'frmPizzaToppings.__ENCList' is never assigned to, and will always have its default value null [L:\New Restauraunt Pos\build\intermediate\RestaurantPOS14.CSharp\RestaurantPOS14.csproj]
L:\New Restauraunt Pos\build\intermediate\RestaurantPOS14.CSharp\RestaurantPOS14\frmPurchaseEntry.cs(299,17): warning CS0169: The field 'frmPurchaseEntry.OBtype' is never used [L:\New Restauraunt Pos\build\intermediate\RestaurantPOS14.CSharp\RestaurantPOS14.csproj]
L:\New Restauraunt Pos\build\intermediate\RestaurantPOS14.CSharp\RestaurantPOS14\frmOthersSetting.cs(236,21): warning CS0649: Field 'frmOthersSetting.components' is never assigned to, and will always have its default value null [L:\New Restauraunt Pos\build\intermediate\RestaurantPOS14.CSharp\RestaurantPOS14.csproj]
L:\New Restauraunt Pos\build\intermediate\RestaurantPOS14.CSharp\RestaurantPOS14\frmTableLayout.cs(40,21): warning CS0649: Field 'frmTableLayout.components' is never assigned to, and will always have its default value null [L:\New Restauraunt Pos\build\intermediate\RestaurantPOS14.CSharp\RestaurantPOS14.csproj]
L:\New Restauraunt Pos\build\intermediate\RestaurantPOS14.CSharp\RestaurantPOS14\frmItemsTransfer.cs(197,21): warning CS0649: Field 'frmItemsTransfer.components' is never assigned to, and will always have its default value null [L:\New Restauraunt Pos\build\intermediate\RestaurantPOS14.CSharp\RestaurantPOS14.csproj]
L:\New Restauraunt Pos\build\intermediate\RestaurantPOS14.CSharp\RestaurantPOS14\frmOrderedItemDetails.cs(59,21): warning CS0649: Field 'frmOrderedItemDetails.components' is never assigned to, and will always have its default value null [L:\New Restauraunt Pos\build\intermediate\RestaurantPOS14.CSharp\RestaurantPOS14.csproj]
L:\New Restauraunt Pos\build\intermediate\RestaurantPOS14.CSharp\RestaurantPOS14\frmPurchaseOrder.cs(256,18): warning CS0169: The field 'frmPurchaseOrder.num8' is never used [L:\New Restauraunt Pos\build\intermediate\RestaurantPOS14.CSharp\RestaurantPOS14.csproj]
L:\New Restauraunt Pos\build\intermediate\RestaurantPOS14.CSharp\RestaurantPOS14\frmPayroll_HB.cs(204,17): warning CS0169: The field 'frmPayroll_HB.s2' is never used [L:\New Restauraunt Pos\build\intermediate\RestaurantPOS14.CSharp\RestaurantPOS14.csproj]
L:\New Restauraunt Pos\build\intermediate\RestaurantPOS14.CSharp\RestaurantPOS14\frmPOS.cs(2317,17): warning CS0169: The field 'frmPOS.Filename' is never used [L:\New Restauraunt Pos\build\intermediate\RestaurantPOS14.CSharp\RestaurantPOS14.csproj]
L:\New Restauraunt Pos\build\intermediate\RestaurantPOS14.CSharp\RestaurantPOS14\frmPaymentRecord.cs(112,18): warning CS0169: The field 'frmPaymentRecord.num1' is never used [L:\New Restauraunt Pos\build\intermediate\RestaurantPOS14.CSharp\RestaurantPOS14.csproj]
L:\New Restauraunt Pos\build\intermediate\RestaurantPOS14.CSharp\RestaurantPOS14\frmCustomDialog2.cs(26,21): warning CS0649: Field 'frmCustomDialog2.components' is never assigned to, and will always have its default value null [L:\New Restauraunt Pos\build\intermediate\RestaurantPOS14.CSharp\RestaurantPOS14.csproj]
L:\New Restauraunt Pos\build\intermediate\RestaurantPOS14.CSharp\RestaurantPOS14\frmBankAccountStatements.cs(93,18): warning CS0169: The field 'frmBankAccountStatements.c' is never used [L:\New Restauraunt Pos\build\intermediate\RestaurantPOS14.CSharp\RestaurantPOS14.csproj]
L:\New Restauraunt Pos\build\intermediate\RestaurantPOS14.CSharp\RestaurantPOS14\frmBillSplit.cs(383,17): warning CS0169: The field 'frmBillSplit.num7' is never used [L:\New Restauraunt Pos\build\intermediate\RestaurantPOS14.CSharp\RestaurantPOS14.csproj]
L:\New Restauraunt Pos\build\intermediate\RestaurantPOS14.CSharp\RestaurantPOS14\frmLoyaltySetting.cs(86,17): warning CS0169: The field 'frmLoyaltySetting.st1' is never used [L:\New Restauraunt Pos\build\intermediate\RestaurantPOS14.CSharp\RestaurantPOS14.csproj]
L:\New Restauraunt Pos\build\intermediate\RestaurantPOS14.CSharp\RestaurantPOS14\frmCustomer.cs(111,21): warning CS0649: Field 'frmCustomer.components' is never assigned to, and will always have its default value null [L:\New Restauraunt Pos\build\intermediate\RestaurantPOS14.CSharp\RestaurantPOS14.csproj]
L:\New Restauraunt Pos\build\intermediate\RestaurantPOS14.CSharp\RestaurantPOS14\frmExpense.cs(91,21): warning CS0649: Field 'frmExpense.components' is never assigned to, and will always have its default value null [L:\New Restauraunt Pos\build\intermediate\RestaurantPOS14.CSharp\RestaurantPOS14.csproj]
L:\New Restauraunt Pos\build\intermediate\RestaurantPOS14.CSharp\RestaurantPOS14\frmPayrollRecord_HB.cs(75,21): warning CS0649: Field 'frmPayrollRecord_HB.components' is never assigned to, and will always have its default value null [L:\New Restauraunt Pos\build\intermediate\RestaurantPOS14.CSharp\RestaurantPOS14.csproj]
L:\New Restauraunt Pos\build\intermediate\RestaurantPOS14.CSharp\RestaurantPOS14\frmCustomDialog7.cs(26,21): warning CS0649: Field 'frmCustomDialog7.components' is never assigned to, and will always have its default value null [L:\New Restauraunt Pos\build\intermediate\RestaurantPOS14.CSharp\RestaurantPOS14.csproj]
L:\New Restauraunt Pos\build\intermediate\RestaurantPOS14.CSharp\RestaurantPOS14\frmPOS.cs(2437,17): warning CS0169: The field 'frmPOS.M13' is never used [L:\New Restauraunt Pos\build\intermediate\RestaurantPOS14.CSharp\RestaurantPOS14.csproj]
L:\New Restauraunt Pos\build\intermediate\RestaurantPOS14.CSharp\RestaurantPOS14\frmModifiersList_AutoPopUp.cs(62,17): warning CS0169: The field 'frmModifiersList_AutoPopUp.Rate' is never used [L:\New Restauraunt Pos\build\intermediate\RestaurantPOS14.CSharp\RestaurantPOS14.csproj]
L:\New Restauraunt Pos\build\intermediate\RestaurantPOS14.CSharp\RestaurantPOS14\frmCustomDialog4X.cs(26,21): warning CS0649: Field 'frmCustomDialog4X.components' is never assigned to, and will always have its default value null [L:\New Restauraunt Pos\build\intermediate\RestaurantPOS14.CSharp\RestaurantPOS14.csproj]
L:\New Restauraunt Pos\build\intermediate\RestaurantPOS14.CSharp\RestaurantPOS14\frmPizzaToppingsExportImport.cs(21,37): warning CS0649: Field 'frmPizzaToppingsExportImport.__ENCList' is never assigned to, and will always have its default value null [L:\New Restauraunt Pos\build\intermediate\RestaurantPOS14.CSharp\RestaurantPOS14.csproj]
L:\New Restauraunt Pos\build\intermediate\RestaurantPOS14.CSharp\RestaurantPOS14\frmPayment.cs(174,18): warning CS0169: The field 'frmPayment.num3' is never used [L:\New Restauraunt Pos\build\intermediate\RestaurantPOS14.CSharp\RestaurantPOS14.csproj]
L:\New Restauraunt Pos\build\intermediate\RestaurantPOS14.CSharp\RestaurantPOS14\frmRegistration.cs(179,21): warning CS0649: Field 'frmRegistration.components' is never assigned to, and will always have its default value null [L:\New Restauraunt Pos\build\intermediate\RestaurantPOS14.CSharp\RestaurantPOS14.csproj]
L:\New Restauraunt Pos\build\intermediate\RestaurantPOS14.CSharp\RestaurantPOS14\frmModifiersList_AutoPopUp.cs(88,17): warning CS0169: The field 'frmModifiersList_AutoPopUp.num7' is never used [L:\New Restauraunt Pos\build\intermediate\RestaurantPOS14.CSharp\RestaurantPOS14.csproj]
L:\New Restauraunt Pos\build\intermediate\RestaurantPOS14.CSharp\RestaurantPOS14\frmItemsTransfer.cs(187,17): warning CS0169: The field 'frmItemsTransfer.num4' is never used [L:\New Restauraunt Pos\build\intermediate\RestaurantPOS14.CSharp\RestaurantPOS14.csproj]
L:\New Restauraunt Pos\build\intermediate\RestaurantPOS14.CSharp\RestaurantPOS14\frmPizzaPOS.cs(184,17): warning CS0169: The field 'frmPizzaPOS.num7' is never used [L:\New Restauraunt Pos\build\intermediate\RestaurantPOS14.CSharp\RestaurantPOS14.csproj]
L:\New Restauraunt Pos\build\intermediate\RestaurantPOS14.CSharp\RestaurantPOS14\ModClasses.cs(34,31): warning CS0649: Field 'ModClasses.adp4' is never assigned to, and will always have its default value null [L:\New Restauraunt Pos\build\intermediate\RestaurantPOS14.CSharp\RestaurantPOS14.csproj]
L:\New Restauraunt Pos\build\intermediate\RestaurantPOS14.CSharp\RestaurantPOS14\ModClasses.cs(32,31): warning CS0649: Field 'ModClasses.adp3' is never assigned to, and will always have its default value null [L:\New Restauraunt Pos\build\intermediate\RestaurantPOS14.CSharp\RestaurantPOS14.csproj]
L:\New Restauraunt Pos\build\intermediate\RestaurantPOS14.CSharp\RestaurantPOS14\frmTableList.cs(45,21): warning CS0649: Field 'frmTableList.components' is never assigned to, and will always have its default value null [L:\New Restauraunt Pos\build\intermediate\RestaurantPOS14.CSharp\RestaurantPOS14.csproj]
L:\New Restauraunt Pos\build\intermediate\RestaurantPOS14.CSharp\RestaurantPOS14\frmModifiersList_AutoPopUp.cs(78,17): warning CS0169: The field 'frmModifiersList_AutoPopUp.num2' is never used [L:\New Restauraunt Pos\build\intermediate\RestaurantPOS14.CSharp\RestaurantPOS14.csproj]
L:\New Restauraunt Pos\build\intermediate\RestaurantPOS14.CSharp\RestaurantPOS14\frmModifiersList.cs(84,17): warning CS0169: The field 'frmModifiersList.Discount' is never used [L:\New Restauraunt Pos\build\intermediate\RestaurantPOS14.CSharp\RestaurantPOS14.csproj]
L:\New Restauraunt Pos\build\intermediate\RestaurantPOS14.CSharp\RestaurantPOS14\frmCustomDialog20.cs(26,21): warning CS0649: Field 'frmCustomDialog20.components' is never assigned to, and will always have its default value null [L:\New Restauraunt Pos\build\intermediate\RestaurantPOS14.CSharp\RestaurantPOS14.csproj]
L:\New Restauraunt Pos\build\intermediate\RestaurantPOS14.CSharp\RestaurantPOS14\frmToppingsList.cs(121,17): warning CS0169: The field 'frmToppingsList.num7' is never used [L:\New Restauraunt Pos\build\intermediate\RestaurantPOS14.CSharp\RestaurantPOS14.csproj]
L:\New Restauraunt Pos\build\intermediate\RestaurantPOS14.CSharp\RestaurantPOS14\frmHDStatus.cs(44,21): warning CS0649: Field 'frmHDStatus.components' is never assigned to, and will always have its default value null [L:\New Restauraunt Pos\build\intermediate\RestaurantPOS14.CSharp\RestaurantPOS14.csproj]
L:\New Restauraunt Pos\build\intermediate\RestaurantPOS14.CSharp\RestaurantPOS14\frmLoyaltyCardMemberLedger.cs(102,17): warning CS0169: The field 'frmLoyaltyCardMemberLedger.b' is never used [L:\New Restauraunt Pos\build\intermediate\RestaurantPOS14.CSharp\RestaurantPOS14.csproj]
L:\New Restauraunt Pos\build\intermediate\RestaurantPOS14.CSharp\RestaurantPOS14\frmMemberLedger.cs(104,17): warning CS0169: The field 'frmMemberLedger.c' is never used [L:\New Restauraunt Pos\build\intermediate\RestaurantPOS14.CSharp\RestaurantPOS14.csproj]
L:\New Restauraunt Pos\build\intermediate\RestaurantPOS14.CSharp\RestaurantPOS14\frmWaiterList.cs(36,21): warning CS0649: Field 'frmWaiterList.components' is never assigned to, and will always have its default value null [L:\New Restauraunt Pos\build\intermediate\RestaurantPOS14.CSharp\RestaurantPOS14.csproj]
L:\New Restauraunt Pos\build\intermediate\RestaurantPOS14.CSharp\RestaurantPOS14\frmPOS.cs(2363,17): warning CS0169: The field 'frmPOS.str1' is never used [L:\New Restauraunt Pos\build\intermediate\RestaurantPOS14.CSharp\RestaurantPOS14.csproj]
L:\New Restauraunt Pos\build\intermediate\RestaurantPOS14.CSharp\RestaurantPOS14\frmCreditCustomerLedger.cs(117,17): warning CS0169: The field 'frmCreditCustomerLedger.c' is never used [L:\New Restauraunt Pos\build\intermediate\RestaurantPOS14.CSharp\RestaurantPOS14.csproj]
L:\New Restauraunt Pos\build\intermediate\RestaurantPOS14.CSharp\RestaurantPOS14\frmRawMaterialsUsed.cs(68,21): warning CS0649: Field 'frmRawMaterialsUsed.components' is never assigned to, and will always have its default value null [L:\New Restauraunt Pos\build\intermediate\RestaurantPOS14.CSharp\RestaurantPOS14.csproj]
L:\New Restauraunt Pos\build\intermediate\RestaurantPOS14.CSharp\RestaurantPOS14\frmBranchMaster_Bank.cs(122,21): warning CS0649: Field 'frmBranchMaster_Bank.components' is never assigned to, and will always have its default value null [L:\New Restauraunt Pos\build\intermediate\RestaurantPOS14.CSharp\RestaurantPOS14.csproj]
L:\New Restauraunt Pos\build\intermediate\RestaurantPOS14.CSharp\RestaurantPOS14\frmLowStockRecord.cs(67,21): warning CS0649: Field 'frmLowStockRecord.components' is never assigned to, and will always have its default value null [L:\New Restauraunt Pos\build\intermediate\RestaurantPOS14.CSharp\RestaurantPOS14.csproj]
L:\New Restauraunt Pos\build\intermediate\RestaurantPOS14.CSharp\RestaurantPOS14\frmFreeToppingsList.cs(71,17): warning CS0169: The field 'frmFreeToppingsList.num7' is never used [L:\New Restauraunt Pos\build\intermediate\RestaurantPOS14.CSharp\RestaurantPOS14.csproj]
L:\New Restauraunt Pos\build\intermediate\RestaurantPOS14.CSharp\RestaurantPOS14\frmCreditCustomerReceipt.cs(170,18): warning CS0169: The field 'frmCreditCustomerReceipt.num3' is never used [L:\New Restauraunt Pos\build\intermediate\RestaurantPOS14.CSharp\RestaurantPOS14.csproj]
L:\New Restauraunt Pos\build\intermediate\RestaurantPOS14.CSharp\RestaurantPOS14\frmPurchaseOrder.cs(248,18): warning CS0169: The field 'frmPurchaseOrder.num4' is never used [L:\New Restauraunt Pos\build\intermediate\RestaurantPOS14.CSharp\RestaurantPOS14.csproj]
L:\New Restauraunt Pos\build\intermediate\RestaurantPOS14.CSharp\RestaurantPOS14\frmKitchen_Section.cs(105,21): warning CS0649: Field 'frmKitchen_Section.components' is never assigned to, and will always have its default value null [L:\New Restauraunt Pos\build\intermediate\RestaurantPOS14.CSharp\RestaurantPOS14.csproj]
L:\New Restauraunt Pos\build\intermediate\RestaurantPOS14.CSharp\RestaurantPOS14\frmGiftCard.cs(98,17): warning CS0169: The field 'frmGiftCard.st1' is never used [L:\New Restauraunt Pos\build\intermediate\RestaurantPOS14.CSharp\RestaurantPOS14.csproj]
L:\New Restauraunt Pos\build\intermediate\RestaurantPOS14.CSharp\RestaurantPOS14\frmCreditCustomerRegistration.cs(146,21): warning CS0649: Field 'frmCreditCustomerRegistration.components' is never assigned to, and will always have its default value null [L:\New Restauraunt Pos\build\intermediate\RestaurantPOS14.CSharp\RestaurantPOS14.csproj]
L:\New Restauraunt Pos\build\intermediate\RestaurantPOS14.CSharp\RestaurantPOS14\ModClasses.cs(46,23): warning CS0649: Field 'ModClasses.TempFileNames2' is never assigned to, and will always have its default value null [L:\New Restauraunt Pos\build\intermediate\RestaurantPOS14.CSharp\RestaurantPOS14.csproj]
L:\New Restauraunt Pos\build\intermediate\RestaurantPOS14.CSharp\RestaurantPOS14\frmAssignedTablesList_Waiter.cs(38,21): warning CS0649: Field 'frmAssignedTablesList_Waiter.components' is never assigned to, and will always have its default value null [L:\New Restauraunt Pos\build\intermediate\RestaurantPOS14.CSharp\RestaurantPOS14.csproj]
L:\New Restauraunt Pos\build\intermediate\RestaurantPOS14.CSharp\RestaurantPOS14\frmEmailSetting.cs(121,17): warning CS0169: The field 'frmEmailSetting.st3' is never used [L:\New Restauraunt Pos\build\intermediate\RestaurantPOS14.CSharp\RestaurantPOS14.csproj]
L:\New Restauraunt Pos\build\intermediate\RestaurantPOS14.CSharp\RestaurantPOS14\frmLoyaltyCardMemberList.cs(50,21): warning CS0649: Field 'frmLoyaltyCardMemberList.components' is never assigned to, and will always have its default value null [L:\New Restauraunt Pos\build\intermediate\RestaurantPOS14.CSharp\RestaurantPOS14.csproj]
L:\New Restauraunt Pos\build\intermediate\RestaurantPOS14.CSharp\RestaurantPOS14\frmModifiersList_AutoPopUp.cs(82,17): warning CS0169: The field 'frmModifiersList_AutoPopUp.num4' is never used [L:\New Restauraunt Pos\build\intermediate\RestaurantPOS14.CSharp\RestaurantPOS14.csproj]
L:\New Restauraunt Pos\build\intermediate\RestaurantPOS14.CSharp\RestaurantPOS14\ModClasses.cs(20,27): warning CS0649: Field 'ModClasses.cmd4' is never assigned to, and will always have its default value null [L:\New Restauraunt Pos\build\intermediate\RestaurantPOS14.CSharp\RestaurantPOS14.csproj]
L:\New Restauraunt Pos\build\intermediate\RestaurantPOS14.CSharp\RestaurantPOS14\frmModifiersList.cs(82,17): warning CS0169: The field 'frmModifiersList.HST' is never used [L:\New Restauraunt Pos\build\intermediate\RestaurantPOS14.CSharp\RestaurantPOS14.csproj]
L:\New Restauraunt Pos\build\intermediate\RestaurantPOS14.CSharp\RestaurantPOS14\frmCustomDialog19.cs(26,21): warning CS0649: Field 'frmCustomDialog19.components' is never assigned to, and will always have its default value null [L:\New Restauraunt Pos\build\intermediate\RestaurantPOS14.CSharp\RestaurantPOS14.csproj]
L:\New Restauraunt Pos\build\intermediate\RestaurantPOS14.CSharp\RestaurantPOS14\ModClasses.cs(30,31): warning CS0649: Field 'ModClasses.adp2' is never assigned to, and will always have its default value null [L:\New Restauraunt Pos\build\intermediate\RestaurantPOS14.CSharp\RestaurantPOS14.csproj]
L:\New Restauraunt Pos\build\intermediate\RestaurantPOS14.CSharp\RestaurantPOS14\frmRawMaterialsCategory.cs(68,21): warning CS0649: Field 'frmRawMaterialsCategory.components' is never assigned to, and will always have its default value null [L:\New Restauraunt Pos\build\intermediate\RestaurantPOS14.CSharp\RestaurantPOS14.csproj]
L:\New Restauraunt Pos\build\intermediate\RestaurantPOS14.CSharp\RestaurantPOS14\frmOpenTicketsRecord.cs(99,21): warning CS0649: Field 'frmOpenTicketsRecord.components' is never assigned to, and will always have its default value null [L:\New Restauraunt Pos\build\intermediate\RestaurantPOS14.CSharp\RestaurantPOS14.csproj]
L:\New Restauraunt Pos\build\intermediate\RestaurantPOS14.CSharp\RestaurantPOS14\frmModifiersList.cs(80,17): warning CS0169: The field 'frmModifiersList.DiscountPer' is never used [L:\New Restauraunt Pos\build\intermediate\RestaurantPOS14.CSharp\RestaurantPOS14.csproj]
L:\New Restauraunt Pos\build\intermediate\RestaurantPOS14.CSharp\RestaurantPOS14\frmPOS.cs(2369,18): warning CS0649: Field 'frmPOS.m' is never assigned to, and will always have its default value 0 [L:\New Restauraunt Pos\build\intermediate\RestaurantPOS14.CSharp\RestaurantPOS14.csproj]
L:\New Restauraunt Pos\build\intermediate\RestaurantPOS14.CSharp\RestaurantPOS14\frmTableMapping_Waiter.cs(93,21): warning CS0649: Field 'frmTableMapping_Waiter.components' is never assigned to, and will always have its default value null [L:\New Restauraunt Pos\build\intermediate\RestaurantPOS14.CSharp\RestaurantPOS14.csproj]
L:\New Restauraunt Pos\build\intermediate\RestaurantPOS14.CSharp\RestaurantPOS14\frmPaymentRecord.cs(116,18): warning CS0169: The field 'frmPaymentRecord.num3' is never used [L:\New Restauraunt Pos\build\intermediate\RestaurantPOS14.CSharp\RestaurantPOS14.csproj]
L:\New Restauraunt Pos\build\intermediate\RestaurantPOS14.CSharp\RestaurantPOS14\frmPizzaPOS.cs(22,37): warning CS0649: Field 'frmPizzaPOS.__ENCList' is never assigned to, and will always have its default value null [L:\New Restauraunt Pos\build\intermediate\RestaurantPOS14.CSharp\RestaurantPOS14.csproj]
L:\New Restauraunt Pos\build\intermediate\RestaurantPOS14.CSharp\RestaurantPOS14\frmToppingsList1.cs(116,17): warning CS0169: The field 'frmToppingsList1.num5' is never used [L:\New Restauraunt Pos\build\intermediate\RestaurantPOS14.CSharp\RestaurantPOS14.csproj]
L:\New Restauraunt Pos\build\intermediate\RestaurantPOS14.CSharp\RestaurantPOS14\frmEmailSetting.cs(123,21): warning CS0649: Field 'frmEmailSetting.components' is never assigned to, and will always have its default value null [L:\New Restauraunt Pos\build\intermediate\RestaurantPOS14.CSharp\RestaurantPOS14.csproj]
L:\New Restauraunt Pos\build\intermediate\RestaurantPOS14.CSharp\RestaurantPOS14\frmPOS.cs(2429,17): warning CS0169: The field 'frmPOS.M9' is never used [L:\New Restauraunt Pos\build\intermediate\RestaurantPOS14.CSharp\RestaurantPOS14.csproj]
L:\New Restauraunt Pos\build\intermediate\RestaurantPOS14.CSharp\RestaurantPOS14\frmStockOUTRecord.cs(58,21): warning CS0649: Field 'frmStockOUTRecord.components' is never assigned to, and will always have its default value null [L:\New Restauraunt Pos\build\intermediate\RestaurantPOS14.CSharp\RestaurantPOS14.csproj]
L:\New Restauraunt Pos\build\intermediate\RestaurantPOS14.CSharp\RestaurantPOS14\frmPizzaMaster.cs(133,21): warning CS0649: Field 'frmPizzaMaster.components' is never assigned to, and will always have its default value null [L:\New Restauraunt Pos\build\intermediate\RestaurantPOS14.CSharp\RestaurantPOS14.csproj]
L:\New Restauraunt Pos\build\intermediate\RestaurantPOS14.CSharp\RestaurantPOS14\frmPurchaseOrder.cs(246,18): warning CS0169: The field 'frmPurchaseOrder.num3' is never used [L:\New Restauraunt Pos\build\intermediate\RestaurantPOS14.CSharp\RestaurantPOS14.csproj]
L:\New Restauraunt Pos\build\intermediate\RestaurantPOS14.CSharp\RestaurantPOS14\ModClasses.cs(40,26): warning CS0649: Field 'ModClasses.dtable2' is never assigned to, and will always have its default value null [L:\New Restauraunt Pos\build\intermediate\RestaurantPOS14.CSharp\RestaurantPOS14.csproj]
L:\New Restauraunt Pos\build\intermediate\RestaurantPOS14.CSharp\RestaurantPOS14\frmBank.cs(70,21): warning CS0649: Field 'frmBank.components' is never assigned to, and will always have its default value null [L:\New Restauraunt Pos\build\intermediate\RestaurantPOS14.CSharp\RestaurantPOS14.csproj]
L:\New Restauraunt Pos\build\intermediate\RestaurantPOS14.CSharp\RestaurantPOS14\frmPayment.cs(176,18): warning CS0169: The field 'frmPayment.num4' is never used [L:\New Restauraunt Pos\build\intermediate\RestaurantPOS14.CSharp\RestaurantPOS14.csproj]
L:\New Restauraunt Pos\build\intermediate\RestaurantPOS14.CSharp\RestaurantPOS14\frmBillSplit.cs(341,17): warning CS0169: The field 'frmBillSplit.variable1' is never used [L:\New Restauraunt Pos\build\intermediate\RestaurantPOS14.CSharp\RestaurantPOS14.csproj]
L:\New Restauraunt Pos\build\intermediate\RestaurantPOS14.CSharp\RestaurantPOS14\frmCurrency.cs(89,21): warning CS0649: Field 'frmCurrency.components' is never assigned to, and will always have its default value null [L:\New Restauraunt Pos\build\intermediate\RestaurantPOS14.CSharp\RestaurantPOS14.csproj]
L:\New Restauraunt Pos\build\intermediate\RestaurantPOS14.CSharp\RestaurantPOS14\ModClasses.cs(16,27): warning CS0649: Field 'ModClasses.cmd2' is never assigned to, and will always have its default value null [L:\New Restauraunt Pos\build\intermediate\RestaurantPOS14.CSharp\RestaurantPOS14.csproj]
L:\New Restauraunt Pos\build\intermediate\RestaurantPOS14.CSharp\RestaurantPOS14\frmHoldBillsHD.cs(56,21): warning CS0649: Field 'frmHoldBillsHD.components' is never assigned to, and will always have its default value null [L:\New Restauraunt Pos\build\intermediate\RestaurantPOS14.CSharp\RestaurantPOS14.csproj]
L:\New Restauraunt Pos\build\intermediate\RestaurantPOS14.CSharp\RestaurantPOS14\frmModifiersList_AutoPopUp.cs(70,17): warning CS0169: The field 'frmModifiersList_AutoPopUp.HSTPer' is never used [L:\New Restauraunt Pos\build\intermediate\RestaurantPOS14.CSharp\RestaurantPOS14.csproj]
L:\New Restauraunt Pos\build\intermediate\RestaurantPOS14.CSharp\RestaurantPOS14\frmCustomDialog15.cs(26,21): warning CS0649: Field 'frmCustomDialog15.components' is never assigned to, and will always have its default value null [L:\New Restauraunt Pos\build\intermediate\RestaurantPOS14.CSharp\RestaurantPOS14.csproj]
L:\New Restauraunt Pos\build\intermediate\RestaurantPOS14.CSharp\RestaurantPOS14\frmSendEmail.cs(74,17): warning CS0169: The field 'frmSendEmail.st2' is never used [L:\New Restauraunt Pos\build\intermediate\RestaurantPOS14.CSharp\RestaurantPOS14.csproj]
L:\New Restauraunt Pos\build\intermediate\RestaurantPOS14.CSharp\RestaurantPOS14\frmBankReconciliation.cs(45,21): warning CS0649: Field 'frmBankReconciliation.components' is never assigned to, and will always have its default value null [L:\New Restauraunt Pos\build\intermediate\RestaurantPOS14.CSharp\RestaurantPOS14.csproj]
L:\New Restauraunt Pos\build\intermediate\RestaurantPOS14.CSharp\RestaurantPOS14\frmGiftCardRecord.cs(47,21): warning CS0649: Field 'frmGiftCardRecord.components' is never assigned to, and will always have its default value null [L:\New Restauraunt Pos\build\intermediate\RestaurantPOS14.CSharp\RestaurantPOS14.csproj]
L:\New Restauraunt Pos\build\intermediate\RestaurantPOS14.CSharp\RestaurantPOS14\frmPurchaseOrder.cs(254,18): warning CS0169: The field 'frmPurchaseOrder.num7' is never used [L:\New Restauraunt Pos\build\intermediate\RestaurantPOS14.CSharp\RestaurantPOS14.csproj]
L:\New Restauraunt Pos\build\intermediate\RestaurantPOS14.CSharp\RestaurantPOS14\frmModifiersList.cs(102,17): warning CS0169: The field 'frmModifiersList.num6' is never used [L:\New Restauraunt Pos\build\intermediate\RestaurantPOS14.CSharp\RestaurantPOS14.csproj]
L:\New Restauraunt Pos\build\intermediate\RestaurantPOS14.CSharp\RestaurantPOS14\frmPurchaseOrder.cs(244,18): warning CS0169: The field 'frmPurchaseOrder.num2' is never used [L:\New Restauraunt Pos\build\intermediate\RestaurantPOS14.CSharp\RestaurantPOS14.csproj]
L:\New Restauraunt Pos\build\intermediate\RestaurantPOS14.CSharp\RestaurantPOS14\frmStockIn_StoreRecord.cs(55,21): warning CS0649: Field 'frmStockIn_StoreRecord.components' is never assigned to, and will always have its default value null [L:\New Restauraunt Pos\build\intermediate\RestaurantPOS14.CSharp\RestaurantPOS14.csproj]
L:\New Restauraunt Pos\build\intermediate\RestaurantPOS14.CSharp\RestaurantPOS14\frmOpenItems.cs(54,21): warning CS0649: Field 'frmOpenItems.components' is never assigned to, and will always have its default value null [L:\New Restauraunt Pos\build\intermediate\RestaurantPOS14.CSharp\RestaurantPOS14.csproj]
L:\New Restauraunt Pos\build\intermediate\RestaurantPOS14.CSharp\RestaurantPOS14\frmSetDiscount.cs(78,17): warning CS0169: The field 'frmSetDiscount.variable2' is never used [L:\New Restauraunt Pos\build\intermediate\RestaurantPOS14.CSharp\RestaurantPOS14.csproj]
L:\New Restauraunt Pos\build\intermediate\RestaurantPOS14.CSharp\RestaurantPOS14\frmCreditCustomerReceipt.cs(172,18): warning CS0169: The field 'frmCreditCustomerReceipt.num4' is never used [L:\New Restauraunt Pos\build\intermediate\RestaurantPOS14.CSharp\RestaurantPOS14.csproj]
L:\New Restauraunt Pos\build\intermediate\RestaurantPOS14.CSharp\RestaurantPOS14\frmCustomDialog17.cs(33,21): warning CS0649: Field 'frmCustomDialog17.components' is never assigned to, and will always have its default value null [L:\New Restauraunt Pos\build\intermediate\RestaurantPOS14.CSharp\RestaurantPOS14.csproj]
L:\New Restauraunt Pos\build\intermediate\RestaurantPOS14.CSharp\RestaurantPOS14\frmStock_Store.cs(115,17): warning CS0169: The field 'frmStock_Store.st' is never used [L:\New Restauraunt Pos\build\intermediate\RestaurantPOS14.CSharp\RestaurantPOS14.csproj]
L:\New Restauraunt Pos\build\intermediate\RestaurantPOS14.CSharp\RestaurantPOS14\frmMemberLedger.cs(100,17): warning CS0169: The field 'frmMemberLedger.a' is never used [L:\New Restauraunt Pos\build\intermediate\RestaurantPOS14.CSharp\RestaurantPOS14.csproj]
L:\New Restauraunt Pos\build\intermediate\RestaurantPOS14.CSharp\RestaurantPOS14\frmExpiredProductsRecord.cs(83,21): warning CS0649: Field 'frmExpiredProductsRecord.components' is never assigned to, and will always have its default value null [L:\New Restauraunt Pos\build\intermediate\RestaurantPOS14.CSharp\RestaurantPOS14.csproj]
L:\New Restauraunt Pos\build\intermediate\RestaurantPOS14.CSharp\RestaurantPOS14\frmEnterQty.cs(93,17): warning CS0169: The field 'frmEnterQty.variable1' is never used [L:\New Restauraunt Pos\build\intermediate\RestaurantPOS14.CSharp\RestaurantPOS14.csproj]
L:\New Restauraunt Pos\build\intermediate\RestaurantPOS14.CSharp\RestaurantPOS14\frmPizzaPOS.cs(156,24): warning CS0649: Field 'frmPizzaPOS.UserButtons' is never assigned to, and will always have its default value null [L:\New Restauraunt Pos\build\intermediate\RestaurantPOS14.CSharp\RestaurantPOS14.csproj]
L:\New Restauraunt Pos\build\intermediate\RestaurantPOS14.CSharp\RestaurantPOS14\frmBankAccountStatements.cs(99,18): warning CS0169: The field 'frmBankAccountStatements.g' is never used [L:\New Restauraunt Pos\build\intermediate\RestaurantPOS14.CSharp\RestaurantPOS14.csproj]
L:\New Restauraunt Pos\build\intermediate\RestaurantPOS14.CSharp\RestaurantPOS14\frmSupplierRecord.cs(143,21): warning CS0649: Field 'frmSupplierRecord.components' is never assigned to, and will always have its default value null [L:\New Restauraunt Pos\build\intermediate\RestaurantPOS14.CSharp\RestaurantPOS14.csproj]
L:\New Restauraunt Pos\build\intermediate\RestaurantPOS14.CSharp\RestaurantPOS14\frmBankAccountStatements.cs(101,18): warning CS0169: The field 'frmBankAccountStatements.h' is never used [L:\New Restauraunt Pos\build\intermediate\RestaurantPOS14.CSharp\RestaurantPOS14.csproj]
L:\New Restauraunt Pos\build\intermediate\RestaurantPOS14.CSharp\RestaurantPOS14\frmEmployeesRecord.cs(84,21): warning CS0649: Field 'frmEmployeesRecord.components' is never assigned to, and will always have its default value null [L:\New Restauraunt Pos\build\intermediate\RestaurantPOS14.CSharp\RestaurantPOS14.csproj]
L:\New Restauraunt Pos\build\intermediate\RestaurantPOS14.CSharp\RestaurantPOS14\frmBillSplit.cs(373,17): warning CS0169: The field 'frmBillSplit.num2' is never used [L:\New Restauraunt Pos\build\intermediate\RestaurantPOS14.CSharp\RestaurantPOS14.csproj]
L:\New Restauraunt Pos\build\intermediate\RestaurantPOS14.CSharp\RestaurantPOS14\frmModifiersList.cs(98,17): warning CS0169: The field 'frmModifiersList.num4' is never used [L:\New Restauraunt Pos\build\intermediate\RestaurantPOS14.CSharp\RestaurantPOS14.csproj]
L:\New Restauraunt Pos\build\intermediate\RestaurantPOS14.CSharp\RestaurantPOS14\frmVIPMemberCard.cs(39,21): warning CS0649: Field 'frmVIPMemberCard.components' is never assigned to, and will always have its default value null [L:\New Restauraunt Pos\build\intermediate\RestaurantPOS14.CSharp\RestaurantPOS14.csproj]
L:\New Restauraunt Pos\build\intermediate\RestaurantPOS14.CSharp\RestaurantPOS14\frmSoftwareLicenceRenewal.cs(75,21): warning CS0649: Field 'frmSoftwareLicenceRenewal.components' is never assigned to, and will always have its default value null [L:\New Restauraunt Pos\build\intermediate\RestaurantPOS14.CSharp\RestaurantPOS14.csproj]
L:\New Restauraunt Pos\build\intermediate\RestaurantPOS14.CSharp\RestaurantPOS14\frmRefundMoneyRecord.cs(90,21): warning CS0649: Field 'frmRefundMoneyRecord.components' is never assigned to, and will always have its default value null [L:\New Restauraunt Pos\build\intermediate\RestaurantPOS14.CSharp\RestaurantPOS14.csproj]
L:\New Restauraunt Pos\build\intermediate\RestaurantPOS14.CSharp\RestaurantPOS14\frmPizzaSize.cs(68,21): warning CS0649: Field 'frmPizzaSize.components' is never assigned to, and will always have its default value null [L:\New Restauraunt Pos\build\intermediate\RestaurantPOS14.CSharp\RestaurantPOS14.csproj]
L:\New Restauraunt Pos\build\intermediate\RestaurantPOS14.CSharp\RestaurantPOS14\frmPizzaModifiers.cs(20,37): warning CS0649: Field 'frmPizzaModifiers.__ENCList' is never assigned to, and will always have its default value null [L:\New Restauraunt Pos\build\intermediate\RestaurantPOS14.CSharp\RestaurantPOS14.csproj]
L:\New Restauraunt Pos\build\intermediate\RestaurantPOS14.CSharp\RestaurantPOS14\frmCards_POS.cs(47,17): warning CS0414: The field 'frmCards_POS.PT' is assigned but its value is never used [L:\New Restauraunt Pos\build\intermediate\RestaurantPOS14.CSharp\RestaurantPOS14.csproj]
L:\New Restauraunt Pos\build\intermediate\RestaurantPOS14.CSharp\RestaurantPOS14\frmChangeRate.cs(96,15): warning CS0414: The field 'frmChangeRate.fl' is assigned but its value is never used [L:\New Restauraunt Pos\build\intermediate\RestaurantPOS14.CSharp\RestaurantPOS14.csproj]
L:\New Restauraunt Pos\build\intermediate\RestaurantPOS14.CSharp\RestaurantPOS14\frmSecondaryDisplay.cs(84,14): warning CS0414: The field 'frmSecondaryDisplay.begin' is assigned but its value is never used [L:\New Restauraunt Pos\build\intermediate\RestaurantPOS14.CSharp\RestaurantPOS14.csproj]
L:\New Restauraunt Pos\build\intermediate\RestaurantPOS14.CSharp\RestaurantPOS14\frmBillSplit.cs(345,15): warning CS0414: The field 'frmBillSplit.fl' is assigned but its value is never used [L:\New Restauraunt Pos\build\intermediate\RestaurantPOS14.CSharp\RestaurantPOS14.csproj]
L:\New Restauraunt Pos\build\intermediate\RestaurantPOS14.CSharp\RestaurantPOS14\frmPOS.cs(2359,17): warning CS0414: The field 'frmPOS.s3' is assigned but its value is never used [L:\New Restauraunt Pos\build\intermediate\RestaurantPOS14.CSharp\RestaurantPOS14.csproj]
L:\New Restauraunt Pos\build\intermediate\RestaurantPOS14.CSharp\RestaurantPOS14\frmPOS.cs(2335,15): warning CS0414: The field 'frmPOS.fl' is assigned but its value is never used [L:\New Restauraunt Pos\build\intermediate\RestaurantPOS14.CSharp\RestaurantPOS14.csproj]
L:\New Restauraunt Pos\build\intermediate\RestaurantPOS14.CSharp\RestaurantPOS14\frmPOS.cs(2394,18): warning CS0414: The field 'frmPOS.focusedTextbox' is assigned but its value is never used [L:\New Restauraunt Pos\build\intermediate\RestaurantPOS14.CSharp\RestaurantPOS14.csproj]
L:\New Restauraunt Pos\build\intermediate\RestaurantPOS14.CSharp\RestaurantPOS14\frmUserRights.cs(98,15): warning CS0414: The field 'frmUserRights.IsHeaderCheckBoxClicked' is assigned but its value is never used [L:\New Restauraunt Pos\build\intermediate\RestaurantPOS14.CSharp\RestaurantPOS14.csproj]
L:\New Restauraunt Pos\build\intermediate\RestaurantPOS14.CSharp\RestaurantPOS14\frmSetNOP.cs(77,15): warning CS0414: The field 'frmSetNOP.fl' is assigned but its value is never used [L:\New Restauraunt Pos\build\intermediate\RestaurantPOS14.CSharp\RestaurantPOS14.csproj]
L:\New Restauraunt Pos\build\intermediate\RestaurantPOS14.CSharp\RestaurantPOS14\frmModifiersList_AutoPopUp.cs(92,17): warning CS0414: The field 'frmModifiersList_AutoPopUp.ModifierName' is assigned but its value is never used [L:\New Restauraunt Pos\build\intermediate\RestaurantPOS14.CSharp\RestaurantPOS14.csproj]
L:\New Restauraunt Pos\build\intermediate\RestaurantPOS14.CSharp\RestaurantPOS14\frmPOS.cs(2355,17): warning CS0414: The field 'frmPOS.s1' is assigned but its value is never used [L:\New Restauraunt Pos\build\intermediate\RestaurantPOS14.CSharp\RestaurantPOS14.csproj]
L:\New Restauraunt Pos\build\intermediate\RestaurantPOS14.CSharp\RestaurantPOS14\frmPayment.cs(178,14): warning CS0414: The field 'frmPayment.i' is assigned but its value is never used [L:\New Restauraunt Pos\build\intermediate\RestaurantPOS14.CSharp\RestaurantPOS14.csproj]
L:\New Restauraunt Pos\build\intermediate\RestaurantPOS14.CSharp\RestaurantPOS14\frmCreditCustomerReceipt.cs(174,14): warning CS0414: The field 'frmCreditCustomerReceipt.i' is assigned but its value is never used [L:\New Restauraunt Pos\build\intermediate\RestaurantPOS14.CSharp\RestaurantPOS14.csproj]
L:\New Restauraunt Pos\build\intermediate\RestaurantPOS14.CSharp\RestaurantPOS14\frmEnterQtyX.cs(97,15): warning CS0414: The field 'frmEnterQtyX.fl' is assigned but its value is never used [L:\New Restauraunt Pos\build\intermediate\RestaurantPOS14.CSharp\RestaurantPOS14.csproj]
L:\New Restauraunt Pos\build\intermediate\RestaurantPOS14.CSharp\RestaurantPOS14\frmPOS.cs(2357,17): warning CS0414: The field 'frmPOS.s2' is assigned but its value is never used [L:\New Restauraunt Pos\build\intermediate\RestaurantPOS14.CSharp\RestaurantPOS14.csproj]
L:\New Restauraunt Pos\build\intermediate\RestaurantPOS14.CSharp\RestaurantPOS14\frmEmployeeRegistration.cs(131,15): warning CS0414: The field 'frmEmployeeRegistration.IsImageChanged' is assigned but its value is never used [L:\New Restauraunt Pos\build\intermediate\RestaurantPOS14.CSharp\RestaurantPOS14.csproj]
L:\New Restauraunt Pos\build\intermediate\RestaurantPOS14.CSharp\RestaurantPOS14\frmEnterQty.cs(97,15): warning CS0414: The field 'frmEnterQty.fl' is assigned but its value is never used [L:\New Restauraunt Pos\build\intermediate\RestaurantPOS14.CSharp\RestaurantPOS14.csproj]
L:\New Restauraunt Pos\build\intermediate\RestaurantPOS14.CSharp\RestaurantPOS14\frmLogin.cs(153,15): warning CS0414: The field 'frmLogin.fl' is assigned but its value is never used [L:\New Restauraunt Pos\build\intermediate\RestaurantPOS14.CSharp\RestaurantPOS14.csproj]
L:\New Restauraunt Pos\build\intermediate\RestaurantPOS14.CSharp\RestaurantPOS14\frmChangeQty.cs(96,15): warning CS0414: The field 'frmChangeQty.fl' is assigned but its value is never used [L:\New Restauraunt Pos\build\intermediate\RestaurantPOS14.CSharp\RestaurantPOS14.csproj]
L:\New Restauraunt Pos\build\intermediate\RestaurantPOS14.CSharp\RestaurantPOS14\frmEmployeeRegistration.cs(129,17): warning CS0414: The field 'frmEmployeeRegistration.Photoname' is assigned but its value is never used [L:\New Restauraunt Pos\build\intermediate\RestaurantPOS14.CSharp\RestaurantPOS14.csproj]
L:\New Restauraunt Pos\build\intermediate\RestaurantPOS14.CSharp\RestaurantPOS14\frmSetDiscount.cs(80,15): warning CS0414: The field 'frmSetDiscount.fl' is assigned but its value is never used [L:\New Restauraunt Pos\build\intermediate\RestaurantPOS14.CSharp\RestaurantPOS14.csproj]
  RestaurantPOS14 -> L:\New Restauraunt Pos\build\intermediate\RestaurantPOS14.CSharp\bin\x86\Release\net48\RestaurantPOS14.exe

Build succeeded.

L:\New Restauraunt Pos\build\intermediate\RestaurantPOS14.CSharp\RestaurantPOS14\frmSystemInfo.cs(1164,7): warning CS0618: 'Dns.GetHostByName(string)' is obsolete: 'GetHostByName is obsoleted for this type, please use GetHostEntry instead. http://go.microsoft.com/fwlink/?linkid=14202' [L:\New Restauraunt Pos\build\intermediate\RestaurantPOS14.CSharp\RestaurantPOS14.csproj]
L:\New Restauraunt Pos\build\intermediate\RestaurantPOS14.CSharp\RestaurantPOS14\frmPOS.cs(29388,30): warning CS1998: This async method lacks 'await' operators and will run synchronously. Consider using the 'await' operator to await non-blocking API calls, or 'await Task.Run(...)' to do CPU-bound work on a background thread. [L:\New Restauraunt Pos\build\intermediate\RestaurantPOS14.CSharp\RestaurantPOS14.csproj]
L:\New Restauraunt Pos\build\intermediate\RestaurantPOS14.CSharp\RestaurantPOS14\ModClasses.cs(42,26): warning CS0649: Field 'ModClasses.dtable3' is never assigned to, and will always have its default value null [L:\New Restauraunt Pos\build\intermediate\RestaurantPOS14.CSharp\RestaurantPOS14.csproj]
L:\New Restauraunt Pos\build\intermediate\RestaurantPOS14.CSharp\RestaurantPOS14\frmPizzaModifiers.cs(127,21): warning CS0649: Field 'frmPizzaModifiers.components' is never assigned to, and will always have its default value null [L:\New Restauraunt Pos\build\intermediate\RestaurantPOS14.CSharp\RestaurantPOS14.csproj]
L:\New Restauraunt Pos\build\intermediate\RestaurantPOS14.CSharp\RestaurantPOS14\frmCreditCustomerBalance.cs(72,21): warning CS0649: Field 'frmCreditCustomerBalance.components' is never assigned to, and will always have its default value null [L:\New Restauraunt Pos\build\intermediate\RestaurantPOS14.CSharp\RestaurantPOS14.csproj]
L:\New Restauraunt Pos\build\intermediate\RestaurantPOS14.CSharp\RestaurantPOS14\frmWorkPeriod.cs(86,17): warning CS0169: The field 'frmWorkPeriod.Filename' is never used [L:\New Restauraunt Pos\build\intermediate\RestaurantPOS14.CSharp\RestaurantPOS14.csproj]
L:\New Restauraunt Pos\build\intermediate\RestaurantPOS14.CSharp\RestaurantPOS14\frmPOS.cs(2377,18): warning CS0169: The field 'frmPOS.CurrentTextBox' is never used [L:\New Restauraunt Pos\build\intermediate\RestaurantPOS14.CSharp\RestaurantPOS14.csproj]
L:\New Restauraunt Pos\build\intermediate\RestaurantPOS14.CSharp\RestaurantPOS14\frmCreditCustomerReceipt.cs(168,18): warning CS0169: The field 'frmCreditCustomerReceipt.num2' is never used [L:\New Restauraunt Pos\build\intermediate\RestaurantPOS14.CSharp\RestaurantPOS14.csproj]
L:\New Restauraunt Pos\build\intermediate\RestaurantPOS14.CSharp\RestaurantPOS14\frmPizzaModifiersList_AutoPopUp.cs(89,17): warning CS0649: Field 'frmPizzaModifiersList_AutoPopUp.DiscountPer' is never assigned to, and will always have its default value 0 [L:\New Restauraunt Pos\build\intermediate\RestaurantPOS14.CSharp\RestaurantPOS14.csproj]
L:\New Restauraunt Pos\build\intermediate\RestaurantPOS14.CSharp\RestaurantPOS14\frmLoyaltyCardMemberPoints.cs(71,21): warning CS0649: Field 'frmLoyaltyCardMemberPoints.components' is never assigned to, and will always have its default value null [L:\New Restauraunt Pos\build\intermediate\RestaurantPOS14.CSharp\RestaurantPOS14.csproj]
L:\New Restauraunt Pos\build\intermediate\RestaurantPOS14.CSharp\RestaurantPOS14\frmBankAccountStatements.cs(95,18): warning CS0169: The field 'frmBankAccountStatements.d' is never used [L:\New Restauraunt Pos\build\intermediate\RestaurantPOS14.CSharp\RestaurantPOS14.csproj]
L:\New Restauraunt Pos\build\intermediate\RestaurantPOS14.CSharp\RestaurantPOS14\frmMenuItemsModifiers.cs(121,21): warning CS0649: Field 'frmMenuItemsModifiers.components' is never assigned to, and will always have its default value null [L:\New Restauraunt Pos\build\intermediate\RestaurantPOS14.CSharp\RestaurantPOS14.csproj]
L:\New Restauraunt Pos\build\intermediate\RestaurantPOS14.CSharp\RestaurantPOS14\frmModifiersList_AutoPopUp.cs(72,17): warning CS0169: The field 'frmModifiersList_AutoPopUp.Amount' is never used [L:\New Restauraunt Pos\build\intermediate\RestaurantPOS14.CSharp\RestaurantPOS14.csproj]
L:\New Restauraunt Pos\build\intermediate\RestaurantPOS14.CSharp\RestaurantPOS14\frmPaymentRecord.cs(120,21): warning CS0649: Field 'frmPaymentRecord.components' is never assigned to, and will always have its default value null [L:\New Restauraunt Pos\build\intermediate\RestaurantPOS14.CSharp\RestaurantPOS14.csproj]
L:\New Restauraunt Pos\build\intermediate\RestaurantPOS14.CSharp\RestaurantPOS14\frmKDS.cs(79,17): warning CS0169: The field 'frmKDS.s2' is never used [L:\New Restauraunt Pos\build\intermediate\RestaurantPOS14.CSharp\RestaurantPOS14.csproj]
L:\New Restauraunt Pos\build\intermediate\RestaurantPOS14.CSharp\RestaurantPOS14\frmStock_Store.cs(117,21): warning CS0649: Field 'frmStock_Store.components' is never assigned to, and will always have its default value null [L:\New Restauraunt Pos\build\intermediate\RestaurantPOS14.CSharp\RestaurantPOS14.csproj]
L:\New Restauraunt Pos\build\intermediate\RestaurantPOS14.CSharp\RestaurantPOS14\frmProduct.cs(181,21): warning CS0649: Field 'frmProduct.components' is never assigned to, and will always have its default value null [L:\New Restauraunt Pos\build\intermediate\RestaurantPOS14.CSharp\RestaurantPOS14.csproj]
L:\New Restauraunt Pos\build\intermediate\RestaurantPOS14.CSharp\RestaurantPOS14\frmVoucherRecord.cs(72,21): warning CS0649: Field 'frmVoucherRecord.components' is never assigned to, and will always have its default value null [L:\New Restauraunt Pos\build\intermediate\RestaurantPOS14.CSharp\RestaurantPOS14.csproj]
L:\New Restauraunt Pos\build\intermediate\RestaurantPOS14.CSharp\RestaurantPOS14\frmSetNOP.cs(75,17): warning CS0169: The field 'frmSetNOP.variable2' is never used [L:\New Restauraunt Pos\build\intermediate\RestaurantPOS14.CSharp\RestaurantPOS14.csproj]
L:\New Restauraunt Pos\build\intermediate\RestaurantPOS14.CSharp\RestaurantPOS14\frmSetNOP.cs(73,17): warning CS0169: The field 'frmSetNOP.variable1' is never used [L:\New Restauraunt Pos\build\intermediate\RestaurantPOS14.CSharp\RestaurantPOS14.csproj]
L:\New Restauraunt Pos\build\intermediate\RestaurantPOS14.CSharp\RestaurantPOS14\frmFrontOffice.cs(90,17): warning CS0169: The field 'frmFrontOffice.Filename' is never used [L:\New Restauraunt Pos\build\intermediate\RestaurantPOS14.CSharp\RestaurantPOS14.csproj]
L:\New Restauraunt Pos\build\intermediate\RestaurantPOS14.CSharp\RestaurantPOS14\frmCustomDialogX.cs(54,21): warning CS0649: Field 'frmCustomDialogX.components' is never assigned to, and will always have its default value null [L:\New Restauraunt Pos\build\intermediate\RestaurantPOS14.CSharp\RestaurantPOS14.csproj]
L:\New Restauraunt Pos\build\intermediate\RestaurantPOS14.CSharp\RestaurantPOS14\frmCustomDialog21.cs(26,21): warning CS0649: Field 'frmCustomDialog21.components' is never assigned to, and will always have its default value null [L:\New Restauraunt Pos\build\intermediate\RestaurantPOS14.CSharp\RestaurantPOS14.csproj]
L:\New Restauraunt Pos\build\intermediate\RestaurantPOS14.CSharp\RestaurantPOS14\frmModifiersList.cs(100,17): warning CS0169: The field 'frmModifiersList.num5' is never used [L:\New Restauraunt Pos\build\intermediate\RestaurantPOS14.CSharp\RestaurantPOS14.csproj]
L:\New Restauraunt Pos\build\intermediate\RestaurantPOS14.CSharp\RestaurantPOS14\ModClasses.cs(18,27): warning CS0649: Field 'ModClasses.cmd3' is never assigned to, and will always have its default value null [L:\New Restauraunt Pos\build\intermediate\RestaurantPOS14.CSharp\RestaurantPOS14.csproj]
L:\New Restauraunt Pos\build\intermediate\RestaurantPOS14.CSharp\RestaurantPOS14\frmEnterQtyX.cs(95,17): warning CS0169: The field 'frmEnterQtyX.variable2' is never used [L:\New Restauraunt Pos\build\intermediate\RestaurantPOS14.CSharp\RestaurantPOS14.csproj]
L:\New Restauraunt Pos\build\intermediate\RestaurantPOS14.CSharp\RestaurantPOS14\frmStockTransferRecord.cs(81,21): warning CS0649: Field 'frmStockTransferRecord.components' is never assigned to, and will always have its default value null [L:\New Restauraunt Pos\build\intermediate\RestaurantPOS14.CSharp\RestaurantPOS14.csproj]
L:\New Restauraunt Pos\build\intermediate\RestaurantPOS14.CSharp\RestaurantPOS14\frmStockIn_RM.cs(58,21): warning CS0649: Field 'frmStockIn_RM.components' is never assigned to, and will always have its default value null [L:\New Restauraunt Pos\build\intermediate\RestaurantPOS14.CSharp\RestaurantPOS14.csproj]
L:\New Restauraunt Pos\build\intermediate\RestaurantPOS14.CSharp\RestaurantPOS14\frmStockOUT_StoreRecord.cs(49,21): warning CS0649: Field 'frmStockOUT_StoreRecord.components' is never assigned to, and will always have its default value null [L:\New Restauraunt Pos\build\intermediate\RestaurantPOS14.CSharp\RestaurantPOS14.csproj]
L:\New Restauraunt Pos\build\intermediate\RestaurantPOS14.CSharp\RestaurantPOS14\frmMemberBalance.cs(72,21): warning CS0649: Field 'frmMemberBalance.components' is never assigned to, and will always have its default value null [L:\New Restauraunt Pos\build\intermediate\RestaurantPOS14.CSharp\RestaurantPOS14.csproj]
L:\New Restauraunt Pos\build\intermediate\RestaurantPOS14.CSharp\RestaurantPOS14\frmMemberList.cs(47,21): warning CS0649: Field 'frmMemberList.components' is never assigned to, and will always have its default value null [L:\New Restauraunt Pos\build\intermediate\RestaurantPOS14.CSharp\RestaurantPOS14.csproj]
L:\New Restauraunt Pos\build\intermediate\RestaurantPOS14.CSharp\RestaurantPOS14\frmCustomDialog13.cs(26,21): warning CS0649: Field 'frmCustomDialog13.components' is never assigned to, and will always have its default value null [L:\New Restauraunt Pos\build\intermediate\RestaurantPOS14.CSharp\RestaurantPOS14.csproj]
L:\New Restauraunt Pos\build\intermediate\RestaurantPOS14.CSharp\RestaurantPOS14\frmCustomDialog6.cs(26,21): warning CS0649: Field 'frmCustomDialog6.components' is never assigned to, and will always have its default value null [L:\New Restauraunt Pos\build\intermediate\RestaurantPOS14.CSharp\RestaurantPOS14.csproj]
L:\New Restauraunt Pos\build\intermediate\RestaurantPOS14.CSharp\RestaurantPOS14\frmModifiersList_AutoPopUp.cs(64,17): warning CS0169: The field 'frmModifiersList_AutoPopUp.DiscountPer' is never used [L:\New Restauraunt Pos\build\intermediate\RestaurantPOS14.CSharp\RestaurantPOS14.csproj]
L:\New Restauraunt Pos\build\intermediate\RestaurantPOS14.CSharp\RestaurantPOS14\frmModifiersList_AutoPopUp.cs(84,17): warning CS0169: The field 'frmModifiersList_AutoPopUp.num5' is never used [L:\New Restauraunt Pos\build\intermediate\RestaurantPOS14.CSharp\RestaurantPOS14.csproj]
L:\New Restauraunt Pos\build\intermediate\RestaurantPOS14.CSharp\RestaurantPOS14\frmModifiersList_AutoPopUp.cs(74,17): warning CS0169: The field 'frmModifiersList_AutoPopUp.TotalAmount' is never used [L:\New Restauraunt Pos\build\intermediate\RestaurantPOS14.CSharp\RestaurantPOS14.csproj]
L:\New Restauraunt Pos\build\intermediate\RestaurantPOS14.CSharp\RestaurantPOS14\frmPizzaModifiersList_AutoPopUp.cs(115,21): warning CS0649: Field 'frmPizzaModifiersList_AutoPopUp.components' is never assigned to, and will always have its default value null [L:\New Restauraunt Pos\build\intermediate\RestaurantPOS14.CSharp\RestaurantPOS14.csproj]
L:\New Restauraunt Pos\build\intermediate\RestaurantPOS14.CSharp\RestaurantPOS14\frmLoyaltyCard.cs(36,21): warning CS0649: Field 'frmLoyaltyCard.components' is never assigned to, and will always have its default value null [L:\New Restauraunt Pos\build\intermediate\RestaurantPOS14.CSharp\RestaurantPOS14.csproj]
L:\New Restauraunt Pos\build\intermediate\RestaurantPOS14.CSharp\RestaurantPOS14\frmDeliveryPersonRecord.cs(80,21): warning CS0649: Field 'frmDeliveryPersonRecord.components' is never assigned to, and will always have its default value null [L:\New Restauraunt Pos\build\intermediate\RestaurantPOS14.CSharp\RestaurantPOS14.csproj]
L:\New Restauraunt Pos\build\intermediate\RestaurantPOS14.CSharp\RestaurantPOS14\frmAddFunds.cs(111,21): warning CS0649: Field 'frmAddFunds.components' is never assigned to, and will always have its default value null [L:\New Restauraunt Pos\build\intermediate\RestaurantPOS14.CSharp\RestaurantPOS14.csproj]
L:\New Restauraunt Pos\build\intermediate\RestaurantPOS14.CSharp\RestaurantPOS14\frmGeneralLedger.cs(78,17): warning CS0169: The field 'frmGeneralLedger.c' is never used [L:\New Restauraunt Pos\build\intermediate\RestaurantPOS14.CSharp\RestaurantPOS14.csproj]
L:\New Restauraunt Pos\build\intermediate\RestaurantPOS14.CSharp\RestaurantPOS14\frmChangeRate.cs(94,17): warning CS0169: The field 'frmChangeRate.variable2' is never used [L:\New Restauraunt Pos\build\intermediate\RestaurantPOS14.CSharp\RestaurantPOS14.csproj]
L:\New Restauraunt Pos\build\intermediate\RestaurantPOS14.CSharp\RestaurantPOS14\frmAbout.cs(43,21): warning CS0649: Field 'frmAbout.components' is never assigned to, and will always have its default value null [L:\New Restauraunt Pos\build\intermediate\RestaurantPOS14.CSharp\RestaurantPOS14.csproj]
L:\New Restauraunt Pos\build\intermediate\RestaurantPOS14.CSharp\RestaurantPOS14\frmCreditCustomerReceiptRecord.cs(112,21): warning CS0649: Field 'frmCreditCustomerReceiptRecord.components' is never assigned to, and will always have its default value null [L:\New Restauraunt Pos\build\intermediate\RestaurantPOS14.CSharp\RestaurantPOS14.csproj]
L:\New Restauraunt Pos\build\intermediate\RestaurantPOS14.CSharp\RestaurantPOS14\frmSendEmail.cs(76,17): warning CS0169: The field 'frmSendEmail.st3' is never used [L:\New Restauraunt Pos\build\intermediate\RestaurantPOS14.CSharp\RestaurantPOS14.csproj]
L:\New Restauraunt Pos\build\intermediate\RestaurantPOS14.CSharp\RestaurantPOS14\frmOthersSetting.cs(206,17): warning CS0169: The field 'frmOthersSetting.st1' is never used [L:\New Restauraunt Pos\build\intermediate\RestaurantPOS14.CSharp\RestaurantPOS14.csproj]
L:\New Restauraunt Pos\build\intermediate\RestaurantPOS14.CSharp\RestaurantPOS14\frmPizzaModifiersList.cs(20,37): warning CS0649: Field 'frmPizzaModifiersList.__ENCList' is never assigned to, and will always have its default value null [L:\New Restauraunt Pos\build\intermediate\RestaurantPOS14.CSharp\RestaurantPOS14.csproj]
L:\New Restauraunt Pos\build\intermediate\RestaurantPOS14.CSharp\RestaurantPOS14\frmPrintVIPMemberCard.cs(59,17): warning CS0169: The field 'frmPrintVIPMemberCard.st' is never used [L:\New Restauraunt Pos\build\intermediate\RestaurantPOS14.CSharp\RestaurantPOS14.csproj]
L:\New Restauraunt Pos\build\intermediate\RestaurantPOS14.CSharp\RestaurantPOS14\frmBankAccountRegistration.cs(208,21): warning CS0649: Field 'frmBankAccountRegistration.components' is never assigned to, and will always have its default value null [L:\New Restauraunt Pos\build\intermediate\RestaurantPOS14.CSharp\RestaurantPOS14.csproj]
L:\New Restauraunt Pos\build\intermediate\RestaurantPOS14.CSharp\RestaurantPOS14\frmWorkPeriod_Del.cs(59,21): warning CS0649: Field 'frmWorkPeriod_Del.components' is never assigned to, and will always have its default value null [L:\New Restauraunt Pos\build\intermediate\RestaurantPOS14.CSharp\RestaurantPOS14.csproj]
L:\New Restauraunt Pos\build\intermediate\RestaurantPOS14.CSharp\RestaurantPOS14\frmNotes.cs(54,21): warning CS0649: Field 'frmNotes.components' is never assigned to, and will always have its default value null [L:\New Restauraunt Pos\build\intermediate\RestaurantPOS14.CSharp\RestaurantPOS14.csproj]
L:\New Restauraunt Pos\build\intermediate\RestaurantPOS14.CSharp\RestaurantPOS14\frmUserRights.cs(100,21): warning CS0649: Field 'frmUserRights.components' is never assigned to, and will always have its default value null [L:\New Restauraunt Pos\build\intermediate\RestaurantPOS14.CSharp\RestaurantPOS14.csproj]
L:\New Restauraunt Pos\build\intermediate\RestaurantPOS14.CSharp\RestaurantPOS14\frmToppingsList.cs(117,17): warning CS0169: The field 'frmToppingsList.num5' is never used [L:\New Restauraunt Pos\build\intermediate\RestaurantPOS14.CSharp\RestaurantPOS14.csproj]
L:\New Restauraunt Pos\build\intermediate\RestaurantPOS14.CSharp\RestaurantPOS14\frmPurchaseEntry.cs(319,18): warning CS0169: The field 'frmPurchaseEntry.num10' is never used [L:\New Restauraunt Pos\build\intermediate\RestaurantPOS14.CSharp\RestaurantPOS14.csproj]
L:\New Restauraunt Pos\build\intermediate\RestaurantPOS14.CSharp\RestaurantPOS14\frmWalletType.cs(67,21): warning CS0649: Field 'frmWalletType.components' is never assigned to, and will always have its default value null [L:\New Restauraunt Pos\build\intermediate\RestaurantPOS14.CSharp\RestaurantPOS14.csproj]
L:\New Restauraunt Pos\build\intermediate\RestaurantPOS14.CSharp\RestaurantPOS14\frmItemsTransfer.cs(193,17): warning CS0169: The field 'frmItemsTransfer.num7' is never used [L:\New Restauraunt Pos\build\intermediate\RestaurantPOS14.CSharp\RestaurantPOS14.csproj]
L:\New Restauraunt Pos\build\intermediate\RestaurantPOS14.CSharp\RestaurantPOS14\frmCustomDialog8.cs(33,21): warning CS0649: Field 'frmCustomDialog8.components' is never assigned to, and will always have its default value null [L:\New Restauraunt Pos\build\intermediate\RestaurantPOS14.CSharp\RestaurantPOS14.csproj]
L:\New Restauraunt Pos\build\intermediate\RestaurantPOS14.CSharp\RestaurantPOS14\frmTableReservation.cs(207,17): warning CS0169: The field 'frmTableReservation.st1' is never used [L:\New Restauraunt Pos\build\intermediate\RestaurantPOS14.CSharp\RestaurantPOS14.csproj]
L:\New Restauraunt Pos\build\intermediate\RestaurantPOS14.CSharp\RestaurantPOS14\frmPizza.cs(18,37): warning CS0649: Field 'frmPizza.__ENCList' is never assigned to, and will always have its default value null [L:\New Restauraunt Pos\build\intermediate\RestaurantPOS14.CSharp\RestaurantPOS14.csproj]
L:\New Restauraunt Pos\build\intermediate\RestaurantPOS14.CSharp\RestaurantPOS14\frmPizzaMaster.cs(20,37): warning CS0649: Field 'frmPizzaMaster.__ENCList' is never assigned to, and will always have its default value null [L:\New Restauraunt Pos\build\intermediate\RestaurantPOS14.CSharp\RestaurantPOS14.csproj]
L:\New Restauraunt Pos\build\intermediate\RestaurantPOS14.CSharp\RestaurantPOS14\frmLoyaltyCardMemberLedger.cs(100,17): warning CS0169: The field 'frmLoyaltyCardMemberLedger.a' is never used [L:\New Restauraunt Pos\build\intermediate\RestaurantPOS14.CSharp\RestaurantPOS14.csproj]
L:\New Restauraunt Pos\build\intermediate\RestaurantPOS14.CSharp\RestaurantPOS14\frmMemberLedger.cs(102,17): warning CS0169: The field 'frmMemberLedger.b' is never used [L:\New Restauraunt Pos\build\intermediate\RestaurantPOS14.CSharp\RestaurantPOS14.csproj]
L:\New Restauraunt Pos\build\intermediate\RestaurantPOS14.CSharp\RestaurantPOS14\frmPizzaModifiersList.cs(113,17): warning CS0169: The field 'frmPizzaModifiersList.num7' is never used [L:\New Restauraunt Pos\build\intermediate\RestaurantPOS14.CSharp\RestaurantPOS14.csproj]
L:\New Restauraunt Pos\build\intermediate\RestaurantPOS14.CSharp\RestaurantPOS14\frmEnterQtyX.cs(93,17): warning CS0169: The field 'frmEnterQtyX.variable1' is never used [L:\New Restauraunt Pos\build\intermediate\RestaurantPOS14.CSharp\RestaurantPOS14.csproj]
L:\New Restauraunt Pos\build\intermediate\RestaurantPOS14.CSharp\RestaurantPOS14\frmPOS.cs(2333,17): warning CS0169: The field 'frmPOS.variable2' is never used [L:\New Restauraunt Pos\build\intermediate\RestaurantPOS14.CSharp\RestaurantPOS14.csproj]
L:\New Restauraunt Pos\build\intermediate\RestaurantPOS14.CSharp\RestaurantPOS14\frmCreditCustomerLedger.cs(113,17): warning CS0169: The field 'frmCreditCustomerLedger.a' is never used [L:\New Restauraunt Pos\build\intermediate\RestaurantPOS14.CSharp\RestaurantPOS14.csproj]
L:\New Restauraunt Pos\build\intermediate\RestaurantPOS14.CSharp\RestaurantPOS14\frmTable.cs(95,21): warning CS0649: Field 'frmTable.components' is never assigned to, and will always have its default value null [L:\New Restauraunt Pos\build\intermediate\RestaurantPOS14.CSharp\RestaurantPOS14.csproj]
L:\New Restauraunt Pos\build\intermediate\RestaurantPOS14.CSharp\RestaurantPOS14\frmStock_Store.cs(113,17): warning CS0169: The field 'frmStock_Store.str' is never used [L:\New Restauraunt Pos\build\intermediate\RestaurantPOS14.CSharp\RestaurantPOS14.csproj]
L:\New Restauraunt Pos\build\intermediate\RestaurantPOS14.CSharp\RestaurantPOS14\frmHoldBills.cs(53,21): warning CS0649: Field 'frmHoldBills.components' is never assigned to, and will always have its default value null [L:\New Restauraunt Pos\build\intermediate\RestaurantPOS14.CSharp\RestaurantPOS14.csproj]
L:\New Restauraunt Pos\build\intermediate\RestaurantPOS14.CSharp\RestaurantPOS14\frmPurchaseOrder.cs(250,18): warning CS0169: The field 'frmPurchaseOrder.num5' is never used [L:\New Restauraunt Pos\build\intermediate\RestaurantPOS14.CSharp\RestaurantPOS14.csproj]
L:\New Restauraunt Pos\build\intermediate\RestaurantPOS14.CSharp\RestaurantPOS14\frmCallerID.cs(45,17): warning CS0169: The field 'frmCallerID.st' is never used [L:\New Restauraunt Pos\build\intermediate\RestaurantPOS14.CSharp\RestaurantPOS14.csproj]
L:\New Restauraunt Pos\build\intermediate\RestaurantPOS14.CSharp\RestaurantPOS14\frmPayment.cs(172,18): warning CS0169: The field 'frmPayment.num2' is never used [L:\New Restauraunt Pos\build\intermediate\RestaurantPOS14.CSharp\RestaurantPOS14.csproj]
L:\New Restauraunt Pos\build\intermediate\RestaurantPOS14.CSharp\RestaurantPOS14\frmItemsTransfer.cs(183,17): warning CS0169: The field 'frmItemsTransfer.num2' is never used [L:\New Restauraunt Pos\build\intermediate\RestaurantPOS14.CSharp\RestaurantPOS14.csproj]
L:\New Restauraunt Pos\build\intermediate\RestaurantPOS14.CSharp\RestaurantPOS14\frmPurchaseOrder.cs(258,18): warning CS0169: The field 'frmPurchaseOrder.num9' is never used [L:\New Restauraunt Pos\build\intermediate\RestaurantPOS14.CSharp\RestaurantPOS14.csproj]
L:\New Restauraunt Pos\build\intermediate\RestaurantPOS14.CSharp\RestaurantPOS14\frmBillSplit.cs(375,17): warning CS0169: The field 'frmBillSplit.num3' is never used [L:\New Restauraunt Pos\build\intermediate\RestaurantPOS14.CSharp\RestaurantPOS14.csproj]
L:\New Restauraunt Pos\build\intermediate\RestaurantPOS14.CSharp\RestaurantPOS14\frmCreditCustomersList.cs(60,21): warning CS0649: Field 'frmCreditCustomersList.components' is never assigned to, and will always have its default value null [L:\New Restauraunt Pos\build\intermediate\RestaurantPOS14.CSharp\RestaurantPOS14.csproj]
L:\New Restauraunt Pos\build\intermediate\RestaurantPOS14.CSharp\RestaurantPOS14\frmPizzaModifiersList.cs(115,21): warning CS0649: Field 'frmPizzaModifiersList.components' is never assigned to, and will always have its default value null [L:\New Restauraunt Pos\build\intermediate\RestaurantPOS14.CSharp\RestaurantPOS14.csproj]
L:\New Restauraunt Pos\build\intermediate\RestaurantPOS14.CSharp\RestaurantPOS14\frmPrintLoyaltyCard.cs(59,17): warning CS0169: The field 'frmPrintLoyaltyCard.st' is never used [L:\New Restauraunt Pos\build\intermediate\RestaurantPOS14.CSharp\RestaurantPOS14.csproj]
L:\New Restauraunt Pos\build\intermediate\RestaurantPOS14.CSharp\RestaurantPOS14\frmPurchaseRecord.cs(141,21): warning CS0649: Field 'frmPurchaseRecord.components' is never assigned to, and will always have its default value null [L:\New Restauraunt Pos\build\intermediate\RestaurantPOS14.CSharp\RestaurantPOS14.csproj]
L:\New Restauraunt Pos\build\intermediate\RestaurantPOS14.CSharp\RestaurantPOS14\frmCreditCustomerReceipt.cs(164,17): warning CS0169: The field 'frmCreditCustomerReceipt.OBType' is never used [L:\New Restauraunt Pos\build\intermediate\RestaurantPOS14.CSharp\RestaurantPOS14.csproj]
L:\New Restauraunt Pos\build\intermediate\RestaurantPOS14.CSharp\RestaurantPOS14\frmLogin.cs(151,17): warning CS0169: The field 'frmLogin.variable2' is never used [L:\New Restauraunt Pos\build\intermediate\RestaurantPOS14.CSharp\RestaurantPOS14.csproj]
L:\New Restauraunt Pos\build\intermediate\RestaurantPOS14.CSharp\RestaurantPOS14\frmLogs.cs(110,21): warning CS0649: Field 'frmLogs.components' is never assigned to, and will always have its default value null [L:\New Restauraunt Pos\build\intermediate\RestaurantPOS14.CSharp\RestaurantPOS14.csproj]
L:\New Restauraunt Pos\build\intermediate\RestaurantPOS14.CSharp\RestaurantPOS14\frmCustomDialog9.cs(26,21): warning CS0649: Field 'frmCustomDialog9.components' is never assigned to, and will always have its default value null [L:\New Restauraunt Pos\build\intermediate\RestaurantPOS14.CSharp\RestaurantPOS14.csproj]
L:\New Restauraunt Pos\build\intermediate\RestaurantPOS14.CSharp\RestaurantPOS14\frmPizzaToppings.cs(124,21): warning CS0649: Field 'frmPizzaToppings.components' is never assigned to, and will always have its default value null [L:\New Restauraunt Pos\build\intermediate\RestaurantPOS14.CSharp\RestaurantPOS14.csproj]
L:\New Restauraunt Pos\build\intermediate\RestaurantPOS14.CSharp\RestaurantPOS14\frmModifiersList_AutoPopUp.cs(66,17): warning CS0169: The field 'frmModifiersList_AutoPopUp.HST' is never used [L:\New Restauraunt Pos\build\intermediate\RestaurantPOS14.CSharp\RestaurantPOS14.csproj]
L:\New Restauraunt Pos\build\intermediate\RestaurantPOS14.CSharp\RestaurantPOS14\frmModifiersList_AutoPopUp.cs(68,17): warning CS0169: The field 'frmModifiersList_AutoPopUp.Discount' is never used [L:\New Restauraunt Pos\build\intermediate\RestaurantPOS14.CSharp\RestaurantPOS14.csproj]
L:\New Restauraunt Pos\build\intermediate\RestaurantPOS14.CSharp\RestaurantPOS14\frmPaymentRecord.cs(118,17): warning CS0169: The field 'frmPaymentRecord.str' is never used [L:\New Restauraunt Pos\build\intermediate\RestaurantPOS14.CSharp\RestaurantPOS14.csproj]
L:\New Restauraunt Pos\build\intermediate\RestaurantPOS14.CSharp\RestaurantPOS14\frmBillSplit.cs(377,17): warning CS0169: The field 'frmBillSplit.num4' is never used [L:\New Restauraunt Pos\build\intermediate\RestaurantPOS14.CSharp\RestaurantPOS14.csproj]
L:\New Restauraunt Pos\build\intermediate\RestaurantPOS14.CSharp\RestaurantPOS14\frmPurchaseEntry.cs(317,18): warning CS0169: The field 'frmPurchaseEntry.num9' is never used [L:\New Restauraunt Pos\build\intermediate\RestaurantPOS14.CSharp\RestaurantPOS14.csproj]
L:\New Restauraunt Pos\build\intermediate\RestaurantPOS14.CSharp\RestaurantPOS14\frmPurchaseOrder.cs(262,18): warning CS0169: The field 'frmPurchaseOrder.num11' is never used [L:\New Restauraunt Pos\build\intermediate\RestaurantPOS14.CSharp\RestaurantPOS14.csproj]
L:\New Restauraunt Pos\build\intermediate\RestaurantPOS14.CSharp\RestaurantPOS14\frmHoldDineInKOTs.cs(50,21): warning CS0649: Field 'frmHoldDineInKOTs.components' is never assigned to, and will always have its default value null [L:\New Restauraunt Pos\build\intermediate\RestaurantPOS14.CSharp\RestaurantPOS14.csproj]
L:\New Restauraunt Pos\build\intermediate\RestaurantPOS14.CSharp\RestaurantPOS14\frmChangeRate.cs(92,17): warning CS0169: The field 'frmChangeRate.variable1' is never used [L:\New Restauraunt Pos\build\intermediate\RestaurantPOS14.CSharp\RestaurantPOS14.csproj]
L:\New Restauraunt Pos\build\intermediate\RestaurantPOS14.CSharp\RestaurantPOS14\frmSetDiscount.cs(76,17): warning CS0169: The field 'frmSetDiscount.variable1' is never used [L:\New Restauraunt Pos\build\intermediate\RestaurantPOS14.CSharp\RestaurantPOS14.csproj]
L:\New Restauraunt Pos\build\intermediate\RestaurantPOS14.CSharp\RestaurantPOS14\frmHomeDelivery.cs(36,17): warning CS0169: The field 'frmHomeDelivery.Filename' is never used [L:\New Restauraunt Pos\build\intermediate\RestaurantPOS14.CSharp\RestaurantPOS14.csproj]
L:\New Restauraunt Pos\build\intermediate\RestaurantPOS14.CSharp\RestaurantPOS14\frmAddFundsRecord.cs(90,21): warning CS0649: Field 'frmAddFundsRecord.components' is never assigned to, and will always have its default value null [L:\New Restauraunt Pos\build\intermediate\RestaurantPOS14.CSharp\RestaurantPOS14.csproj]
L:\New Restauraunt Pos\build\intermediate\RestaurantPOS14.CSharp\RestaurantPOS14\frmUnit.cs(71,21): warning CS0649: Field 'frmUnit.components' is never assigned to, and will always have its default value null [L:\New Restauraunt Pos\build\intermediate\RestaurantPOS14.CSharp\RestaurantPOS14.csproj]
L:\New Restauraunt Pos\build\intermediate\RestaurantPOS14.CSharp\RestaurantPOS14\frmAvailableTables.cs(41,21): warning CS0649: Field 'frmAvailableTables.components' is never assigned to, and will always have its default value null [L:\New Restauraunt Pos\build\intermediate\RestaurantPOS14.CSharp\RestaurantPOS14.csproj]
L:\New Restauraunt Pos\build\intermediate\RestaurantPOS14.CSharp\RestaurantPOS14\frmBillSplit.cs(343,17): warning CS0169: The field 'frmBillSplit.variable2' is never used [L:\New Restauraunt Pos\build\intermediate\RestaurantPOS14.CSharp\RestaurantPOS14.csproj]
L:\New Restauraunt Pos\build\intermediate\RestaurantPOS14.CSharp\RestaurantPOS14\frmCustomDialog19X.cs(26,21): warning CS0649: Field 'frmCustomDialog19X.components' is never assigned to, and will always have its default value null [L:\New Restauraunt Pos\build\intermediate\RestaurantPOS14.CSharp\RestaurantPOS14.csproj]
L:\New Restauraunt Pos\build\intermediate\RestaurantPOS14.CSharp\RestaurantPOS14\frmSupplier.cs(187,21): warning CS0649: Field 'frmSupplier.components' is never assigned to, and will always have its default value null [L:\New Restauraunt Pos\build\intermediate\RestaurantPOS14.CSharp\RestaurantPOS14.csproj]
L:\New Restauraunt Pos\build\intermediate\RestaurantPOS14.CSharp\RestaurantPOS14\frmEmployeeSession.cs(86,21): warning CS0649: Field 'frmEmployeeSession.components' is never assigned to, and will always have its default value null [L:\New Restauraunt Pos\build\intermediate\RestaurantPOS14.CSharp\RestaurantPOS14.csproj]
L:\New Restauraunt Pos\build\intermediate\RestaurantPOS14.CSharp\RestaurantPOS14\frmPayment.cs(168,17): warning CS0169: The field 'frmPayment.OBType' is never used [L:\New Restauraunt Pos\build\intermediate\RestaurantPOS14.CSharp\RestaurantPOS14.csproj]
L:\New Restauraunt Pos\build\intermediate\RestaurantPOS14.CSharp\RestaurantPOS14\frmPizzaModifiersList_AutoPopUp.cs(113,17): warning CS0169: The field 'frmPizzaModifiersList_AutoPopUp.num7' is never used [L:\New Restauraunt Pos\build\intermediate\RestaurantPOS14.CSharp\RestaurantPOS14.csproj]
L:\New Restauraunt Pos\build\intermediate\RestaurantPOS14.CSharp\RestaurantPOS14\frmCustomDialog14.cs(26,21): warning CS0649: Field 'frmCustomDialog14.components' is never assigned to, and will always have its default value null [L:\New Restauraunt Pos\build\intermediate\RestaurantPOS14.CSharp\RestaurantPOS14.csproj]
L:\New Restauraunt Pos\build\intermediate\RestaurantPOS14.CSharp\RestaurantPOS14\frmModifiersList.cs(88,17): warning CS0169: The field 'frmModifiersList.Amount' is never used [L:\New Restauraunt Pos\build\intermediate\RestaurantPOS14.CSharp\RestaurantPOS14.csproj]
L:\New Restauraunt Pos\build\intermediate\RestaurantPOS14.CSharp\RestaurantPOS14\frmCustomDialog10.cs(26,21): warning CS0649: Field 'frmCustomDialog10.components' is never assigned to, and will always have its default value null [L:\New Restauraunt Pos\build\intermediate\RestaurantPOS14.CSharp\RestaurantPOS14.csproj]
L:\New Restauraunt Pos\build\intermediate\RestaurantPOS14.CSharp\RestaurantPOS14\frmPurchaseOrder.cs(260,18): warning CS0169: The field 'frmPurchaseOrder.num10' is never used [L:\New Restauraunt Pos\build\intermediate\RestaurantPOS14.CSharp\RestaurantPOS14.csproj]
L:\New Restauraunt Pos\build\intermediate\RestaurantPOS14.CSharp\RestaurantPOS14\frmModifiersList.cs(92,17): warning CS0169: The field 'frmModifiersList.num1' is never used [L:\New Restauraunt Pos\build\intermediate\RestaurantPOS14.CSharp\RestaurantPOS14.csproj]
L:\New Restauraunt Pos\build\intermediate\RestaurantPOS14.CSharp\RestaurantPOS14\frmTestDualDisplay.cs(20,21): warning CS0649: Field 'frmTestDualDisplay.components' is never assigned to, and will always have its default value null [L:\New Restauraunt Pos\build\intermediate\RestaurantPOS14.CSharp\RestaurantPOS14.csproj]
L:\New Restauraunt Pos\build\intermediate\RestaurantPOS14.CSharp\RestaurantPOS14\frmPurchaseEntry.cs(321,18): warning CS0169: The field 'frmPurchaseEntry.num11' is never used [L:\New Restauraunt Pos\build\intermediate\RestaurantPOS14.CSharp\RestaurantPOS14.csproj]
L:\New Restauraunt Pos\build\intermediate\RestaurantPOS14.CSharp\RestaurantPOS14\frmFreeToppingsList.cs(73,21): warning CS0649: Field 'frmFreeToppingsList.components' is never assigned to, and will always have its default value null [L:\New Restauraunt Pos\build\intermediate\RestaurantPOS14.CSharp\RestaurantPOS14.csproj]
L:\New Restauraunt Pos\build\intermediate\RestaurantPOS14.CSharp\RestaurantPOS14\frmStockOUT_RM.cs(52,21): warning CS0649: Field 'frmStockOUT_RM.components' is never assigned to, and will always have its default value null [L:\New Restauraunt Pos\build\intermediate\RestaurantPOS14.CSharp\RestaurantPOS14.csproj]
L:\New Restauraunt Pos\build\intermediate\RestaurantPOS14.CSharp\RestaurantPOS14\frmFreeToppingsList.cs(67,17): warning CS0169: The field 'frmFreeToppingsList.num5' is never used [L:\New Restauraunt Pos\build\intermediate\RestaurantPOS14.CSharp\RestaurantPOS14.csproj]
L:\New Restauraunt Pos\build\intermediate\RestaurantPOS14.CSharp\RestaurantPOS14\frmMember.cs(115,21): warning CS0649: Field 'frmMember.components' is never assigned to, and will always have its default value null [L:\New Restauraunt Pos\build\intermediate\RestaurantPOS14.CSharp\RestaurantPOS14.csproj]
L:\New Restauraunt Pos\build\intermediate\RestaurantPOS14.CSharp\RestaurantPOS14\frmCreditCustomerLedger.cs(115,17): warning CS0169: The field 'frmCreditCustomerLedger.b' is never used [L:\New Restauraunt Pos\build\intermediate\RestaurantPOS14.CSharp\RestaurantPOS14.csproj]
L:\New Restauraunt Pos\build\intermediate\RestaurantPOS14.CSharp\RestaurantPOS14\frmRestaurantMaster.cs(229,21): warning CS0649: Field 'frmRestaurantMaster.components' is never assigned to, and will always have its default value null [L:\New Restauraunt Pos\build\intermediate\RestaurantPOS14.CSharp\RestaurantPOS14.csproj]
L:\New Restauraunt Pos\build\intermediate\RestaurantPOS14.CSharp\RestaurantPOS14\frmModifiersList.cs(96,17): warning CS0169: The field 'frmModifiersList.num3' is never used [L:\New Restauraunt Pos\build\intermediate\RestaurantPOS14.CSharp\RestaurantPOS14.csproj]
L:\New Restauraunt Pos\build\intermediate\RestaurantPOS14.CSharp\RestaurantPOS14\frmPOS.cs(2331,17): warning CS0169: The field 'frmPOS.variable1' is never used [L:\New Restauraunt Pos\build\intermediate\RestaurantPOS14.CSharp\RestaurantPOS14.csproj]
L:\New Restauraunt Pos\build\intermediate\RestaurantPOS14.CSharp\RestaurantPOS14\frmPizzaModifiersList_AutoPopUp.cs(20,37): warning CS0649: Field 'frmPizzaModifiersList_AutoPopUp.__ENCList' is never assigned to, and will always have its default value null [L:\New Restauraunt Pos\build\intermediate\RestaurantPOS14.CSharp\RestaurantPOS14.csproj]
L:\New Restauraunt Pos\build\intermediate\RestaurantPOS14.CSharp\RestaurantPOS14\frmLogin.cs(149,17): warning CS0169: The field 'frmLogin.variable1' is never used [L:\New Restauraunt Pos\build\intermediate\RestaurantPOS14.CSharp\RestaurantPOS14.csproj]
L:\New Restauraunt Pos\build\intermediate\RestaurantPOS14.CSharp\RestaurantPOS14\frmCustomDialog16.cs(26,21): warning CS0649: Field 'frmCustomDialog16.components' is never assigned to, and will always have its default value null [L:\New Restauraunt Pos\build\intermediate\RestaurantPOS14.CSharp\RestaurantPOS14.csproj]
L:\New Restauraunt Pos\build\intermediate\RestaurantPOS14.CSharp\RestaurantPOS14\frmPayroll_MB.cs(204,17): warning CS0169: The field 'frmPayroll_MB.s2' is never used [L:\New Restauraunt Pos\build\intermediate\RestaurantPOS14.CSharp\RestaurantPOS14.csproj]
L:\New Restauraunt Pos\build\intermediate\RestaurantPOS14.CSharp\RestaurantPOS14\frmWarehouse.cs(109,21): warning CS0649: Field 'frmWarehouse.components' is never assigned to, and will always have its default value null [L:\New Restauraunt Pos\build\intermediate\RestaurantPOS14.CSharp\RestaurantPOS14.csproj]
L:\New Restauraunt Pos\build\intermediate\RestaurantPOS14.CSharp\RestaurantPOS14\frmCustomDialogX1.cs(38,21): warning CS0649: Field 'frmCustomDialogX1.components' is never assigned to, and will always have its default value null [L:\New Restauraunt Pos\build\intermediate\RestaurantPOS14.CSharp\RestaurantPOS14.csproj]
L:\New Restauraunt Pos\build\intermediate\RestaurantPOS14.CSharp\RestaurantPOS14\frmCustomDialogX2.cs(39,21): warning CS0649: Field 'frmCustomDialogX2.components' is never assigned to, and will always have its default value null [L:\New Restauraunt Pos\build\intermediate\RestaurantPOS14.CSharp\RestaurantPOS14.csproj]
L:\New Restauraunt Pos\build\intermediate\RestaurantPOS14.CSharp\RestaurantPOS14\frmCMISetting.cs(63,21): warning CS0649: Field 'frmCMISetting.components' is never assigned to, and will always have its default value null [L:\New Restauraunt Pos\build\intermediate\RestaurantPOS14.CSharp\RestaurantPOS14.csproj]
L:\New Restauraunt Pos\build\intermediate\RestaurantPOS14.CSharp\RestaurantPOS14\frmPizzaSize.cs(18,37): warning CS0649: Field 'frmPizzaSize.__ENCList' is never assigned to, and will always have its default value null [L:\New Restauraunt Pos\build\intermediate\RestaurantPOS14.CSharp\RestaurantPOS14.csproj]
L:\New Restauraunt Pos\build\intermediate\RestaurantPOS14.CSharp\RestaurantPOS14\frmToppingsList1.cs(120,17): warning CS0169: The field 'frmToppingsList1.num7' is never used [L:\New Restauraunt Pos\build\intermediate\RestaurantPOS14.CSharp\RestaurantPOS14.csproj]
L:\New Restauraunt Pos\build\intermediate\RestaurantPOS14.CSharp\RestaurantPOS14\frmSMSSetting.cs(86,21): warning CS0649: Field 'frmSMSSetting.components' is never assigned to, and will always have its default value null [L:\New Restauraunt Pos\build\intermediate\RestaurantPOS14.CSharp\RestaurantPOS14.csproj]
L:\New Restauraunt Pos\build\intermediate\RestaurantPOS14.CSharp\RestaurantPOS14\frmStockAdjustment_Warehouse_Record.cs(108,21): warning CS0649: Field 'frmStockAdjustment_Warehouse_Record.components' is never assigned to, and will always have its default value null [L:\New Restauraunt Pos\build\intermediate\RestaurantPOS14.CSharp\RestaurantPOS14.csproj]
L:\New Restauraunt Pos\build\intermediate\RestaurantPOS14.CSharp\RestaurantPOS14\frmGeneralLedger.cs(74,17): warning CS0169: The field 'frmGeneralLedger.a' is never used [L:\New Restauraunt Pos\build\intermediate\RestaurantPOS14.CSharp\RestaurantPOS14.csproj]
L:\New Restauraunt Pos\build\intermediate\RestaurantPOS14.CSharp\RestaurantPOS14\frmModifiersList_AutoPopUp.cs(86,17): warning CS0169: The field 'frmModifiersList_AutoPopUp.num6' is never used [L:\New Restauraunt Pos\build\intermediate\RestaurantPOS14.CSharp\RestaurantPOS14.csproj]
L:\New Restauraunt Pos\build\intermediate\RestaurantPOS14.CSharp\RestaurantPOS14\frmTableLayoutSettings.cs(65,21): warning CS0649: Field 'frmTableLayoutSettings.components' is never assigned to, and will always have its default value null [L:\New Restauraunt Pos\build\intermediate\RestaurantPOS14.CSharp\RestaurantPOS14.csproj]
L:\New Restauraunt Pos\build\intermediate\RestaurantPOS14.CSharp\RestaurantPOS14\frmFundTransfer.cs(220,21): warning CS0649: Field 'frmFundTransfer.components' is never assigned to, and will always have its default value null [L:\New Restauraunt Pos\build\intermediate\RestaurantPOS14.CSharp\RestaurantPOS14.csproj]
L:\New Restauraunt Pos\build\intermediate\RestaurantPOS14.CSharp\RestaurantPOS14\frmPizzaModifiersList.cs(89,17): warning CS0649: Field 'frmPizzaModifiersList.DiscountPer' is never assigned to, and will always have its default value 0 [L:\New Restauraunt Pos\build\intermediate\RestaurantPOS14.CSharp\RestaurantPOS14.csproj]
L:\New Restauraunt Pos\build\intermediate\RestaurantPOS14.CSharp\RestaurantPOS14\frmWarehouseType.cs(68,21): warning CS0649: Field 'frmWarehouseType.components' is never assigned to, and will always have its default value null [L:\New Restauraunt Pos\build\intermediate\RestaurantPOS14.CSharp\RestaurantPOS14.csproj]
L:\New Restauraunt Pos\build\intermediate\RestaurantPOS14.CSharp\RestaurantPOS14\frmChangeQty.cs(94,17): warning CS0169: The field 'frmChangeQty.variable2' is never used [L:\New Restauraunt Pos\build\intermediate\RestaurantPOS14.CSharp\RestaurantPOS14.csproj]
L:\New Restauraunt Pos\build\intermediate\RestaurantPOS14.CSharp\RestaurantPOS14\frmCustomDialog18.cs(26,21): warning CS0649: Field 'frmCustomDialog18.components' is never assigned to, and will always have its default value null [L:\New Restauraunt Pos\build\intermediate\RestaurantPOS14.CSharp\RestaurantPOS14.csproj]
L:\New Restauraunt Pos\build\intermediate\RestaurantPOS14.CSharp\RestaurantPOS14\frmTerminalSetting.cs(230,21): warning CS0649: Field 'frmTerminalSetting.components' is never assigned to, and will always have its default value null [L:\New Restauraunt Pos\build\intermediate\RestaurantPOS14.CSharp\RestaurantPOS14.csproj]
L:\New Restauraunt Pos\build\intermediate\RestaurantPOS14.CSharp\RestaurantPOS14\frmExecuteQuery.cs(38,21): warning CS0649: Field 'frmExecuteQuery.components' is never assigned to, and will always have its default value null [L:\New Restauraunt Pos\build\intermediate\RestaurantPOS14.CSharp\RestaurantPOS14.csproj]
L:\New Restauraunt Pos\build\intermediate\RestaurantPOS14.CSharp\RestaurantPOS14\frmExpenseType.cs(68,21): warning CS0649: Field 'frmExpenseType.components' is never assigned to, and will always have its default value null [L:\New Restauraunt Pos\build\intermediate\RestaurantPOS14.CSharp\RestaurantPOS14.csproj]
L:\New Restauraunt Pos\build\intermediate\RestaurantPOS14.CSharp\RestaurantPOS14\frmLoyaltySetting.cs(88,21): warning CS0649: Field 'frmLoyaltySetting.components' is never assigned to, and will always have its default value null [L:\New Restauraunt Pos\build\intermediate\RestaurantPOS14.CSharp\RestaurantPOS14.csproj]
L:\New Restauraunt Pos\build\intermediate\RestaurantPOS14.CSharp\RestaurantPOS14\frmSendBroadcastSMS.cs(60,17): warning CS0169: The field 'frmSendBroadcastSMS.st3' is never used [L:\New Restauraunt Pos\build\intermediate\RestaurantPOS14.CSharp\RestaurantPOS14.csproj]
L:\New Restauraunt Pos\build\intermediate\RestaurantPOS14.CSharp\RestaurantPOS14\frmModifiersList.cs(86,17): warning CS0169: The field 'frmModifiersList.HSTPer' is never used [L:\New Restauraunt Pos\build\intermediate\RestaurantPOS14.CSharp\RestaurantPOS14.csproj]
L:\New Restauraunt Pos\build\intermediate\RestaurantPOS14.CSharp\RestaurantPOS14\frmDelete.cs(21,21): warning CS0649: Field 'frmDelete.components' is never assigned to, and will always have its default value null [L:\New Restauraunt Pos\build\intermediate\RestaurantPOS14.CSharp\RestaurantPOS14.csproj]
L:\New Restauraunt Pos\build\intermediate\RestaurantPOS14.CSharp\RestaurantPOS14\frmCustomDialog11.cs(26,21): warning CS0649: Field 'frmCustomDialog11.components' is never assigned to, and will always have its default value null [L:\New Restauraunt Pos\build\intermediate\RestaurantPOS14.CSharp\RestaurantPOS14.csproj]
L:\New Restauraunt Pos\build\intermediate\RestaurantPOS14.CSharp\RestaurantPOS14\frmCustomDialog12.cs(26,21): warning CS0649: Field 'frmCustomDialog12.components' is never assigned to, and will always have its default value null [L:\New Restauraunt Pos\build\intermediate\RestaurantPOS14.CSharp\RestaurantPOS14.csproj]
L:\New Restauraunt Pos\build\intermediate\RestaurantPOS14.CSharp\RestaurantPOS14\frmBankAccountStatements.cs(91,18): warning CS0169: The field 'frmBankAccountStatements.b' is never used [L:\New Restauraunt Pos\build\intermediate\RestaurantPOS14.CSharp\RestaurantPOS14.csproj]
L:\New Restauraunt Pos\build\intermediate\RestaurantPOS14.CSharp\RestaurantPOS14\frmStockAdjustment.cs(33,21): warning CS0649: Field 'frmStockAdjustment.components' is never assigned to, and will always have its default value null [L:\New Restauraunt Pos\build\intermediate\RestaurantPOS14.CSharp\RestaurantPOS14.csproj]
L:\New Restauraunt Pos\build\intermediate\RestaurantPOS14.CSharp\RestaurantPOS14\frmCustomDialogWS.cs(23,21): warning CS0649: Field 'frmCustomDialogWS.components' is never assigned to, and will always have its default value null [L:\New Restauraunt Pos\build\intermediate\RestaurantPOS14.CSharp\RestaurantPOS14.csproj]
L:\New Restauraunt Pos\build\intermediate\RestaurantPOS14.CSharp\RestaurantPOS14\frmPizzaModifiersList.cs(85,23): warning CS0649: Field 'frmPizzaModifiersList.UserButtons' is never assigned to, and will always have its default value null [L:\New Restauraunt Pos\build\intermediate\RestaurantPOS14.CSharp\RestaurantPOS14.csproj]
L:\New Restauraunt Pos\build\intermediate\RestaurantPOS14.CSharp\RestaurantPOS14\frmModifiersList_AutoPopUp.cs(80,17): warning CS0169: The field 'frmModifiersList_AutoPopUp.num3' is never used [L:\New Restauraunt Pos\build\intermediate\RestaurantPOS14.CSharp\RestaurantPOS14.csproj]
L:\New Restauraunt Pos\build\intermediate\RestaurantPOS14.CSharp\RestaurantPOS14\frmBillSplit.cs(361,17): warning CS0169: The field 'frmBillSplit.s3' is never used [L:\New Restauraunt Pos\build\intermediate\RestaurantPOS14.CSharp\RestaurantPOS14.csproj]
L:\New Restauraunt Pos\build\intermediate\RestaurantPOS14.CSharp\RestaurantPOS14\frmLoyaltyCardMemberLedger.cs(104,17): warning CS0169: The field 'frmLoyaltyCardMemberLedger.c' is never used [L:\New Restauraunt Pos\build\intermediate\RestaurantPOS14.CSharp\RestaurantPOS14.csproj]
L:\New Restauraunt Pos\build\intermediate\RestaurantPOS14.CSharp\RestaurantPOS14\frmModifiersList.cs(94,17): warning CS0169: The field 'frmModifiersList.num2' is never used [L:\New Restauraunt Pos\build\intermediate\RestaurantPOS14.CSharp\RestaurantPOS14.csproj]
L:\New Restauraunt Pos\build\intermediate\RestaurantPOS14.CSharp\RestaurantPOS14\frmPurchaseOrderRecord.cs(123,21): warning CS0649: Field 'frmPurchaseOrderRecord.components' is never assigned to, and will always have its default value null [L:\New Restauraunt Pos\build\intermediate\RestaurantPOS14.CSharp\RestaurantPOS14.csproj]
L:\New Restauraunt Pos\build\intermediate\RestaurantPOS14.CSharp\RestaurantPOS14\frmEnterQty.cs(95,17): warning CS0169: The field 'frmEnterQty.variable2' is never used [L:\New Restauraunt Pos\build\intermediate\RestaurantPOS14.CSharp\RestaurantPOS14.csproj]
L:\New Restauraunt Pos\build\intermediate\RestaurantPOS14.CSharp\RestaurantPOS14\frmStockAdjustment_MI_Record.cs(96,21): warning CS0649: Field 'frmStockAdjustment_MI_Record.components' is never assigned to, and will always have its default value null [L:\New Restauraunt Pos\build\intermediate\RestaurantPOS14.CSharp\RestaurantPOS14.csproj]
L:\New Restauraunt Pos\build\intermediate\RestaurantPOS14.CSharp\RestaurantPOS14\frmPizzaModifiersList.cs(109,17): warning CS0169: The field 'frmPizzaModifiersList.num5' is never used [L:\New Restauraunt Pos\build\intermediate\RestaurantPOS14.CSharp\RestaurantPOS14.csproj]
L:\New Restauraunt Pos\build\intermediate\RestaurantPOS14.CSharp\RestaurantPOS14\ModClasses.cs(44,26): warning CS0649: Field 'ModClasses.dtable4' is never assigned to, and will always have its default value null [L:\New Restauraunt Pos\build\intermediate\RestaurantPOS14.CSharp\RestaurantPOS14.csproj]
L:\New Restauraunt Pos\build\intermediate\RestaurantPOS14.CSharp\RestaurantPOS14\frmStockAdjustment_Store_Record.cs(105,21): warning CS0649: Field 'frmStockAdjustment_Store_Record.components' is never assigned to, and will always have its default value null [L:\New Restauraunt Pos\build\intermediate\RestaurantPOS14.CSharp\RestaurantPOS14.csproj]
L:\New Restauraunt Pos\build\intermediate\RestaurantPOS14.CSharp\RestaurantPOS14\frmModifiersList.cs(90,17): warning CS0169: The field 'frmModifiersList.TotalAmount' is never used [L:\New Restauraunt Pos\build\intermediate\RestaurantPOS14.CSharp\RestaurantPOS14.csproj]
L:\New Restauraunt Pos\build\intermediate\RestaurantPOS14.CSharp\RestaurantPOS14\frmNotes1.cs(54,21): warning CS0649: Field 'frmNotes1.components' is never assigned to, and will always have its default value null [L:\New Restauraunt Pos\build\intermediate\RestaurantPOS14.CSharp\RestaurantPOS14.csproj]
L:\New Restauraunt Pos\build\intermediate\RestaurantPOS14.CSharp\RestaurantPOS14\frmMpesaSetting.cs(70,21): warning CS0649: Field 'frmMpesaSetting.components' is never assigned to, and will always have its default value null [L:\New Restauraunt Pos\build\intermediate\RestaurantPOS14.CSharp\RestaurantPOS14.csproj]
L:\New Restauraunt Pos\build\intermediate\RestaurantPOS14.CSharp\RestaurantPOS14\frmProductRecord.cs(105,21): warning CS0649: Field 'frmProductRecord.components' is never assigned to, and will always have its default value null [L:\New Restauraunt Pos\build\intermediate\RestaurantPOS14.CSharp\RestaurantPOS14.csproj]
L:\New Restauraunt Pos\build\intermediate\RestaurantPOS14.CSharp\RestaurantPOS14\frmPizzasExportImport.cs(21,37): warning CS0649: Field 'frmPizzasExportImport.__ENCList' is never assigned to, and will always have its default value null [L:\New Restauraunt Pos\build\intermediate\RestaurantPOS14.CSharp\RestaurantPOS14.csproj]
L:\New Restauraunt Pos\build\intermediate\RestaurantPOS14.CSharp\RestaurantPOS14\frmEmployeeRegistration.cs(135,21): warning CS0649: Field 'frmEmployeeRegistration.components' is never assigned to, and will always have its default value null [L:\New Restauraunt Pos\build\intermediate\RestaurantPOS14.CSharp\RestaurantPOS14.csproj]
L:\New Restauraunt Pos\build\intermediate\RestaurantPOS14.CSharp\RestaurantPOS14\frmItemsTransfer.cs(185,17): warning CS0169: The field 'frmItemsTransfer.num3' is never used [L:\New Restauraunt Pos\build\intermediate\RestaurantPOS14.CSharp\RestaurantPOS14.csproj]
L:\New Restauraunt Pos\build\intermediate\RestaurantPOS14.CSharp\RestaurantPOS14\frmPizzaModifiersList_AutoPopUp.cs(85,23): warning CS0649: Field 'frmPizzaModifiersList_AutoPopUp.UserButtons' is never assigned to, and will always have its default value null [L:\New Restauraunt Pos\build\intermediate\RestaurantPOS14.CSharp\RestaurantPOS14.csproj]
L:\New Restauraunt Pos\build\intermediate\RestaurantPOS14.CSharp\RestaurantPOS14\frmStockInRecord.cs(86,21): warning CS0649: Field 'frmStockInRecord.components' is never assigned to, and will always have its default value null [L:\New Restauraunt Pos\build\intermediate\RestaurantPOS14.CSharp\RestaurantPOS14.csproj]
L:\New Restauraunt Pos\build\intermediate\RestaurantPOS14.CSharp\RestaurantPOS14\frmRecipeRecord.cs(65,21): warning CS0649: Field 'frmRecipeRecord.components' is never assigned to, and will always have its default value null [L:\New Restauraunt Pos\build\intermediate\RestaurantPOS14.CSharp\RestaurantPOS14.csproj]
L:\New Restauraunt Pos\build\intermediate\RestaurantPOS14.CSharp\RestaurantPOS14\frmModifiersList.cs(104,17): warning CS0169: The field 'frmModifiersList.num7' is never used [L:\New Restauraunt Pos\build\intermediate\RestaurantPOS14.CSharp\RestaurantPOS14.csproj]
L:\New Restauraunt Pos\build\intermediate\RestaurantPOS14.CSharp\RestaurantPOS14\frmPaymentRecord.cs(114,18): warning CS0169: The field 'frmPaymentRecord.num2' is never used [L:\New Restauraunt Pos\build\intermediate\RestaurantPOS14.CSharp\RestaurantPOS14.csproj]
L:\New Restauraunt Pos\build\intermediate\RestaurantPOS14.CSharp\RestaurantPOS14\frmPOS.cs(2381,17): warning CS0169: The field 'frmPOS.strCreditCustomerName' is never used [L:\New Restauraunt Pos\build\intermediate\RestaurantPOS14.CSharp\RestaurantPOS14.csproj]
L:\New Restauraunt Pos\build\intermediate\RestaurantPOS14.CSharp\RestaurantPOS14\frmBankAccountStatements.cs(97,18): warning CS0169: The field 'frmBankAccountStatements.f' is never used [L:\New Restauraunt Pos\build\intermediate\RestaurantPOS14.CSharp\RestaurantPOS14.csproj]
L:\New Restauraunt Pos\build\intermediate\RestaurantPOS14.CSharp\RestaurantPOS14\frmGeneralLedger.cs(76,17): warning CS0169: The field 'frmGeneralLedger.b' is never used [L:\New Restauraunt Pos\build\intermediate\RestaurantPOS14.CSharp\RestaurantPOS14.csproj]
L:\New Restauraunt Pos\build\intermediate\RestaurantPOS14.CSharp\RestaurantPOS14\frmKDS.cs(77,17): warning CS0169: The field 'frmKDS.s1' is never used [L:\New Restauraunt Pos\build\intermediate\RestaurantPOS14.CSharp\RestaurantPOS14.csproj]
L:\New Restauraunt Pos\build\intermediate\RestaurantPOS14.CSharp\RestaurantPOS14\frmBankAccountStatements.cs(89,18): warning CS0169: The field 'frmBankAccountStatements.a' is never used [L:\New Restauraunt Pos\build\intermediate\RestaurantPOS14.CSharp\RestaurantPOS14.csproj]
L:\New Restauraunt Pos\build\intermediate\RestaurantPOS14.CSharp\RestaurantPOS14\frmCustomersRecord.cs(89,21): warning CS0649: Field 'frmCustomersRecord.components' is never assigned to, and will always have its default value null [L:\New Restauraunt Pos\build\intermediate\RestaurantPOS14.CSharp\RestaurantPOS14.csproj]
L:\New Restauraunt Pos\build\intermediate\RestaurantPOS14.CSharp\RestaurantPOS14\frmSMSSetting.cs(84,17): warning CS0169: The field 'frmSMSSetting.st3' is never used [L:\New Restauraunt Pos\build\intermediate\RestaurantPOS14.CSharp\RestaurantPOS14.csproj]
L:\New Restauraunt Pos\build\intermediate\RestaurantPOS14.CSharp\RestaurantPOS14\frmCustomDialog3.cs(26,21): warning CS0649: Field 'frmCustomDialog3.components' is never assigned to, and will always have its default value null [L:\New Restauraunt Pos\build\intermediate\RestaurantPOS14.CSharp\RestaurantPOS14.csproj]
L:\New Restauraunt Pos\build\intermediate\RestaurantPOS14.CSharp\RestaurantPOS14\frmCustomDialog4.cs(26,21): warning CS0649: Field 'frmCustomDialog4.components' is never assigned to, and will always have its default value null [L:\New Restauraunt Pos\build\intermediate\RestaurantPOS14.CSharp\RestaurantPOS14.csproj]
L:\New Restauraunt Pos\build\intermediate\RestaurantPOS14.CSharp\RestaurantPOS14\frmBankAccountStatements.cs(103,18): warning CS0169: The field 'frmBankAccountStatements.i' is never used [L:\New Restauraunt Pos\build\intermediate\RestaurantPOS14.CSharp\RestaurantPOS14.csproj]
L:\New Restauraunt Pos\build\intermediate\RestaurantPOS14.CSharp\RestaurantPOS14\frmPizzaModifiersList_AutoPopUp.cs(109,17): warning CS0169: The field 'frmPizzaModifiersList_AutoPopUp.num5' is never used [L:\New Restauraunt Pos\build\intermediate\RestaurantPOS14.CSharp\RestaurantPOS14.csproj]
L:\New Restauraunt Pos\build\intermediate\RestaurantPOS14.CSharp\RestaurantPOS14\frmBarcodeLabelPrinting.cs(90,17): warning CS0169: The field 'frmBarcodeLabelPrinting.st' is never used [L:\New Restauraunt Pos\build\intermediate\RestaurantPOS14.CSharp\RestaurantPOS14.csproj]
L:\New Restauraunt Pos\build\intermediate\RestaurantPOS14.CSharp\RestaurantPOS14\frmModifiersList_AutoPopUp.cs(76,17): warning CS0169: The field 'frmModifiersList_AutoPopUp.num1' is never used [L:\New Restauraunt Pos\build\intermediate\RestaurantPOS14.CSharp\RestaurantPOS14.csproj]
L:\New Restauraunt Pos\build\intermediate\RestaurantPOS14.CSharp\RestaurantPOS14\frmCustomDialog1.cs(26,21): warning CS0649: Field 'frmCustomDialog1.components' is never assigned to, and will always have its default value null [L:\New Restauraunt Pos\build\intermediate\RestaurantPOS14.CSharp\RestaurantPOS14.csproj]
L:\New Restauraunt Pos\build\intermediate\RestaurantPOS14.CSharp\RestaurantPOS14\frmStock_StoreRecord.cs(75,21): warning CS0649: Field 'frmStock_StoreRecord.components' is never assigned to, and will always have its default value null [L:\New Restauraunt Pos\build\intermediate\RestaurantPOS14.CSharp\RestaurantPOS14.csproj]
L:\New Restauraunt Pos\build\intermediate\RestaurantPOS14.CSharp\RestaurantPOS14\frmNotesMaster.cs(68,21): warning CS0649: Field 'frmNotesMaster.components' is never assigned to, and will always have its default value null [L:\New Restauraunt Pos\build\intermediate\RestaurantPOS14.CSharp\RestaurantPOS14.csproj]
L:\New Restauraunt Pos\build\intermediate\RestaurantPOS14.CSharp\RestaurantPOS14\frmRefundMoney.cs(111,21): warning CS0649: Field 'frmRefundMoney.components' is never assigned to, and will always have its default value null [L:\New Restauraunt Pos\build\intermediate\RestaurantPOS14.CSharp\RestaurantPOS14.csproj]
L:\New Restauraunt Pos\build\intermediate\RestaurantPOS14.CSharp\RestaurantPOS14\frmCustomDialog5.cs(26,21): warning CS0649: Field 'frmCustomDialog5.components' is never assigned to, and will always have its default value null [L:\New Restauraunt Pos\build\intermediate\RestaurantPOS14.CSharp\RestaurantPOS14.csproj]
L:\New Restauraunt Pos\build\intermediate\RestaurantPOS14.CSharp\RestaurantPOS14\frmChangeQty.cs(92,17): warning CS0169: The field 'frmChangeQty.variable1' is never used [L:\New Restauraunt Pos\build\intermediate\RestaurantPOS14.CSharp\RestaurantPOS14.csproj]
L:\New Restauraunt Pos\build\intermediate\RestaurantPOS14.CSharp\RestaurantPOS14\frmPizzaPOS.cs(180,17): warning CS0169: The field 'frmPizzaPOS.num5' is never used [L:\New Restauraunt Pos\build\intermediate\RestaurantPOS14.CSharp\RestaurantPOS14.csproj]
L:\New Restauraunt Pos\build\intermediate\RestaurantPOS14.CSharp\RestaurantPOS14\frmMenuItemsCategory.cs(121,21): warning CS0649: Field 'frmMenuItemsCategory.components' is never assigned to, and will always have its default value null [L:\New Restauraunt Pos\build\intermediate\RestaurantPOS14.CSharp\RestaurantPOS14.csproj]
L:\New Restauraunt Pos\build\intermediate\RestaurantPOS14.CSharp\RestaurantPOS14\frmPayroll_MBRecord.cs(75,21): warning CS0649: Field 'frmPayroll_MBRecord.components' is never assigned to, and will always have its default value null [L:\New Restauraunt Pos\build\intermediate\RestaurantPOS14.CSharp\RestaurantPOS14.csproj]
L:\New Restauraunt Pos\build\intermediate\RestaurantPOS14.CSharp\RestaurantPOS14\frmLoyaltyMember.cs(125,21): warning CS0649: Field 'frmLoyaltyMember.components' is never assigned to, and will always have its default value null [L:\New Restauraunt Pos\build\intermediate\RestaurantPOS14.CSharp\RestaurantPOS14.csproj]
L:\New Restauraunt Pos\build\intermediate\RestaurantPOS14.CSharp\RestaurantPOS14\frmPizzaToppings.cs(20,37): warning CS0649: Field 'frmPizzaToppings.__ENCList' is never assigned to, and will always have its default value null [L:\New Restauraunt Pos\build\intermediate\RestaurantPOS14.CSharp\RestaurantPOS14.csproj]
L:\New Restauraunt Pos\build\intermediate\RestaurantPOS14.CSharp\RestaurantPOS14\frmPurchaseEntry.cs(299,17): warning CS0169: The field 'frmPurchaseEntry.OBtype' is never used [L:\New Restauraunt Pos\build\intermediate\RestaurantPOS14.CSharp\RestaurantPOS14.csproj]
L:\New Restauraunt Pos\build\intermediate\RestaurantPOS14.CSharp\RestaurantPOS14\frmOthersSetting.cs(236,21): warning CS0649: Field 'frmOthersSetting.components' is never assigned to, and will always have its default value null [L:\New Restauraunt Pos\build\intermediate\RestaurantPOS14.CSharp\RestaurantPOS14.csproj]
L:\New Restauraunt Pos\build\intermediate\RestaurantPOS14.CSharp\RestaurantPOS14\frmTableLayout.cs(40,21): warning CS0649: Field 'frmTableLayout.components' is never assigned to, and will always have its default value null [L:\New Restauraunt Pos\build\intermediate\RestaurantPOS14.CSharp\RestaurantPOS14.csproj]
L:\New Restauraunt Pos\build\intermediate\RestaurantPOS14.CSharp\RestaurantPOS14\frmItemsTransfer.cs(197,21): warning CS0649: Field 'frmItemsTransfer.components' is never assigned to, and will always have its default value null [L:\New Restauraunt Pos\build\intermediate\RestaurantPOS14.CSharp\RestaurantPOS14.csproj]
L:\New Restauraunt Pos\build\intermediate\RestaurantPOS14.CSharp\RestaurantPOS14\frmOrderedItemDetails.cs(59,21): warning CS0649: Field 'frmOrderedItemDetails.components' is never assigned to, and will always have its default value null [L:\New Restauraunt Pos\build\intermediate\RestaurantPOS14.CSharp\RestaurantPOS14.csproj]
L:\New Restauraunt Pos\build\intermediate\RestaurantPOS14.CSharp\RestaurantPOS14\frmPurchaseOrder.cs(256,18): warning CS0169: The field 'frmPurchaseOrder.num8' is never used [L:\New Restauraunt Pos\build\intermediate\RestaurantPOS14.CSharp\RestaurantPOS14.csproj]
L:\New Restauraunt Pos\build\intermediate\RestaurantPOS14.CSharp\RestaurantPOS14\frmPayroll_HB.cs(204,17): warning CS0169: The field 'frmPayroll_HB.s2' is never used [L:\New Restauraunt Pos\build\intermediate\RestaurantPOS14.CSharp\RestaurantPOS14.csproj]
L:\New Restauraunt Pos\build\intermediate\RestaurantPOS14.CSharp\RestaurantPOS14\frmPOS.cs(2317,17): warning CS0169: The field 'frmPOS.Filename' is never used [L:\New Restauraunt Pos\build\intermediate\RestaurantPOS14.CSharp\RestaurantPOS14.csproj]
L:\New Restauraunt Pos\build\intermediate\RestaurantPOS14.CSharp\RestaurantPOS14\frmPaymentRecord.cs(112,18): warning CS0169: The field 'frmPaymentRecord.num1' is never used [L:\New Restauraunt Pos\build\intermediate\RestaurantPOS14.CSharp\RestaurantPOS14.csproj]
L:\New Restauraunt Pos\build\intermediate\RestaurantPOS14.CSharp\RestaurantPOS14\frmCustomDialog2.cs(26,21): warning CS0649: Field 'frmCustomDialog2.components' is never assigned to, and will always have its default value null [L:\New Restauraunt Pos\build\intermediate\RestaurantPOS14.CSharp\RestaurantPOS14.csproj]
L:\New Restauraunt Pos\build\intermediate\RestaurantPOS14.CSharp\RestaurantPOS14\frmBankAccountStatements.cs(93,18): warning CS0169: The field 'frmBankAccountStatements.c' is never used [L:\New Restauraunt Pos\build\intermediate\RestaurantPOS14.CSharp\RestaurantPOS14.csproj]
L:\New Restauraunt Pos\build\intermediate\RestaurantPOS14.CSharp\RestaurantPOS14\frmBillSplit.cs(383,17): warning CS0169: The field 'frmBillSplit.num7' is never used [L:\New Restauraunt Pos\build\intermediate\RestaurantPOS14.CSharp\RestaurantPOS14.csproj]
L:\New Restauraunt Pos\build\intermediate\RestaurantPOS14.CSharp\RestaurantPOS14\frmLoyaltySetting.cs(86,17): warning CS0169: The field 'frmLoyaltySetting.st1' is never used [L:\New Restauraunt Pos\build\intermediate\RestaurantPOS14.CSharp\RestaurantPOS14.csproj]
L:\New Restauraunt Pos\build\intermediate\RestaurantPOS14.CSharp\RestaurantPOS14\frmCustomer.cs(111,21): warning CS0649: Field 'frmCustomer.components' is never assigned to, and will always have its default value null [L:\New Restauraunt Pos\build\intermediate\RestaurantPOS14.CSharp\RestaurantPOS14.csproj]
L:\New Restauraunt Pos\build\intermediate\RestaurantPOS14.CSharp\RestaurantPOS14\frmExpense.cs(91,21): warning CS0649: Field 'frmExpense.components' is never assigned to, and will always have its default value null [L:\New Restauraunt Pos\build\intermediate\RestaurantPOS14.CSharp\RestaurantPOS14.csproj]
L:\New Restauraunt Pos\build\intermediate\RestaurantPOS14.CSharp\RestaurantPOS14\frmPayrollRecord_HB.cs(75,21): warning CS0649: Field 'frmPayrollRecord_HB.components' is never assigned to, and will always have its default value null [L:\New Restauraunt Pos\build\intermediate\RestaurantPOS14.CSharp\RestaurantPOS14.csproj]
L:\New Restauraunt Pos\build\intermediate\RestaurantPOS14.CSharp\RestaurantPOS14\frmCustomDialog7.cs(26,21): warning CS0649: Field 'frmCustomDialog7.components' is never assigned to, and will always have its default value null [L:\New Restauraunt Pos\build\intermediate\RestaurantPOS14.CSharp\RestaurantPOS14.csproj]
L:\New Restauraunt Pos\build\intermediate\RestaurantPOS14.CSharp\RestaurantPOS14\frmPOS.cs(2437,17): warning CS0169: The field 'frmPOS.M13' is never used [L:\New Restauraunt Pos\build\intermediate\RestaurantPOS14.CSharp\RestaurantPOS14.csproj]
L:\New Restauraunt Pos\build\intermediate\RestaurantPOS14.CSharp\RestaurantPOS14\frmModifiersList_AutoPopUp.cs(62,17): warning CS0169: The field 'frmModifiersList_AutoPopUp.Rate' is never used [L:\New Restauraunt Pos\build\intermediate\RestaurantPOS14.CSharp\RestaurantPOS14.csproj]
L:\New Restauraunt Pos\build\intermediate\RestaurantPOS14.CSharp\RestaurantPOS14\frmCustomDialog4X.cs(26,21): warning CS0649: Field 'frmCustomDialog4X.components' is never assigned to, and will always have its default value null [L:\New Restauraunt Pos\build\intermediate\RestaurantPOS14.CSharp\RestaurantPOS14.csproj]
L:\New Restauraunt Pos\build\intermediate\RestaurantPOS14.CSharp\RestaurantPOS14\frmPizzaToppingsExportImport.cs(21,37): warning CS0649: Field 'frmPizzaToppingsExportImport.__ENCList' is never assigned to, and will always have its default value null [L:\New Restauraunt Pos\build\intermediate\RestaurantPOS14.CSharp\RestaurantPOS14.csproj]
L:\New Restauraunt Pos\build\intermediate\RestaurantPOS14.CSharp\RestaurantPOS14\frmPayment.cs(174,18): warning CS0169: The field 'frmPayment.num3' is never used [L:\New Restauraunt Pos\build\intermediate\RestaurantPOS14.CSharp\RestaurantPOS14.csproj]
L:\New Restauraunt Pos\build\intermediate\RestaurantPOS14.CSharp\RestaurantPOS14\frmRegistration.cs(179,21): warning CS0649: Field 'frmRegistration.components' is never assigned to, and will always have its default value null [L:\New Restauraunt Pos\build\intermediate\RestaurantPOS14.CSharp\RestaurantPOS14.csproj]
L:\New Restauraunt Pos\build\intermediate\RestaurantPOS14.CSharp\RestaurantPOS14\frmModifiersList_AutoPopUp.cs(88,17): warning CS0169: The field 'frmModifiersList_AutoPopUp.num7' is never used [L:\New Restauraunt Pos\build\intermediate\RestaurantPOS14.CSharp\RestaurantPOS14.csproj]
L:\New Restauraunt Pos\build\intermediate\RestaurantPOS14.CSharp\RestaurantPOS14\frmItemsTransfer.cs(187,17): warning CS0169: The field 'frmItemsTransfer.num4' is never used [L:\New Restauraunt Pos\build\intermediate\RestaurantPOS14.CSharp\RestaurantPOS14.csproj]
L:\New Restauraunt Pos\build\intermediate\RestaurantPOS14.CSharp\RestaurantPOS14\frmPizzaPOS.cs(184,17): warning CS0169: The field 'frmPizzaPOS.num7' is never used [L:\New Restauraunt Pos\build\intermediate\RestaurantPOS14.CSharp\RestaurantPOS14.csproj]
L:\New Restauraunt Pos\build\intermediate\RestaurantPOS14.CSharp\RestaurantPOS14\ModClasses.cs(34,31): warning CS0649: Field 'ModClasses.adp4' is never assigned to, and will always have its default value null [L:\New Restauraunt Pos\build\intermediate\RestaurantPOS14.CSharp\RestaurantPOS14.csproj]
L:\New Restauraunt Pos\build\intermediate\RestaurantPOS14.CSharp\RestaurantPOS14\ModClasses.cs(32,31): warning CS0649: Field 'ModClasses.adp3' is never assigned to, and will always have its default value null [L:\New Restauraunt Pos\build\intermediate\RestaurantPOS14.CSharp\RestaurantPOS14.csproj]
L:\New Restauraunt Pos\build\intermediate\RestaurantPOS14.CSharp\RestaurantPOS14\frmTableList.cs(45,21): warning CS0649: Field 'frmTableList.components' is never assigned to, and will always have its default value null [L:\New Restauraunt Pos\build\intermediate\RestaurantPOS14.CSharp\RestaurantPOS14.csproj]
L:\New Restauraunt Pos\build\intermediate\RestaurantPOS14.CSharp\RestaurantPOS14\frmModifiersList_AutoPopUp.cs(78,17): warning CS0169: The field 'frmModifiersList_AutoPopUp.num2' is never used [L:\New Restauraunt Pos\build\intermediate\RestaurantPOS14.CSharp\RestaurantPOS14.csproj]
L:\New Restauraunt Pos\build\intermediate\RestaurantPOS14.CSharp\RestaurantPOS14\frmModifiersList.cs(84,17): warning CS0169: The field 'frmModifiersList.Discount' is never used [L:\New Restauraunt Pos\build\intermediate\RestaurantPOS14.CSharp\RestaurantPOS14.csproj]
L:\New Restauraunt Pos\build\intermediate\RestaurantPOS14.CSharp\RestaurantPOS14\frmCustomDialog20.cs(26,21): warning CS0649: Field 'frmCustomDialog20.components' is never assigned to, and will always have its default value null [L:\New Restauraunt Pos\build\intermediate\RestaurantPOS14.CSharp\RestaurantPOS14.csproj]
L:\New Restauraunt Pos\build\intermediate\RestaurantPOS14.CSharp\RestaurantPOS14\frmToppingsList.cs(121,17): warning CS0169: The field 'frmToppingsList.num7' is never used [L:\New Restauraunt Pos\build\intermediate\RestaurantPOS14.CSharp\RestaurantPOS14.csproj]
L:\New Restauraunt Pos\build\intermediate\RestaurantPOS14.CSharp\RestaurantPOS14\frmHDStatus.cs(44,21): warning CS0649: Field 'frmHDStatus.components' is never assigned to, and will always have its default value null [L:\New Restauraunt Pos\build\intermediate\RestaurantPOS14.CSharp\RestaurantPOS14.csproj]
L:\New Restauraunt Pos\build\intermediate\RestaurantPOS14.CSharp\RestaurantPOS14\frmLoyaltyCardMemberLedger.cs(102,17): warning CS0169: The field 'frmLoyaltyCardMemberLedger.b' is never used [L:\New Restauraunt Pos\build\intermediate\RestaurantPOS14.CSharp\RestaurantPOS14.csproj]
L:\New Restauraunt Pos\build\intermediate\RestaurantPOS14.CSharp\RestaurantPOS14\frmMemberLedger.cs(104,17): warning CS0169: The field 'frmMemberLedger.c' is never used [L:\New Restauraunt Pos\build\intermediate\RestaurantPOS14.CSharp\RestaurantPOS14.csproj]
L:\New Restauraunt Pos\build\intermediate\RestaurantPOS14.CSharp\RestaurantPOS14\frmWaiterList.cs(36,21): warning CS0649: Field 'frmWaiterList.components' is never assigned to, and will always have its default value null [L:\New Restauraunt Pos\build\intermediate\RestaurantPOS14.CSharp\RestaurantPOS14.csproj]
L:\New Restauraunt Pos\build\intermediate\RestaurantPOS14.CSharp\RestaurantPOS14\frmPOS.cs(2363,17): warning CS0169: The field 'frmPOS.str1' is never used [L:\New Restauraunt Pos\build\intermediate\RestaurantPOS14.CSharp\RestaurantPOS14.csproj]
L:\New Restauraunt Pos\build\intermediate\RestaurantPOS14.CSharp\RestaurantPOS14\frmCreditCustomerLedger.cs(117,17): warning CS0169: The field 'frmCreditCustomerLedger.c' is never used [L:\New Restauraunt Pos\build\intermediate\RestaurantPOS14.CSharp\RestaurantPOS14.csproj]
L:\New Restauraunt Pos\build\intermediate\RestaurantPOS14.CSharp\RestaurantPOS14\frmRawMaterialsUsed.cs(68,21): warning CS0649: Field 'frmRawMaterialsUsed.components' is never assigned to, and will always have its default value null [L:\New Restauraunt Pos\build\intermediate\RestaurantPOS14.CSharp\RestaurantPOS14.csproj]
L:\New Restauraunt Pos\build\intermediate\RestaurantPOS14.CSharp\RestaurantPOS14\frmBranchMaster_Bank.cs(122,21): warning CS0649: Field 'frmBranchMaster_Bank.components' is never assigned to, and will always have its default value null [L:\New Restauraunt Pos\build\intermediate\RestaurantPOS14.CSharp\RestaurantPOS14.csproj]
L:\New Restauraunt Pos\build\intermediate\RestaurantPOS14.CSharp\RestaurantPOS14\frmLowStockRecord.cs(67,21): warning CS0649: Field 'frmLowStockRecord.components' is never assigned to, and will always have its default value null [L:\New Restauraunt Pos\build\intermediate\RestaurantPOS14.CSharp\RestaurantPOS14.csproj]
L:\New Restauraunt Pos\build\intermediate\RestaurantPOS14.CSharp\RestaurantPOS14\frmFreeToppingsList.cs(71,17): warning CS0169: The field 'frmFreeToppingsList.num7' is never used [L:\New Restauraunt Pos\build\intermediate\RestaurantPOS14.CSharp\RestaurantPOS14.csproj]
L:\New Restauraunt Pos\build\intermediate\RestaurantPOS14.CSharp\RestaurantPOS14\frmCreditCustomerReceipt.cs(170,18): warning CS0169: The field 'frmCreditCustomerReceipt.num3' is never used [L:\New Restauraunt Pos\build\intermediate\RestaurantPOS14.CSharp\RestaurantPOS14.csproj]
L:\New Restauraunt Pos\build\intermediate\RestaurantPOS14.CSharp\RestaurantPOS14\frmPurchaseOrder.cs(248,18): warning CS0169: The field 'frmPurchaseOrder.num4' is never used [L:\New Restauraunt Pos\build\intermediate\RestaurantPOS14.CSharp\RestaurantPOS14.csproj]
L:\New Restauraunt Pos\build\intermediate\RestaurantPOS14.CSharp\RestaurantPOS14\frmKitchen_Section.cs(105,21): warning CS0649: Field 'frmKitchen_Section.components' is never assigned to, and will always have its default value null [L:\New Restauraunt Pos\build\intermediate\RestaurantPOS14.CSharp\RestaurantPOS14.csproj]
L:\New Restauraunt Pos\build\intermediate\RestaurantPOS14.CSharp\RestaurantPOS14\frmGiftCard.cs(98,17): warning CS0169: The field 'frmGiftCard.st1' is never used [L:\New Restauraunt Pos\build\intermediate\RestaurantPOS14.CSharp\RestaurantPOS14.csproj]
L:\New Restauraunt Pos\build\intermediate\RestaurantPOS14.CSharp\RestaurantPOS14\frmCreditCustomerRegistration.cs(146,21): warning CS0649: Field 'frmCreditCustomerRegistration.components' is never assigned to, and will always have its default value null [L:\New Restauraunt Pos\build\intermediate\RestaurantPOS14.CSharp\RestaurantPOS14.csproj]
L:\New Restauraunt Pos\build\intermediate\RestaurantPOS14.CSharp\RestaurantPOS14\ModClasses.cs(46,23): warning CS0649: Field 'ModClasses.TempFileNames2' is never assigned to, and will always have its default value null [L:\New Restauraunt Pos\build\intermediate\RestaurantPOS14.CSharp\RestaurantPOS14.csproj]
L:\New Restauraunt Pos\build\intermediate\RestaurantPOS14.CSharp\RestaurantPOS14\frmAssignedTablesList_Waiter.cs(38,21): warning CS0649: Field 'frmAssignedTablesList_Waiter.components' is never assigned to, and will always have its default value null [L:\New Restauraunt Pos\build\intermediate\RestaurantPOS14.CSharp\RestaurantPOS14.csproj]
L:\New Restauraunt Pos\build\intermediate\RestaurantPOS14.CSharp\RestaurantPOS14\frmEmailSetting.cs(121,17): warning CS0169: The field 'frmEmailSetting.st3' is never used [L:\New Restauraunt Pos\build\intermediate\RestaurantPOS14.CSharp\RestaurantPOS14.csproj]
L:\New Restauraunt Pos\build\intermediate\RestaurantPOS14.CSharp\RestaurantPOS14\frmLoyaltyCardMemberList.cs(50,21): warning CS0649: Field 'frmLoyaltyCardMemberList.components' is never assigned to, and will always have its default value null [L:\New Restauraunt Pos\build\intermediate\RestaurantPOS14.CSharp\RestaurantPOS14.csproj]
L:\New Restauraunt Pos\build\intermediate\RestaurantPOS14.CSharp\RestaurantPOS14\frmModifiersList_AutoPopUp.cs(82,17): warning CS0169: The field 'frmModifiersList_AutoPopUp.num4' is never used [L:\New Restauraunt Pos\build\intermediate\RestaurantPOS14.CSharp\RestaurantPOS14.csproj]
L:\New Restauraunt Pos\build\intermediate\RestaurantPOS14.CSharp\RestaurantPOS14\ModClasses.cs(20,27): warning CS0649: Field 'ModClasses.cmd4' is never assigned to, and will always have its default value null [L:\New Restauraunt Pos\build\intermediate\RestaurantPOS14.CSharp\RestaurantPOS14.csproj]
L:\New Restauraunt Pos\build\intermediate\RestaurantPOS14.CSharp\RestaurantPOS14\frmModifiersList.cs(82,17): warning CS0169: The field 'frmModifiersList.HST' is never used [L:\New Restauraunt Pos\build\intermediate\RestaurantPOS14.CSharp\RestaurantPOS14.csproj]
L:\New Restauraunt Pos\build\intermediate\RestaurantPOS14.CSharp\RestaurantPOS14\frmCustomDialog19.cs(26,21): warning CS0649: Field 'frmCustomDialog19.components' is never assigned to, and will always have its default value null [L:\New Restauraunt Pos\build\intermediate\RestaurantPOS14.CSharp\RestaurantPOS14.csproj]
L:\New Restauraunt Pos\build\intermediate\RestaurantPOS14.CSharp\RestaurantPOS14\ModClasses.cs(30,31): warning CS0649: Field 'ModClasses.adp2' is never assigned to, and will always have its default value null [L:\New Restauraunt Pos\build\intermediate\RestaurantPOS14.CSharp\RestaurantPOS14.csproj]
L:\New Restauraunt Pos\build\intermediate\RestaurantPOS14.CSharp\RestaurantPOS14\frmRawMaterialsCategory.cs(68,21): warning CS0649: Field 'frmRawMaterialsCategory.components' is never assigned to, and will always have its default value null [L:\New Restauraunt Pos\build\intermediate\RestaurantPOS14.CSharp\RestaurantPOS14.csproj]
L:\New Restauraunt Pos\build\intermediate\RestaurantPOS14.CSharp\RestaurantPOS14\frmOpenTicketsRecord.cs(99,21): warning CS0649: Field 'frmOpenTicketsRecord.components' is never assigned to, and will always have its default value null [L:\New Restauraunt Pos\build\intermediate\RestaurantPOS14.CSharp\RestaurantPOS14.csproj]
L:\New Restauraunt Pos\build\intermediate\RestaurantPOS14.CSharp\RestaurantPOS14\frmModifiersList.cs(80,17): warning CS0169: The field 'frmModifiersList.DiscountPer' is never used [L:\New Restauraunt Pos\build\intermediate\RestaurantPOS14.CSharp\RestaurantPOS14.csproj]
L:\New Restauraunt Pos\build\intermediate\RestaurantPOS14.CSharp\RestaurantPOS14\frmPOS.cs(2369,18): warning CS0649: Field 'frmPOS.m' is never assigned to, and will always have its default value 0 [L:\New Restauraunt Pos\build\intermediate\RestaurantPOS14.CSharp\RestaurantPOS14.csproj]
L:\New Restauraunt Pos\build\intermediate\RestaurantPOS14.CSharp\RestaurantPOS14\frmTableMapping_Waiter.cs(93,21): warning CS0649: Field 'frmTableMapping_Waiter.components' is never assigned to, and will always have its default value null [L:\New Restauraunt Pos\build\intermediate\RestaurantPOS14.CSharp\RestaurantPOS14.csproj]
L:\New Restauraunt Pos\build\intermediate\RestaurantPOS14.CSharp\RestaurantPOS14\frmPaymentRecord.cs(116,18): warning CS0169: The field 'frmPaymentRecord.num3' is never used [L:\New Restauraunt Pos\build\intermediate\RestaurantPOS14.CSharp\RestaurantPOS14.csproj]
L:\New Restauraunt Pos\build\intermediate\RestaurantPOS14.CSharp\RestaurantPOS14\frmPizzaPOS.cs(22,37): warning CS0649: Field 'frmPizzaPOS.__ENCList' is never assigned to, and will always have its default value null [L:\New Restauraunt Pos\build\intermediate\RestaurantPOS14.CSharp\RestaurantPOS14.csproj]
L:\New Restauraunt Pos\build\intermediate\RestaurantPOS14.CSharp\RestaurantPOS14\frmToppingsList1.cs(116,17): warning CS0169: The field 'frmToppingsList1.num5' is never used [L:\New Restauraunt Pos\build\intermediate\RestaurantPOS14.CSharp\RestaurantPOS14.csproj]
L:\New Restauraunt Pos\build\intermediate\RestaurantPOS14.CSharp\RestaurantPOS14\frmEmailSetting.cs(123,21): warning CS0649: Field 'frmEmailSetting.components' is never assigned to, and will always have its default value null [L:\New Restauraunt Pos\build\intermediate\RestaurantPOS14.CSharp\RestaurantPOS14.csproj]
L:\New Restauraunt Pos\build\intermediate\RestaurantPOS14.CSharp\RestaurantPOS14\frmPOS.cs(2429,17): warning CS0169: The field 'frmPOS.M9' is never used [L:\New Restauraunt Pos\build\intermediate\RestaurantPOS14.CSharp\RestaurantPOS14.csproj]
L:\New Restauraunt Pos\build\intermediate\RestaurantPOS14.CSharp\RestaurantPOS14\frmStockOUTRecord.cs(58,21): warning CS0649: Field 'frmStockOUTRecord.components' is never assigned to, and will always have its default value null [L:\New Restauraunt Pos\build\intermediate\RestaurantPOS14.CSharp\RestaurantPOS14.csproj]
L:\New Restauraunt Pos\build\intermediate\RestaurantPOS14.CSharp\RestaurantPOS14\frmPizzaMaster.cs(133,21): warning CS0649: Field 'frmPizzaMaster.components' is never assigned to, and will always have its default value null [L:\New Restauraunt Pos\build\intermediate\RestaurantPOS14.CSharp\RestaurantPOS14.csproj]
L:\New Restauraunt Pos\build\intermediate\RestaurantPOS14.CSharp\RestaurantPOS14\frmPurchaseOrder.cs(246,18): warning CS0169: The field 'frmPurchaseOrder.num3' is never used [L:\New Restauraunt Pos\build\intermediate\RestaurantPOS14.CSharp\RestaurantPOS14.csproj]
L:\New Restauraunt Pos\build\intermediate\RestaurantPOS14.CSharp\RestaurantPOS14\ModClasses.cs(40,26): warning CS0649: Field 'ModClasses.dtable2' is never assigned to, and will always have its default value null [L:\New Restauraunt Pos\build\intermediate\RestaurantPOS14.CSharp\RestaurantPOS14.csproj]
L:\New Restauraunt Pos\build\intermediate\RestaurantPOS14.CSharp\RestaurantPOS14\frmBank.cs(70,21): warning CS0649: Field 'frmBank.components' is never assigned to, and will always have its default value null [L:\New Restauraunt Pos\build\intermediate\RestaurantPOS14.CSharp\RestaurantPOS14.csproj]
L:\New Restauraunt Pos\build\intermediate\RestaurantPOS14.CSharp\RestaurantPOS14\frmPayment.cs(176,18): warning CS0169: The field 'frmPayment.num4' is never used [L:\New Restauraunt Pos\build\intermediate\RestaurantPOS14.CSharp\RestaurantPOS14.csproj]
L:\New Restauraunt Pos\build\intermediate\RestaurantPOS14.CSharp\RestaurantPOS14\frmBillSplit.cs(341,17): warning CS0169: The field 'frmBillSplit.variable1' is never used [L:\New Restauraunt Pos\build\intermediate\RestaurantPOS14.CSharp\RestaurantPOS14.csproj]
L:\New Restauraunt Pos\build\intermediate\RestaurantPOS14.CSharp\RestaurantPOS14\frmCurrency.cs(89,21): warning CS0649: Field 'frmCurrency.components' is never assigned to, and will always have its default value null [L:\New Restauraunt Pos\build\intermediate\RestaurantPOS14.CSharp\RestaurantPOS14.csproj]
L:\New Restauraunt Pos\build\intermediate\RestaurantPOS14.CSharp\RestaurantPOS14\ModClasses.cs(16,27): warning CS0649: Field 'ModClasses.cmd2' is never assigned to, and will always have its default value null [L:\New Restauraunt Pos\build\intermediate\RestaurantPOS14.CSharp\RestaurantPOS14.csproj]
L:\New Restauraunt Pos\build\intermediate\RestaurantPOS14.CSharp\RestaurantPOS14\frmHoldBillsHD.cs(56,21): warning CS0649: Field 'frmHoldBillsHD.components' is never assigned to, and will always have its default value null [L:\New Restauraunt Pos\build\intermediate\RestaurantPOS14.CSharp\RestaurantPOS14.csproj]
L:\New Restauraunt Pos\build\intermediate\RestaurantPOS14.CSharp\RestaurantPOS14\frmModifiersList_AutoPopUp.cs(70,17): warning CS0169: The field 'frmModifiersList_AutoPopUp.HSTPer' is never used [L:\New Restauraunt Pos\build\intermediate\RestaurantPOS14.CSharp\RestaurantPOS14.csproj]
L:\New Restauraunt Pos\build\intermediate\RestaurantPOS14.CSharp\RestaurantPOS14\frmCustomDialog15.cs(26,21): warning CS0649: Field 'frmCustomDialog15.components' is never assigned to, and will always have its default value null [L:\New Restauraunt Pos\build\intermediate\RestaurantPOS14.CSharp\RestaurantPOS14.csproj]
L:\New Restauraunt Pos\build\intermediate\RestaurantPOS14.CSharp\RestaurantPOS14\frmSendEmail.cs(74,17): warning CS0169: The field 'frmSendEmail.st2' is never used [L:\New Restauraunt Pos\build\intermediate\RestaurantPOS14.CSharp\RestaurantPOS14.csproj]
L:\New Restauraunt Pos\build\intermediate\RestaurantPOS14.CSharp\RestaurantPOS14\frmBankReconciliation.cs(45,21): warning CS0649: Field 'frmBankReconciliation.components' is never assigned to, and will always have its default value null [L:\New Restauraunt Pos\build\intermediate\RestaurantPOS14.CSharp\RestaurantPOS14.csproj]
L:\New Restauraunt Pos\build\intermediate\RestaurantPOS14.CSharp\RestaurantPOS14\frmGiftCardRecord.cs(47,21): warning CS0649: Field 'frmGiftCardRecord.components' is never assigned to, and will always have its default value null [L:\New Restauraunt Pos\build\intermediate\RestaurantPOS14.CSharp\RestaurantPOS14.csproj]
L:\New Restauraunt Pos\build\intermediate\RestaurantPOS14.CSharp\RestaurantPOS14\frmPurchaseOrder.cs(254,18): warning CS0169: The field 'frmPurchaseOrder.num7' is never used [L:\New Restauraunt Pos\build\intermediate\RestaurantPOS14.CSharp\RestaurantPOS14.csproj]
L:\New Restauraunt Pos\build\intermediate\RestaurantPOS14.CSharp\RestaurantPOS14\frmModifiersList.cs(102,17): warning CS0169: The field 'frmModifiersList.num6' is never used [L:\New Restauraunt Pos\build\intermediate\RestaurantPOS14.CSharp\RestaurantPOS14.csproj]
L:\New Restauraunt Pos\build\intermediate\RestaurantPOS14.CSharp\RestaurantPOS14\frmPurchaseOrder.cs(244,18): warning CS0169: The field 'frmPurchaseOrder.num2' is never used [L:\New Restauraunt Pos\build\intermediate\RestaurantPOS14.CSharp\RestaurantPOS14.csproj]
L:\New Restauraunt Pos\build\intermediate\RestaurantPOS14.CSharp\RestaurantPOS14\frmStockIn_StoreRecord.cs(55,21): warning CS0649: Field 'frmStockIn_StoreRecord.components' is never assigned to, and will always have its default value null [L:\New Restauraunt Pos\build\intermediate\RestaurantPOS14.CSharp\RestaurantPOS14.csproj]
L:\New Restauraunt Pos\build\intermediate\RestaurantPOS14.CSharp\RestaurantPOS14\frmOpenItems.cs(54,21): warning CS0649: Field 'frmOpenItems.components' is never assigned to, and will always have its default value null [L:\New Restauraunt Pos\build\intermediate\RestaurantPOS14.CSharp\RestaurantPOS14.csproj]
L:\New Restauraunt Pos\build\intermediate\RestaurantPOS14.CSharp\RestaurantPOS14\frmSetDiscount.cs(78,17): warning CS0169: The field 'frmSetDiscount.variable2' is never used [L:\New Restauraunt Pos\build\intermediate\RestaurantPOS14.CSharp\RestaurantPOS14.csproj]
L:\New Restauraunt Pos\build\intermediate\RestaurantPOS14.CSharp\RestaurantPOS14\frmCreditCustomerReceipt.cs(172,18): warning CS0169: The field 'frmCreditCustomerReceipt.num4' is never used [L:\New Restauraunt Pos\build\intermediate\RestaurantPOS14.CSharp\RestaurantPOS14.csproj]
L:\New Restauraunt Pos\build\intermediate\RestaurantPOS14.CSharp\RestaurantPOS14\frmCustomDialog17.cs(33,21): warning CS0649: Field 'frmCustomDialog17.components' is never assigned to, and will always have its default value null [L:\New Restauraunt Pos\build\intermediate\RestaurantPOS14.CSharp\RestaurantPOS14.csproj]
L:\New Restauraunt Pos\build\intermediate\RestaurantPOS14.CSharp\RestaurantPOS14\frmStock_Store.cs(115,17): warning CS0169: The field 'frmStock_Store.st' is never used [L:\New Restauraunt Pos\build\intermediate\RestaurantPOS14.CSharp\RestaurantPOS14.csproj]
L:\New Restauraunt Pos\build\intermediate\RestaurantPOS14.CSharp\RestaurantPOS14\frmMemberLedger.cs(100,17): warning CS0169: The field 'frmMemberLedger.a' is never used [L:\New Restauraunt Pos\build\intermediate\RestaurantPOS14.CSharp\RestaurantPOS14.csproj]
L:\New Restauraunt Pos\build\intermediate\RestaurantPOS14.CSharp\RestaurantPOS14\frmExpiredProductsRecord.cs(83,21): warning CS0649: Field 'frmExpiredProductsRecord.components' is never assigned to, and will always have its default value null [L:\New Restauraunt Pos\build\intermediate\RestaurantPOS14.CSharp\RestaurantPOS14.csproj]
L:\New Restauraunt Pos\build\intermediate\RestaurantPOS14.CSharp\RestaurantPOS14\frmEnterQty.cs(93,17): warning CS0169: The field 'frmEnterQty.variable1' is never used [L:\New Restauraunt Pos\build\intermediate\RestaurantPOS14.CSharp\RestaurantPOS14.csproj]
L:\New Restauraunt Pos\build\intermediate\RestaurantPOS14.CSharp\RestaurantPOS14\frmPizzaPOS.cs(156,24): warning CS0649: Field 'frmPizzaPOS.UserButtons' is never assigned to, and will always have its default value null [L:\New Restauraunt Pos\build\intermediate\RestaurantPOS14.CSharp\RestaurantPOS14.csproj]
L:\New Restauraunt Pos\build\intermediate\RestaurantPOS14.CSharp\RestaurantPOS14\frmBankAccountStatements.cs(99,18): warning CS0169: The field 'frmBankAccountStatements.g' is never used [L:\New Restauraunt Pos\build\intermediate\RestaurantPOS14.CSharp\RestaurantPOS14.csproj]
L:\New Restauraunt Pos\build\intermediate\RestaurantPOS14.CSharp\RestaurantPOS14\frmSupplierRecord.cs(143,21): warning CS0649: Field 'frmSupplierRecord.components' is never assigned to, and will always have its default value null [L:\New Restauraunt Pos\build\intermediate\RestaurantPOS14.CSharp\RestaurantPOS14.csproj]
L:\New Restauraunt Pos\build\intermediate\RestaurantPOS14.CSharp\RestaurantPOS14\frmBankAccountStatements.cs(101,18): warning CS0169: The field 'frmBankAccountStatements.h' is never used [L:\New Restauraunt Pos\build\intermediate\RestaurantPOS14.CSharp\RestaurantPOS14.csproj]
L:\New Restauraunt Pos\build\intermediate\RestaurantPOS14.CSharp\RestaurantPOS14\frmEmployeesRecord.cs(84,21): warning CS0649: Field 'frmEmployeesRecord.components' is never assigned to, and will always have its default value null [L:\New Restauraunt Pos\build\intermediate\RestaurantPOS14.CSharp\RestaurantPOS14.csproj]
L:\New Restauraunt Pos\build\intermediate\RestaurantPOS14.CSharp\RestaurantPOS14\frmBillSplit.cs(373,17): warning CS0169: The field 'frmBillSplit.num2' is never used [L:\New Restauraunt Pos\build\intermediate\RestaurantPOS14.CSharp\RestaurantPOS14.csproj]
L:\New Restauraunt Pos\build\intermediate\RestaurantPOS14.CSharp\RestaurantPOS14\frmModifiersList.cs(98,17): warning CS0169: The field 'frmModifiersList.num4' is never used [L:\New Restauraunt Pos\build\intermediate\RestaurantPOS14.CSharp\RestaurantPOS14.csproj]
L:\New Restauraunt Pos\build\intermediate\RestaurantPOS14.CSharp\RestaurantPOS14\frmVIPMemberCard.cs(39,21): warning CS0649: Field 'frmVIPMemberCard.components' is never assigned to, and will always have its default value null [L:\New Restauraunt Pos\build\intermediate\RestaurantPOS14.CSharp\RestaurantPOS14.csproj]
L:\New Restauraunt Pos\build\intermediate\RestaurantPOS14.CSharp\RestaurantPOS14\frmSoftwareLicenceRenewal.cs(75,21): warning CS0649: Field 'frmSoftwareLicenceRenewal.components' is never assigned to, and will always have its default value null [L:\New Restauraunt Pos\build\intermediate\RestaurantPOS14.CSharp\RestaurantPOS14.csproj]
L:\New Restauraunt Pos\build\intermediate\RestaurantPOS14.CSharp\RestaurantPOS14\frmRefundMoneyRecord.cs(90,21): warning CS0649: Field 'frmRefundMoneyRecord.components' is never assigned to, and will always have its default value null [L:\New Restauraunt Pos\build\intermediate\RestaurantPOS14.CSharp\RestaurantPOS14.csproj]
L:\New Restauraunt Pos\build\intermediate\RestaurantPOS14.CSharp\RestaurantPOS14\frmPizzaSize.cs(68,21): warning CS0649: Field 'frmPizzaSize.components' is never assigned to, and will always have its default value null [L:\New Restauraunt Pos\build\intermediate\RestaurantPOS14.CSharp\RestaurantPOS14.csproj]
L:\New Restauraunt Pos\build\intermediate\RestaurantPOS14.CSharp\RestaurantPOS14\frmPizzaModifiers.cs(20,37): warning CS0649: Field 'frmPizzaModifiers.__ENCList' is never assigned to, and will always have its default value null [L:\New Restauraunt Pos\build\intermediate\RestaurantPOS14.CSharp\RestaurantPOS14.csproj]
L:\New Restauraunt Pos\build\intermediate\RestaurantPOS14.CSharp\RestaurantPOS14\frmCards_POS.cs(47,17): warning CS0414: The field 'frmCards_POS.PT' is assigned but its value is never used [L:\New Restauraunt Pos\build\intermediate\RestaurantPOS14.CSharp\RestaurantPOS14.csproj]
L:\New Restauraunt Pos\build\intermediate\RestaurantPOS14.CSharp\RestaurantPOS14\frmChangeRate.cs(96,15): warning CS0414: The field 'frmChangeRate.fl' is assigned but its value is never used [L:\New Restauraunt Pos\build\intermediate\RestaurantPOS14.CSharp\RestaurantPOS14.csproj]
L:\New Restauraunt Pos\build\intermediate\RestaurantPOS14.CSharp\RestaurantPOS14\frmSecondaryDisplay.cs(84,14): warning CS0414: The field 'frmSecondaryDisplay.begin' is assigned but its value is never used [L:\New Restauraunt Pos\build\intermediate\RestaurantPOS14.CSharp\RestaurantPOS14.csproj]
L:\New Restauraunt Pos\build\intermediate\RestaurantPOS14.CSharp\RestaurantPOS14\frmBillSplit.cs(345,15): warning CS0414: The field 'frmBillSplit.fl' is assigned but its value is never used [L:\New Restauraunt Pos\build\intermediate\RestaurantPOS14.CSharp\RestaurantPOS14.csproj]
L:\New Restauraunt Pos\build\intermediate\RestaurantPOS14.CSharp\RestaurantPOS14\frmPOS.cs(2359,17): warning CS0414: The field 'frmPOS.s3' is assigned but its value is never used [L:\New Restauraunt Pos\build\intermediate\RestaurantPOS14.CSharp\RestaurantPOS14.csproj]
L:\New Restauraunt Pos\build\intermediate\RestaurantPOS14.CSharp\RestaurantPOS14\frmPOS.cs(2335,15): warning CS0414: The field 'frmPOS.fl' is assigned but its value is never used [L:\New Restauraunt Pos\build\intermediate\RestaurantPOS14.CSharp\RestaurantPOS14.csproj]
L:\New Restauraunt Pos\build\intermediate\RestaurantPOS14.CSharp\RestaurantPOS14\frmPOS.cs(2394,18): warning CS0414: The field 'frmPOS.focusedTextbox' is assigned but its value is never used [L:\New Restauraunt Pos\build\intermediate\RestaurantPOS14.CSharp\RestaurantPOS14.csproj]
L:\New Restauraunt Pos\build\intermediate\RestaurantPOS14.CSharp\RestaurantPOS14\frmUserRights.cs(98,15): warning CS0414: The field 'frmUserRights.IsHeaderCheckBoxClicked' is assigned but its value is never used [L:\New Restauraunt Pos\build\intermediate\RestaurantPOS14.CSharp\RestaurantPOS14.csproj]
L:\New Restauraunt Pos\build\intermediate\RestaurantPOS14.CSharp\RestaurantPOS14\frmSetNOP.cs(77,15): warning CS0414: The field 'frmSetNOP.fl' is assigned but its value is never used [L:\New Restauraunt Pos\build\intermediate\RestaurantPOS14.CSharp\RestaurantPOS14.csproj]
L:\New Restauraunt Pos\build\intermediate\RestaurantPOS14.CSharp\RestaurantPOS14\frmModifiersList_AutoPopUp.cs(92,17): warning CS0414: The field 'frmModifiersList_AutoPopUp.ModifierName' is assigned but its value is never used [L:\New Restauraunt Pos\build\intermediate\RestaurantPOS14.CSharp\RestaurantPOS14.csproj]
L:\New Restauraunt Pos\build\intermediate\RestaurantPOS14.CSharp\RestaurantPOS14\frmPOS.cs(2355,17): warning CS0414: The field 'frmPOS.s1' is assigned but its value is never used [L:\New Restauraunt Pos\build\intermediate\RestaurantPOS14.CSharp\RestaurantPOS14.csproj]
L:\New Restauraunt Pos\build\intermediate\RestaurantPOS14.CSharp\RestaurantPOS14\frmPayment.cs(178,14): warning CS0414: The field 'frmPayment.i' is assigned but its value is never used [L:\New Restauraunt Pos\build\intermediate\RestaurantPOS14.CSharp\RestaurantPOS14.csproj]
L:\New Restauraunt Pos\build\intermediate\RestaurantPOS14.CSharp\RestaurantPOS14\frmCreditCustomerReceipt.cs(174,14): warning CS0414: The field 'frmCreditCustomerReceipt.i' is assigned but its value is never used [L:\New Restauraunt Pos\build\intermediate\RestaurantPOS14.CSharp\RestaurantPOS14.csproj]
L:\New Restauraunt Pos\build\intermediate\RestaurantPOS14.CSharp\RestaurantPOS14\frmEnterQtyX.cs(97,15): warning CS0414: The field 'frmEnterQtyX.fl' is assigned but its value is never used [L:\New Restauraunt Pos\build\intermediate\RestaurantPOS14.CSharp\RestaurantPOS14.csproj]
L:\New Restauraunt Pos\build\intermediate\RestaurantPOS14.CSharp\RestaurantPOS14\frmPOS.cs(2357,17): warning CS0414: The field 'frmPOS.s2' is assigned but its value is never used [L:\New Restauraunt Pos\build\intermediate\RestaurantPOS14.CSharp\RestaurantPOS14.csproj]
L:\New Restauraunt Pos\build\intermediate\RestaurantPOS14.CSharp\RestaurantPOS14\frmEmployeeRegistration.cs(131,15): warning CS0414: The field 'frmEmployeeRegistration.IsImageChanged' is assigned but its value is never used [L:\New Restauraunt Pos\build\intermediate\RestaurantPOS14.CSharp\RestaurantPOS14.csproj]
L:\New Restauraunt Pos\build\intermediate\RestaurantPOS14.CSharp\RestaurantPOS14\frmEnterQty.cs(97,15): warning CS0414: The field 'frmEnterQty.fl' is assigned but its value is never used [L:\New Restauraunt Pos\build\intermediate\RestaurantPOS14.CSharp\RestaurantPOS14.csproj]
L:\New Restauraunt Pos\build\intermediate\RestaurantPOS14.CSharp\RestaurantPOS14\frmLogin.cs(153,15): warning CS0414: The field 'frmLogin.fl' is assigned but its value is never used [L:\New Restauraunt Pos\build\intermediate\RestaurantPOS14.CSharp\RestaurantPOS14.csproj]
L:\New Restauraunt Pos\build\intermediate\RestaurantPOS14.CSharp\RestaurantPOS14\frmChangeQty.cs(96,15): warning CS0414: The field 'frmChangeQty.fl' is assigned but its value is never used [L:\New Restauraunt Pos\build\intermediate\RestaurantPOS14.CSharp\RestaurantPOS14.csproj]
L:\New Restauraunt Pos\build\intermediate\RestaurantPOS14.CSharp\RestaurantPOS14\frmEmployeeRegistration.cs(129,17): warning CS0414: The field 'frmEmployeeRegistration.Photoname' is assigned but its value is never used [L:\New Restauraunt Pos\build\intermediate\RestaurantPOS14.CSharp\RestaurantPOS14.csproj]
L:\New Restauraunt Pos\build\intermediate\RestaurantPOS14.CSharp\RestaurantPOS14\frmSetDiscount.cs(80,15): warning CS0414: The field 'frmSetDiscount.fl' is assigned but its value is never used [L:\New Restauraunt Pos\build\intermediate\RestaurantPOS14.CSharp\RestaurantPOS14.csproj]
    324 Warning(s)
    0 Error(s)

Time Elapsed 00:00:09.04

Workload updates are available. Run `dotnet workload list` for more information.
