Build started 30/8/2026 12:28:00 PM.
Logging verbosity is set to: Normal.
     1>Project "L:\New Restauraunt Pos\src\RestaurantPOS14\RestaurantPOS14.sln" on node 1 (Rebuild target(s)).
     1>ValidateSolutionConfiguration:
         Building solution configuration "Release|x86".
     1>Project "L:\New Restauraunt Pos\src\RestaurantPOS14\RestaurantPOS14.sln" (1) is building "L:\New Restauraunt Pos\src\RestaurantPOS14\RestaurantPOS14.vbproj" (2) on node 1 (Rebuild target(s)).
     2>CoreClean:
         Deleting file "L:\New Restauraunt Pos\src\RestaurantPOS14\bin\Release\BlankDBscript.sql".
         Deleting file "L:\New Restauraunt Pos\src\RestaurantPOS14\bin\Release\CollectionByOperator.xml".
         Deleting file "L:\New Restauraunt Pos\src\RestaurantPOS14\bin\Release\DBscript.sql".
         Deleting file "L:\New Restauraunt Pos\src\RestaurantPOS14\bin\Release\IDAutomationHC39M.ttf".
         Deleting file "L:\New Restauraunt Pos\src\RestaurantPOS14\bin\Release\LC.txt".
         Deleting file "L:\New Restauraunt Pos\src\RestaurantPOS14\bin\Release\OutputTaxZ.xml".
         Deleting file "L:\New Restauraunt Pos\src\RestaurantPOS14\bin\Release\POSReportA4.xml".
         Deleting file "L:\New Restauraunt Pos\src\RestaurantPOS14\bin\Release\RPOSLatest.xml".
         Deleting file "L:\New Restauraunt Pos\src\RestaurantPOS14\bin\Release\Menu Items Image\a4f40a4a-5b56-4e5e-8bb7-d1260851a1f1.jpg".
         Deleting file "L:\New Restauraunt Pos\src\RestaurantPOS14\bin\Release\Menu Items Image\dcf422e0-73f8-4044-9df4-6cd655ec80fb.jpg".
         Deleting file "L:\New Restauraunt Pos\src\RestaurantPOS14\bin\Release\lib\CButtonLib.dll".
         Deleting file "L:\New Restauraunt Pos\src\RestaurantPOS14\bin\Release\lib\CrystalDecisions.CrystalReports.Engine.dll".
         Deleting file "L:\New Restauraunt Pos\src\RestaurantPOS14\bin\Release\lib\CrystalDecisions.ReportSource.dll".
         Deleting file "L:\New Restauraunt Pos\src\RestaurantPOS14\bin\Release\lib\CrystalDecisions.Shared.dll".
         Deleting file "L:\New Restauraunt Pos\src\RestaurantPOS14\bin\Release\lib\CrystalDecisions.Windows.Forms.dll".
         Deleting file "L:\New Restauraunt Pos\src\RestaurantPOS14\bin\Release\lib\EllipticalButton.dll".
         Deleting file "L:\New Restauraunt Pos\src\RestaurantPOS14\bin\Release\lib\GelButtons.dll".
         Deleting file "L:\New Restauraunt Pos\src\RestaurantPOS14\bin\Release\lib\IngenicoDLL.dll".
         Deleting file "L:\New Restauraunt Pos\src\RestaurantPOS14\bin\Release\lib\MessagingToolkit.QRCode.dll".
         Deleting file "L:\New Restauraunt Pos\src\RestaurantPOS14\bin\Release\lib\MetroFramework.Design.dll".
         Deleting file "L:\New Restauraunt Pos\src\RestaurantPOS14\bin\Release\lib\MetroFramework.dll".
         Deleting file "L:\New Restauraunt Pos\src\RestaurantPOS14\bin\Release\lib\MetroFramework.Fonts.dll".
         Deleting file "L:\New Restauraunt Pos\src\RestaurantPOS14\bin\Release\lib\Microsoft.Office.Interop.Excel.dll".
         Deleting file "L:\New Restauraunt Pos\src\RestaurantPOS14\bin\Release\lib\Microsoft.SqlServer.ConnectionInfo.dll".
         Deleting file "L:\New Restauraunt Pos\src\RestaurantPOS14\bin\Release\lib\Microsoft.SqlServer.Management.Sdk.Sfc.dll".
         Deleting file "L:\New Restauraunt Pos\src\RestaurantPOS14\bin\Release\lib\Microsoft.SqlServer.Smo.dll".
         Deleting file "L:\New Restauraunt Pos\src\RestaurantPOS14\bin\Release\lib\Newtonsoft.Json.dll".
         Deleting file "L:\New Restauraunt Pos\src\RestaurantPOS14\bin\Release\lib\SAPBusinessObjects.WPF.Viewer.dll".
         Deleting file "L:\New Restauraunt Pos\src\RestaurantPOS14\bin\Release\lib\SAPBusinessObjects.WPF.ViewerShared.dll".
         Deleting file "L:\New Restauraunt Pos\src\RestaurantPOS14\bin\Release\lib\System.Buffers.dll".
         Deleting file "L:\New Restauraunt Pos\src\RestaurantPOS14\bin\Release\lib\System.Memory.dll".
         Deleting file "L:\New Restauraunt Pos\src\RestaurantPOS14\bin\Release\lib\System.Numerics.Vectors.dll".
         Deleting file "L:\New Restauraunt Pos\src\RestaurantPOS14\bin\Release\lib\System.Resources.Extensions.dll".
         Deleting file "L:\New Restauraunt Pos\src\RestaurantPOS14\bin\Release\lib\System.Runtime.CompilerServices.Unsafe.dll".
         Deleting file "L:\New Restauraunt Pos\src\RestaurantPOS14\bin\Release\lib\System.Windows.Forms.Ribbon.dll".
         Deleting file "L:\New Restauraunt Pos\src\RestaurantPOS14\bin\Release\lib\TCSize.dll".
         Deleting file "L:\New Restauraunt Pos\src\RestaurantPOS14\bin\Release\lib\Telerik.WinControls.dll".
         Deleting file "L:\New Restauraunt Pos\src\RestaurantPOS14\bin\Release\lib\Telerik.WinControls.Themes.Aqua.dll".
         Deleting file "L:\New Restauraunt Pos\src\RestaurantPOS14\bin\Release\lib\Telerik.WinControls.Themes.Desert.dll".
         Deleting file "L:\New Restauraunt Pos\src\RestaurantPOS14\bin\Release\lib\Telerik.WinControls.Themes.FluentDark.dll".
         Deleting file "L:\New Restauraunt Pos\src\RestaurantPOS14\bin\Release\lib\Telerik.WinControls.Themes.HighContrastBlack.dll".
         Deleting file "L:\New Restauraunt Pos\src\RestaurantPOS14\bin\Release\lib\Telerik.WinControls.Themes.Office2013Dark.dll".
         Deleting file "L:\New Restauraunt Pos\src\RestaurantPOS14\bin\Release\lib\Telerik.WinControls.Themes.VisualStudio2012Dark.dll".
         Deleting file "L:\New Restauraunt Pos\src\RestaurantPOS14\bin\Release\lib\Telerik.WinControls.UI.dll".
         Deleting file "L:\New Restauraunt Pos\src\RestaurantPOS14\bin\Release\lib\TelerikCommon.dll".
         Deleting file "L:\New Restauraunt Pos\src\RestaurantPOS14\bin\Release\RestaurantPOS14.exe.config".
         Deleting file "L:\New Restauraunt Pos\src\RestaurantPOS14\bin\Release\RestaurantPOS14.exe".
         Deleting file "L:\New Restauraunt Pos\src\RestaurantPOS14\bin\Release\RestaurantPOS14.pdb".
         Deleting file "L:\New Restauraunt Pos\src\RestaurantPOS14\bin\Release\CButtonLib.dll".
         Deleting file "L:\New Restauraunt Pos\src\RestaurantPOS14\bin\Release\CrystalDecisions.CrystalReports.Engine.dll".
         Deleting file "L:\New Restauraunt Pos\src\RestaurantPOS14\bin\Release\CrystalDecisions.ReportSource.dll".
         Deleting file "L:\New Restauraunt Pos\src\RestaurantPOS14\bin\Release\CrystalDecisions.Shared.dll".
         Deleting file "L:\New Restauraunt Pos\src\RestaurantPOS14\bin\Release\CrystalDecisions.Windows.Forms.dll".
         Deleting file "L:\New Restauraunt Pos\src\RestaurantPOS14\bin\Release\GelButtons.dll".
         Deleting file "L:\New Restauraunt Pos\src\RestaurantPOS14\bin\Release\IngenicoDLL.dll".
         Deleting file "L:\New Restauraunt Pos\src\RestaurantPOS14\bin\Release\MessagingToolkit.QRCode.dll".
         Deleting file "L:\New Restauraunt Pos\src\RestaurantPOS14\bin\Release\MetroFramework.dll".
         Deleting file "L:\New Restauraunt Pos\src\RestaurantPOS14\bin\Release\Microsoft.Office.Interop.Excel.dll".
         Deleting file "L:\New Restauraunt Pos\src\RestaurantPOS14\bin\Release\Microsoft.SqlServer.ConnectionInfo.dll".
         Deleting file "L:\New Restauraunt Pos\src\RestaurantPOS14\bin\Release\Microsoft.SqlServer.Smo.dll".
         Deleting file "L:\New Restauraunt Pos\src\RestaurantPOS14\bin\Release\Newtonsoft.Json.dll".
         Deleting file "L:\New Restauraunt Pos\src\RestaurantPOS14\bin\Release\System.Resources.Extensions.dll".
         Deleting file "L:\New Restauraunt Pos\src\RestaurantPOS14\bin\Release\TCSize.dll".
         Deleting file "L:\New Restauraunt Pos\src\RestaurantPOS14\bin\Release\Telerik.WinControls.dll".
         Deleting file "L:\New Restauraunt Pos\src\RestaurantPOS14\bin\Release\Telerik.WinControls.Themes.Aqua.dll".
         Deleting file "L:\New Restauraunt Pos\src\RestaurantPOS14\bin\Release\Telerik.WinControls.Themes.Desert.dll".
         Deleting file "L:\New Restauraunt Pos\src\RestaurantPOS14\bin\Release\Telerik.WinControls.Themes.VisualStudio2012Dark.dll".
         Deleting file "L:\New Restauraunt Pos\src\RestaurantPOS14\bin\Release\Telerik.WinControls.UI.dll".
         Deleting file "L:\New Restauraunt Pos\src\RestaurantPOS14\bin\Release\Microsoft.SqlServer.Management.Sdk.Sfc.dll".
         Deleting file "L:\New Restauraunt Pos\src\RestaurantPOS14\bin\Release\System.Memory.dll".
         Deleting file "L:\New Restauraunt Pos\src\RestaurantPOS14\bin\Release\TelerikCommon.dll".
         Deleting file "L:\New Restauraunt Pos\src\RestaurantPOS14\bin\Release\System.Numerics.Vectors.dll".
         Deleting file "L:\New Restauraunt Pos\src\RestaurantPOS14\bin\Release\System.Runtime.CompilerServices.Unsafe.dll".
         Deleting file "L:\New Restauraunt Pos\src\RestaurantPOS14\bin\Release\System.Buffers.dll".
         Deleting file "L:\New Restauraunt Pos\src\RestaurantPOS14\bin\Release\Microsoft.SqlServer.SqlEnum.dll".
         Deleting file "L:\New Restauraunt Pos\src\RestaurantPOS14\bin\Release\Microsoft.SqlServer.Dmf.dll".
         Deleting file "L:\New Restauraunt Pos\src\RestaurantPOS14\bin\Release\Microsoft.SqlServer.ServiceBrokerEnum.dll".
         Deleting file "L:\New Restauraunt Pos\src\RestaurantPOS14\bin\Release\stdole.dll".
         Deleting file "L:\New Restauraunt Pos\src\RestaurantPOS14\obj\x86\Release\RestaurantPOS14.vbproj.AssemblyReference.cache".
         Deleting file "L:\New Restauraunt Pos\src\RestaurantPOS14\obj\x86\Release\RestaurantPOS14.frmAbout.resources".
         Deleting file "L:\New Restauraunt Pos\src\RestaurantPOS14\obj\x86\Release\RestaurantPOS14.frmAccountingReport.resources".
         Deleting file "L:\New Restauraunt Pos\src\RestaurantPOS14\obj\x86\Release\RestaurantPOS14.frmAddFunds.resources".
         Deleting file "L:\New Restauraunt Pos\src\RestaurantPOS14\obj\x86\Release\RestaurantPOS14.frmAddFundsRecord.resources".
         Deleting file "L:\New Restauraunt Pos\src\RestaurantPOS14\obj\x86\Release\RestaurantPOS14.frmAssignedTablesList_Waiter.resources".
         Deleting file "L:\New Restauraunt Pos\src\RestaurantPOS14\obj\x86\Release\RestaurantPOS14.frmAttendance.resources".
         Deleting file "L:\New Restauraunt Pos\src\RestaurantPOS14\obj\x86\Release\RestaurantPOS14.frmAvailableTables.resources".
         Deleting file "L:\New Restauraunt Pos\src\RestaurantPOS14\obj\x86\Release\RestaurantPOS14.frmBackOffice.resources".
         Deleting file "L:\New Restauraunt Pos\src\RestaurantPOS14\obj\x86\Release\RestaurantPOS14.frmBank.resources".
         Deleting file "L:\New Restauraunt Pos\src\RestaurantPOS14\obj\x86\Release\RestaurantPOS14.frmBankAccountRegistration.resources".
         Deleting file "L:\New Restauraunt Pos\src\RestaurantPOS14\obj\x86\Release\RestaurantPOS14.frmBankAccountStatements.resources".
         Deleting file "L:\New Restauraunt Pos\src\RestaurantPOS14\obj\x86\Release\RestaurantPOS14.frmBankReconciliation.resources".
         Deleting file "L:\New Restauraunt Pos\src\RestaurantPOS14\obj\x86\Release\RestaurantPOS14.frmBarcodeLabelPrinting.resources".
         Deleting file "L:\New Restauraunt Pos\src\RestaurantPOS14\obj\x86\Release\RestaurantPOS14.frmBillSplit.resources".
         Deleting file "L:\New Restauraunt Pos\src\RestaurantPOS14\obj\x86\Release\RestaurantPOS14.frmBranchMaster_Bank.resources".
         Deleting file "L:\New Restauraunt Pos\src\RestaurantPOS14\obj\x86\Release\RestaurantPOS14.frmCallerID.resources".
         Deleting file "L:\New Restauraunt Pos\src\RestaurantPOS14\obj\x86\Release\RestaurantPOS14.frmCards.resources".
         Deleting file "L:\New Restauraunt Pos\src\RestaurantPOS14\obj\x86\Release\RestaurantPOS14.frmCards_POS.resources".
         Deleting file "L:\New Restauraunt Pos\src\RestaurantPOS14\obj\x86\Release\RestaurantPOS14.frmCategoriesExportImport.resources".
         Deleting file "L:\New Restauraunt Pos\src\RestaurantPOS14\obj\x86\Release\RestaurantPOS14.frmChangeQty.resources".
         Deleting file "L:\New Restauraunt Pos\src\RestaurantPOS14\obj\x86\Release\RestaurantPOS14.frmChangeRate.resources".
         Deleting file "L:\New Restauraunt Pos\src\RestaurantPOS14\obj\x86\Release\RestaurantPOS14.frmClockINandOUT.resources".
         Deleting file "L:\New Restauraunt Pos\src\RestaurantPOS14\obj\x86\Release\RestaurantPOS14.frmCMISetting.resources".
         Deleting file "L:\New Restauraunt Pos\src\RestaurantPOS14\obj\x86\Release\RestaurantPOS14.frmCreditCustomer.resources".
         Deleting file "L:\New Restauraunt Pos\src\RestaurantPOS14\obj\x86\Release\RestaurantPOS14.frmCreditCustomerBalance.resources".
         Deleting file "L:\New Restauraunt Pos\src\RestaurantPOS14\obj\x86\Release\RestaurantPOS14.frmCreditCustomerLedger.resources".
         Deleting file "L:\New Restauraunt Pos\src\RestaurantPOS14\obj\x86\Release\RestaurantPOS14.frmCreditCustomerReceipt.resources".
         Deleting file "L:\New Restauraunt Pos\src\RestaurantPOS14\obj\x86\Release\RestaurantPOS14.frmCreditCustomerReceiptRecord.resources".
         Deleting file "L:\New Restauraunt Pos\src\RestaurantPOS14\obj\x86\Release\RestaurantPOS14.frmCreditCustomerRegistration.resources".
         Deleting file "L:\New Restauraunt Pos\src\RestaurantPOS14\obj\x86\Release\RestaurantPOS14.frmCreditCustomersList.resources".
         Deleting file "L:\New Restauraunt Pos\src\RestaurantPOS14\obj\x86\Release\RestaurantPOS14.frmCurrency.resources".
         Deleting file "L:\New Restauraunt Pos\src\RestaurantPOS14\obj\x86\Release\RestaurantPOS14.frmCustomDialogWS.resources".
         Deleting file "L:\New Restauraunt Pos\src\RestaurantPOS14\obj\x86\Release\RestaurantPOS14.frmCustomer.resources".
         Deleting file "L:\New Restauraunt Pos\src\RestaurantPOS14\obj\x86\Release\RestaurantPOS14.frmCustomersExportImport.resources".
         Deleting file "L:\New Restauraunt Pos\src\RestaurantPOS14\obj\x86\Release\RestaurantPOS14.frmCustomersRecord.resources".
         Deleting file "L:\New Restauraunt Pos\src\RestaurantPOS14\obj\x86\Release\RestaurantPOS14.frmDatabase.resources".
         Deleting file "L:\New Restauraunt Pos\src\RestaurantPOS14\obj\x86\Release\RestaurantPOS14.frmDeliveryPersonLedger.resources".
         Deleting file "L:\New Restauraunt Pos\src\RestaurantPOS14\obj\x86\Release\RestaurantPOS14.frmDeliveryPersonRecord.resources".
         Deleting file "L:\New Restauraunt Pos\src\RestaurantPOS14\obj\x86\Release\RestaurantPOS14.frmEmailSetting.resources".
         Deleting file "L:\New Restauraunt Pos\src\RestaurantPOS14\obj\x86\Release\RestaurantPOS14.frmEmployeeRegistration.resources".
         Deleting file "L:\New Restauraunt Pos\src\RestaurantPOS14\obj\x86\Release\RestaurantPOS14.frmEmployeeSession.resources".
         Deleting file "L:\New Restauraunt Pos\src\RestaurantPOS14\obj\x86\Release\RestaurantPOS14.frmEmployeesRecord.resources".
         Deleting file "L:\New Restauraunt Pos\src\RestaurantPOS14\obj\x86\Release\RestaurantPOS14.frmEnterQty.resources".
         Deleting file "L:\New Restauraunt Pos\src\RestaurantPOS14\obj\x86\Release\RestaurantPOS14.frmEnterQtyX.resources".
         Deleting file "L:\New Restauraunt Pos\src\RestaurantPOS14\obj\x86\Release\RestaurantPOS14.frmExecuteQuery.resources".
         Deleting file "L:\New Restauraunt Pos\src\RestaurantPOS14\obj\x86\Release\RestaurantPOS14.frmExpense.resources".
         Deleting file "L:\New Restauraunt Pos\src\RestaurantPOS14\obj\x86\Release\RestaurantPOS14.frmExpenseType.resources".
         Deleting file "L:\New Restauraunt Pos\src\RestaurantPOS14\obj\x86\Release\RestaurantPOS14.frmExpiredProductsRecord.resources".
         Deleting file "L:\New Restauraunt Pos\src\RestaurantPOS14\obj\x86\Release\RestaurantPOS14.frmFreeToppingsList.resources".
         Deleting file "L:\New Restauraunt Pos\src\RestaurantPOS14\obj\x86\Release\RestaurantPOS14.frmFrontOffice.resources".
         Deleting file "L:\New Restauraunt Pos\src\RestaurantPOS14\obj\x86\Release\RestaurantPOS14.frmFrontOffice_Report.resources".
         Deleting file "L:\New Restauraunt Pos\src\RestaurantPOS14\obj\x86\Release\RestaurantPOS14.frmFundDeposit.resources".
         Deleting file "L:\New Restauraunt Pos\src\RestaurantPOS14\obj\x86\Release\RestaurantPOS14.frmFundTransfer.resources".
         Deleting file "L:\New Restauraunt Pos\src\RestaurantPOS14\obj\x86\Release\RestaurantPOS14.frmGeneralLedger.resources".
         Deleting file "L:\New Restauraunt Pos\src\RestaurantPOS14\obj\x86\Release\RestaurantPOS14.frmGiftCard.resources".
         Deleting file "L:\New Restauraunt Pos\src\RestaurantPOS14\obj\x86\Release\RestaurantPOS14.frmGiftCardRecord.resources".
         Deleting file "L:\New Restauraunt Pos\src\RestaurantPOS14\obj\x86\Release\RestaurantPOS14.frmHDStatus.resources".
         Deleting file "L:\New Restauraunt Pos\src\RestaurantPOS14\obj\x86\Release\RestaurantPOS14.frmHoldBills.resources".
         Deleting file "L:\New Restauraunt Pos\src\RestaurantPOS14\obj\x86\Release\RestaurantPOS14.frmHoldBillsHD.resources".
         Deleting file "L:\New Restauraunt Pos\src\RestaurantPOS14\obj\x86\Release\RestaurantPOS14.frmHoldDineInKOTs.resources".
         Deleting file "L:\New Restauraunt Pos\src\RestaurantPOS14\obj\x86\Release\RestaurantPOS14.frmHomeDelivery.resources".
         Deleting file "L:\New Restauraunt Pos\src\RestaurantPOS14\obj\x86\Release\RestaurantPOS14.frmImportExportExcel_Products.resources".
         Deleting file "L:\New Restauraunt Pos\src\RestaurantPOS14\obj\x86\Release\RestaurantPOS14.frmImportExportExcel_Supplier.resources".
         Deleting file "L:\New Restauraunt Pos\src\RestaurantPOS14\obj\x86\Release\RestaurantPOS14.frmItemsTransfer.resources".
         Deleting file "L:\New Restauraunt Pos\src\RestaurantPOS14\obj\x86\Release\RestaurantPOS14.frmJournalEntries.resources".
         Deleting file "L:\New Restauraunt Pos\src\RestaurantPOS14\obj\x86\Release\RestaurantPOS14.frmKDS.resources".
         Deleting file "L:\New Restauraunt Pos\src\RestaurantPOS14\obj\x86\Release\RestaurantPOS14.frmKitchen_Section.resources".
         Deleting file "L:\New Restauraunt Pos\src\RestaurantPOS14\obj\x86\Release\RestaurantPOS14.frmLogin.resources".
         Deleting file "L:\New Restauraunt Pos\src\RestaurantPOS14\obj\x86\Release\RestaurantPOS14.frmLogs.resources".
         Deleting file "L:\New Restauraunt Pos\src\RestaurantPOS14\obj\x86\Release\RestaurantPOS14.frmLowStockRecord.resources".
         Deleting file "L:\New Restauraunt Pos\src\RestaurantPOS14\obj\x86\Release\RestaurantPOS14.frmLoyaltyCard.resources".
         Deleting file "L:\New Restauraunt Pos\src\RestaurantPOS14\obj\x86\Release\RestaurantPOS14.frmLoyaltyCardMemberLedger.resources".
         Deleting file "L:\New Restauraunt Pos\src\RestaurantPOS14\obj\x86\Release\RestaurantPOS14.frmLoyaltyCardMemberList.resources".
         Deleting file "L:\New Restauraunt Pos\src\RestaurantPOS14\obj\x86\Release\RestaurantPOS14.frmLoyaltyCardMemberPoints.resources".
         Deleting file "L:\New Restauraunt Pos\src\RestaurantPOS14\obj\x86\Release\RestaurantPOS14.frmLoyaltyMember.resources".
         Deleting file "L:\New Restauraunt Pos\src\RestaurantPOS14\obj\x86\Release\RestaurantPOS14.frmLoyaltySetting.resources".
         Deleting file "L:\New Restauraunt Pos\src\RestaurantPOS14\obj\x86\Release\RestaurantPOS14.frmMarketingTools.resources".
         Deleting file "L:\New Restauraunt Pos\src\RestaurantPOS14\obj\x86\Release\RestaurantPOS14.frmMember.resources".
         Deleting file "L:\New Restauraunt Pos\src\RestaurantPOS14\obj\x86\Release\RestaurantPOS14.frmMemberBalance.resources".
         Deleting file "L:\New Restauraunt Pos\src\RestaurantPOS14\obj\x86\Release\RestaurantPOS14.frmMemberLedger.resources".
         Deleting file "L:\New Restauraunt Pos\src\RestaurantPOS14\obj\x86\Release\RestaurantPOS14.frmMemberList.resources".
         Deleting file "L:\New Restauraunt Pos\src\RestaurantPOS14\obj\x86\Release\RestaurantPOS14.frmMenuItem.resources".
         Deleting file "L:\New Restauraunt Pos\src\RestaurantPOS14\obj\x86\Release\RestaurantPOS14.frmMenuItemsCategory.resources".
         Deleting file "L:\New Restauraunt Pos\src\RestaurantPOS14\obj\x86\Release\RestaurantPOS14.frmMenuItemsExportImport.resources".
         Deleting file "L:\New Restauraunt Pos\src\RestaurantPOS14\obj\x86\Release\RestaurantPOS14.frmMenuItemsList.resources".
         Deleting file "L:\New Restauraunt Pos\src\RestaurantPOS14\obj\x86\Release\RestaurantPOS14.frmMenuItemsModifiers.resources".
         Deleting file "L:\New Restauraunt Pos\src\RestaurantPOS14\obj\x86\Release\RestaurantPOS14.frmModifiersExportImport.resources".
         Deleting file "L:\New Restauraunt Pos\src\RestaurantPOS14\obj\x86\Release\RestaurantPOS14.frmModifiersList.resources".
         Deleting file "L:\New Restauraunt Pos\src\RestaurantPOS14\obj\x86\Release\RestaurantPOS14.frmModifiersList_AutoPopUp.resources".
         Deleting file "L:\New Restauraunt Pos\src\RestaurantPOS14\obj\x86\Release\RestaurantPOS14.frmMpesaSetting.resources".
         Deleting file "L:\New Restauraunt Pos\src\RestaurantPOS14\obj\x86\Release\RestaurantPOS14.frmNotes.resources".
         Deleting file "L:\New Restauraunt Pos\src\RestaurantPOS14\obj\x86\Release\RestaurantPOS14.frmNotes1.resources".
         Deleting file "L:\New Restauraunt Pos\src\RestaurantPOS14\obj\x86\Release\RestaurantPOS14.frmNotesMaster.resources".
         Deleting file "L:\New Restauraunt Pos\src\RestaurantPOS14\obj\x86\Release\RestaurantPOS14.frmOnscreenKeyboard.resources".
         Deleting file "L:\New Restauraunt Pos\src\RestaurantPOS14\obj\x86\Release\RestaurantPOS14.frmOpenItems.resources".
         Deleting file "L:\New Restauraunt Pos\src\RestaurantPOS14\obj\x86\Release\RestaurantPOS14.frmOpenTicketsRecord.resources".
         Deleting file "L:\New Restauraunt Pos\src\RestaurantPOS14\obj\x86\Release\RestaurantPOS14.frmOption.resources".
         Deleting file "L:\New Restauraunt Pos\src\RestaurantPOS14\obj\x86\Release\RestaurantPOS14.frmOrderedItemDetails.resources".
         Deleting file "L:\New Restauraunt Pos\src\RestaurantPOS14\obj\x86\Release\RestaurantPOS14.frmOthersSetting.resources".
         Deleting file "L:\New Restauraunt Pos\src\RestaurantPOS14\obj\x86\Release\RestaurantPOS14.frmPayment.resources".
         Deleting file "L:\New Restauraunt Pos\src\RestaurantPOS14\obj\x86\Release\RestaurantPOS14.frmPaymentRecord.resources".
         Deleting file "L:\New Restauraunt Pos\src\RestaurantPOS14\obj\x86\Release\RestaurantPOS14.frmPayment_Withdrawal.resources".
         Deleting file "L:\New Restauraunt Pos\src\RestaurantPOS14\obj\x86\Release\RestaurantPOS14.frmPayroll.resources".
         Deleting file "L:\New Restauraunt Pos\src\RestaurantPOS14\obj\x86\Release\RestaurantPOS14.frmPayrollRecord_HB.resources".
         Deleting file "L:\New Restauraunt Pos\src\RestaurantPOS14\obj\x86\Release\RestaurantPOS14.frmPayroll_HB.resources".
         Deleting file "L:\New Restauraunt Pos\src\RestaurantPOS14\obj\x86\Release\RestaurantPOS14.frmPayroll_MB.resources".
         Deleting file "L:\New Restauraunt Pos\src\RestaurantPOS14\obj\x86\Release\RestaurantPOS14.frmPayroll_MBRecord.resources".
         Deleting file "L:\New Restauraunt Pos\src\RestaurantPOS14\obj\x86\Release\RestaurantPOS14.frmPizza.resources".
         Deleting file "L:\New Restauraunt Pos\src\RestaurantPOS14\obj\x86\Release\RestaurantPOS14.frmPizzaMaster.resources".
         Deleting file "L:\New Restauraunt Pos\src\RestaurantPOS14\obj\x86\Release\RestaurantPOS14.frmPizzaModifiers.resources".
         Deleting file "L:\New Restauraunt Pos\src\RestaurantPOS14\obj\x86\Release\RestaurantPOS14.frmPizzaModifiersList.resources".
         Deleting file "L:\New Restauraunt Pos\src\RestaurantPOS14\obj\x86\Release\RestaurantPOS14.frmPizzaModifiersList_AutoPopUp.resources".
         Deleting file "L:\New Restauraunt Pos\src\RestaurantPOS14\obj\x86\Release\RestaurantPOS14.frmPizzaPOS.resources".
         Deleting file "L:\New Restauraunt Pos\src\RestaurantPOS14\obj\x86\Release\RestaurantPOS14.frmPizzasExportImport.resources".
         Deleting file "L:\New Restauraunt Pos\src\RestaurantPOS14\obj\x86\Release\RestaurantPOS14.frmPizzaSize.resources".
         Deleting file "L:\New Restauraunt Pos\src\RestaurantPOS14\obj\x86\Release\RestaurantPOS14.frmPizzaToppings.resources".
         Deleting file "L:\New Restauraunt Pos\src\RestaurantPOS14\obj\x86\Release\RestaurantPOS14.frmPizzaToppingsExportImport.resources".
         Deleting file "L:\New Restauraunt Pos\src\RestaurantPOS14\obj\x86\Release\RestaurantPOS14.frmPOS.resources".
         Deleting file "L:\New Restauraunt Pos\src\RestaurantPOS14\obj\x86\Release\RestaurantPOS14.frmPOSRecord.resources".
         Deleting file "L:\New Restauraunt Pos\src\RestaurantPOS14\obj\x86\Release\RestaurantPOS14.frmPOSReport.resources".
         Deleting file "L:\New Restauraunt Pos\src\RestaurantPOS14\obj\x86\Release\RestaurantPOS14.frmPOSReport_CRViewer.resources".
         Deleting file "L:\New Restauraunt Pos\src\RestaurantPOS14\obj\x86\Release\RestaurantPOS14.frmPOSReport_CRViewer1.resources".
         Deleting file "L:\New Restauraunt Pos\src\RestaurantPOS14\obj\x86\Release\RestaurantPOS14.frmPO_CRViewer.resources".
         Deleting file "L:\New Restauraunt Pos\src\RestaurantPOS14\obj\x86\Release\RestaurantPOS14.frmPrinterStatus.resources".
         Deleting file "L:\New Restauraunt Pos\src\RestaurantPOS14\obj\x86\Release\RestaurantPOS14.frmPrintLoyaltyCard.resources".
         Deleting file "L:\New Restauraunt Pos\src\RestaurantPOS14\obj\x86\Release\RestaurantPOS14.frmPrintVIPMemberCard.resources".
         Deleting file "L:\New Restauraunt Pos\src\RestaurantPOS14\obj\x86\Release\RestaurantPOS14.frmProduct.resources".
         Deleting file "L:\New Restauraunt Pos\src\RestaurantPOS14\obj\x86\Release\RestaurantPOS14.frmProductRecord.resources".
         Deleting file "L:\New Restauraunt Pos\src\RestaurantPOS14\obj\x86\Release\RestaurantPOS14.frmPromotion.resources".
         Deleting file "L:\New Restauraunt Pos\src\RestaurantPOS14\obj\x86\Release\RestaurantPOS14.frmPurchaseEntry.resources".
         Deleting file "L:\New Restauraunt Pos\src\RestaurantPOS14\obj\x86\Release\RestaurantPOS14.frmPurchaseOrder.resources".
         Deleting file "L:\New Restauraunt Pos\src\RestaurantPOS14\obj\x86\Release\RestaurantPOS14.frmPurchaseOrderRecord.resources".
         Deleting file "L:\New Restauraunt Pos\src\RestaurantPOS14\obj\x86\Release\RestaurantPOS14.frmPurchaseRecord.resources".
         Deleting file "L:\New Restauraunt Pos\src\RestaurantPOS14\obj\x86\Release\RestaurantPOS14.frmRawMaterialsCategory.resources".
         Deleting file "L:\New Restauraunt Pos\src\RestaurantPOS14\obj\x86\Release\RestaurantPOS14.frmRawMaterialsUsed.resources".
         Deleting file "L:\New Restauraunt Pos\src\RestaurantPOS14\obj\x86\Release\RestaurantPOS14.frmRecipe.resources".
         Deleting file "L:\New Restauraunt Pos\src\RestaurantPOS14\obj\x86\Release\RestaurantPOS14.frmRecipeRecord.resources".
         Deleting file "L:\New Restauraunt Pos\src\RestaurantPOS14\obj\x86\Release\RestaurantPOS14.frmRecoveryPIN.resources".
         Deleting file "L:\New Restauraunt Pos\src\RestaurantPOS14\obj\x86\Release\RestaurantPOS14.frmRefundMoney.resources".
         Deleting file "L:\New Restauraunt Pos\src\RestaurantPOS14\obj\x86\Release\RestaurantPOS14.frmRefundMoneyRecord.resources".
         Deleting file "L:\New Restauraunt Pos\src\RestaurantPOS14\obj\x86\Release\RestaurantPOS14.frmRegistration.resources".
         Deleting file "L:\New Restauraunt Pos\src\RestaurantPOS14\obj\x86\Release\RestaurantPOS14.frmReport.resources".
         Deleting file "L:\New Restauraunt Pos\src\RestaurantPOS14\obj\x86\Release\RestaurantPOS14.frmRestaurantMaster.resources".
         Deleting file "L:\New Restauraunt Pos\src\RestaurantPOS14\obj\x86\Release\RestaurantPOS14.frmRestaurantPOSEBRecord.resources".
         Deleting file "L:\New Restauraunt Pos\src\RestaurantPOS14\obj\x86\Release\RestaurantPOS14.frmRestaurantPOSEBRecord_Unpaid.resources".
         Deleting file "L:\New Restauraunt Pos\src\RestaurantPOS14\obj\x86\Release\RestaurantPOS14.frmRestaurantPOSHDRecord.resources".
         Deleting file "L:\New Restauraunt Pos\src\RestaurantPOS14\obj\x86\Release\RestaurantPOS14.frmRestaurantPOSHDRecord1.resources".
         Deleting file "L:\New Restauraunt Pos\src\RestaurantPOS14\obj\x86\Release\RestaurantPOS14.frmRestaurantPOSKOTFinalBillRecord.resources".
         Deleting file "L:\New Restauraunt Pos\src\RestaurantPOS14\obj\x86\Release\RestaurantPOS14.frmRestaurantPOSKOTFinalBillRecord_Unpaid.resources".
         Deleting file "L:\New Restauraunt Pos\src\RestaurantPOS14\obj\x86\Release\RestaurantPOS14.frmRestaurantPOSKOTRecord.resources".
         Deleting file "L:\New Restauraunt Pos\src\RestaurantPOS14\obj\x86\Release\RestaurantPOS14.frmRestaurantPOSTARecord.resources".
         Deleting file "L:\New Restauraunt Pos\src\RestaurantPOS14\obj\x86\Release\RestaurantPOS14.frmRestaurantPOSTARecord_Unpaid.resources".
         Deleting file "L:\New Restauraunt Pos\src\RestaurantPOS14\obj\x86\Release\RestaurantPOS14.frmSecondaryDisplay.resources".
         Deleting file "L:\New Restauraunt Pos\src\RestaurantPOS14\obj\x86\Release\RestaurantPOS14.frmSendBroadcastSMS.resources".
         Deleting file "L:\New Restauraunt Pos\src\RestaurantPOS14\obj\x86\Release\RestaurantPOS14.frmSendEmail.resources".
         Deleting file "L:\New Restauraunt Pos\src\RestaurantPOS14\obj\x86\Release\RestaurantPOS14.frmSetDiscount.resources".
         Deleting file "L:\New Restauraunt Pos\src\RestaurantPOS14\obj\x86\Release\RestaurantPOS14.frmSetNOP.resources".
         Deleting file "L:\New Restauraunt Pos\src\RestaurantPOS14\obj\x86\Release\RestaurantPOS14.frmSettings.resources".
         Deleting file "L:\New Restauraunt Pos\src\RestaurantPOS14\obj\x86\Release\RestaurantPOS14.frmSMSSetting.resources".
         Deleting file "L:\New Restauraunt Pos\src\RestaurantPOS14\obj\x86\Release\RestaurantPOS14.frmSoftwareLicenceRenewal.resources".
         Deleting file "L:\New Restauraunt Pos\src\RestaurantPOS14\obj\x86\Release\RestaurantPOS14.frmSplash.resources".
         Deleting file "L:\New Restauraunt Pos\src\RestaurantPOS14\obj\x86\Release\RestaurantPOS14.frmSqlServerSetting.resources".
         Deleting file "L:\New Restauraunt Pos\src\RestaurantPOS14\obj\x86\Release\RestaurantPOS14.frmStockAdjustment.resources".
         Deleting file "L:\New Restauraunt Pos\src\RestaurantPOS14\obj\x86\Release\RestaurantPOS14.frmStockAdjustment_MI.resources".
         Deleting file "L:\New Restauraunt Pos\src\RestaurantPOS14\obj\x86\Release\RestaurantPOS14.frmStockAdjustment_MI_Record.resources".
         Deleting file "L:\New Restauraunt Pos\src\RestaurantPOS14\obj\x86\Release\RestaurantPOS14.frmStockAdjustment_Store.resources".
         Deleting file "L:\New Restauraunt Pos\src\RestaurantPOS14\obj\x86\Release\RestaurantPOS14.frmStockAdjustment_Store_Record.resources".
         Deleting file "L:\New Restauraunt Pos\src\RestaurantPOS14\obj\x86\Release\RestaurantPOS14.frmStockAdjustment_Warehouse.resources".
         Deleting file "L:\New Restauraunt Pos\src\RestaurantPOS14\obj\x86\Release\RestaurantPOS14.frmStockAdjustment_Warehouse_Record.resources".
         Deleting file "L:\New Restauraunt Pos\src\RestaurantPOS14\obj\x86\Release\RestaurantPOS14.frmStockInRecord.resources".
         Deleting file "L:\New Restauraunt Pos\src\RestaurantPOS14\obj\x86\Release\RestaurantPOS14.frmStockIn_RM.resources".
         Deleting file "L:\New Restauraunt Pos\src\RestaurantPOS14\obj\x86\Release\RestaurantPOS14.frmStockIn_StoreRecord.resources".
         Deleting file "L:\New Restauraunt Pos\src\RestaurantPOS14\obj\x86\Release\RestaurantPOS14.frmStockOUTRecord.resources".
         Deleting file "L:\New Restauraunt Pos\src\RestaurantPOS14\obj\x86\Release\RestaurantPOS14.frmStockOUT_RM.resources".
         Deleting file "L:\New Restauraunt Pos\src\RestaurantPOS14\obj\x86\Release\RestaurantPOS14.frmStockOUT_StoreRecord.resources".
         Deleting file "L:\New Restauraunt Pos\src\RestaurantPOS14\obj\x86\Release\RestaurantPOS14.frmStockTransfer.resources".
         Deleting file "L:\New Restauraunt Pos\src\RestaurantPOS14\obj\x86\Release\RestaurantPOS14.frmStockTransferRecord.resources".
         Deleting file "L:\New Restauraunt Pos\src\RestaurantPOS14\obj\x86\Release\RestaurantPOS14.frmStock_Store.resources".
         Deleting file "L:\New Restauraunt Pos\src\RestaurantPOS14\obj\x86\Release\RestaurantPOS14.frmStock_StoreRecord.resources".
         Deleting file "L:\New Restauraunt Pos\src\RestaurantPOS14\obj\x86\Release\RestaurantPOS14.frmSupplier.resources".
         Deleting file "L:\New Restauraunt Pos\src\RestaurantPOS14\obj\x86\Release\RestaurantPOS14.frmSupplierRecord.resources".
         Deleting file "L:\New Restauraunt Pos\src\RestaurantPOS14\obj\x86\Release\RestaurantPOS14.frmSystemInfo.resources".
         Deleting file "L:\New Restauraunt Pos\src\RestaurantPOS14\obj\x86\Release\RestaurantPOS14.frmTable.resources".
         Deleting file "L:\New Restauraunt Pos\src\RestaurantPOS14\obj\x86\Release\RestaurantPOS14.frmTableLayout.resources".
         Deleting file "L:\New Restauraunt Pos\src\RestaurantPOS14\obj\x86\Release\RestaurantPOS14.frmTableLayoutSettings.resources".
         Deleting file "L:\New Restauraunt Pos\src\RestaurantPOS14\obj\x86\Release\RestaurantPOS14.frmTableList.resources".
         Deleting file "L:\New Restauraunt Pos\src\RestaurantPOS14\obj\x86\Release\RestaurantPOS14.frmTableMapping_Waiter.resources".
         Deleting file "L:\New Restauraunt Pos\src\RestaurantPOS14\obj\x86\Release\RestaurantPOS14.frmTableReservation.resources".
         Deleting file "L:\New Restauraunt Pos\src\RestaurantPOS14\obj\x86\Release\RestaurantPOS14.frmTablesExportImport.resources".
         Deleting file "L:\New Restauraunt Pos\src\RestaurantPOS14\obj\x86\Release\RestaurantPOS14.frmTerminalSetting.resources".
         Deleting file "L:\New Restauraunt Pos\src\RestaurantPOS14\obj\x86\Release\RestaurantPOS14.frmTestDualDisplay.resources".
         Deleting file "L:\New Restauraunt Pos\src\RestaurantPOS14\obj\x86\Release\RestaurantPOS14.frmToppingsList.resources".
         Deleting file "L:\New Restauraunt Pos\src\RestaurantPOS14\obj\x86\Release\RestaurantPOS14.frmToppingsList1.resources".
         Deleting file "L:\New Restauraunt Pos\src\RestaurantPOS14\obj\x86\Release\RestaurantPOS14.frmUnit.resources".
         Deleting file "L:\New Restauraunt Pos\src\RestaurantPOS14\obj\x86\Release\RestaurantPOS14.frmUserRights.resources".
         Deleting file "L:\New Restauraunt Pos\src\RestaurantPOS14\obj\x86\Release\RestaurantPOS14.frmVIPMemberCard.resources".
         Deleting file "L:\New Restauraunt Pos\src\RestaurantPOS14\obj\x86\Release\RestaurantPOS14.frmVoucher.resources".
         Deleting file "L:\New Restauraunt Pos\src\RestaurantPOS14\obj\x86\Release\RestaurantPOS14.frmVoucherRecord.resources".
         Deleting file "L:\New Restauraunt Pos\src\RestaurantPOS14\obj\x86\Release\RestaurantPOS14.frmWaiterList.resources".
         Deleting file "L:\New Restauraunt Pos\src\RestaurantPOS14\obj\x86\Release\RestaurantPOS14.frmWalletList.resources".
         Deleting file "L:\New Restauraunt Pos\src\RestaurantPOS14\obj\x86\Release\RestaurantPOS14.frmWalletType.resources".
         Deleting file "L:\New Restauraunt Pos\src\RestaurantPOS14\obj\x86\Release\RestaurantPOS14.frmWarehouse.resources".
         Deleting file "L:\New Restauraunt Pos\src\RestaurantPOS14\obj\x86\Release\RestaurantPOS14.frmWarehouseType.resources".
         Deleting file "L:\New Restauraunt Pos\src\RestaurantPOS14\obj\x86\Release\RestaurantPOS14.frmWorkPeriod.resources".
         Deleting file "L:\New Restauraunt Pos\src\RestaurantPOS14\obj\x86\Release\RestaurantPOS14.frmWorkPeriodReport.resources".
         Deleting file "L:\New Restauraunt Pos\src\RestaurantPOS14\obj\x86\Release\RestaurantPOS14.frmWorkPeriod_Del.resources".
         Deleting file "L:\New Restauraunt Pos\src\RestaurantPOS14\obj\x86\Release\RestaurantPOS14.frmWPReport_CRViewer.resources".
         Deleting file "L:\New Restauraunt Pos\src\RestaurantPOS14\obj\x86\Release\RestaurantPOS14.Resources.resources".
         Deleting file "L:\New Restauraunt Pos\src\RestaurantPOS14\obj\x86\Release\RestaurantPOS14.vbproj.GenerateResource.cache".
         Deleting file "L:\New Restauraunt Pos\src\RestaurantPOS14\obj\x86\Release\RestaurantPOS14.vbproj.CoreCompileInputs.cache".
         Deleting file "L:\New Restauraunt Pos\src\RestaurantPOS14\obj\x86\Release\Restaura.DF2486C5.Up2Date".
         Deleting file "L:\New Restauraunt Pos\src\RestaurantPOS14\obj\x86\Release\RestaurantPOS14.exe".
         Deleting file "L:\New Restauraunt Pos\src\RestaurantPOS14\obj\x86\Release\RestaurantPOS14.pdb".
       CoreResGen:
         Processing resource file "RestaurantPOS14.frmAbout.resx" into "obj\x86\Release\RestaurantPOS14.frmAbout.resources".
         Processing resource file "RestaurantPOS14.frmAccountingReport.resx" into "obj\x86\Release\RestaurantPOS14.frmAccountingReport.resources".
         Processing resource file "RestaurantPOS14.frmAddFunds.resx" into "obj\x86\Release\RestaurantPOS14.frmAddFunds.resources".
         Processing resource file "RestaurantPOS14.frmAddFundsRecord.resx" into "obj\x86\Release\RestaurantPOS14.frmAddFundsRecord.resources".
         Processing resource file "RestaurantPOS14.frmAssignedTablesList_Waiter.resx" into "obj\x86\Release\RestaurantPOS14.frmAssignedTablesList_Waiter.resources".
         Processing resource file "RestaurantPOS14.frmAttendance.resx" into "obj\x86\Release\RestaurantPOS14.frmAttendance.resources".
         Processing resource file "RestaurantPOS14.frmAvailableTables.resx" into "obj\x86\Release\RestaurantPOS14.frmAvailableTables.resources".
         Processing resource file "RestaurantPOS14.frmBackOffice.resx" into "obj\x86\Release\RestaurantPOS14.frmBackOffice.resources".
         Processing resource file "RestaurantPOS14.frmBank.resx" into "obj\x86\Release\RestaurantPOS14.frmBank.resources".
         Processing resource file "RestaurantPOS14.frmBankAccountRegistration.resx" into "obj\x86\Release\RestaurantPOS14.frmBankAccountRegistration.resources".
         Processing resource file "RestaurantPOS14.frmBankAccountStatements.resx" into "obj\x86\Release\RestaurantPOS14.frmBankAccountStatements.resources".
         Processing resource file "RestaurantPOS14.frmBankReconciliation.resx" into "obj\x86\Release\RestaurantPOS14.frmBankReconciliation.resources".
         Processing resource file "RestaurantPOS14.frmBarcodeLabelPrinting.resx" into "obj\x86\Release\RestaurantPOS14.frmBarcodeLabelPrinting.resources".
         Processing resource file "RestaurantPOS14.frmBillSplit.resx" into "obj\x86\Release\RestaurantPOS14.frmBillSplit.resources".
         Processing resource file "RestaurantPOS14.frmBranchMaster_Bank.resx" into "obj\x86\Release\RestaurantPOS14.frmBranchMaster_Bank.resources".
         Processing resource file "RestaurantPOS14.frmCallerID.resx" into "obj\x86\Release\RestaurantPOS14.frmCallerID.resources".
         Processing resource file "RestaurantPOS14.frmCards.resx" into "obj\x86\Release\RestaurantPOS14.frmCards.resources".
         Processing resource file "RestaurantPOS14.frmCards_POS.resx" into "obj\x86\Release\RestaurantPOS14.frmCards_POS.resources".
         Processing resource file "RestaurantPOS14.frmCategoriesExportImport.resx" into "obj\x86\Release\RestaurantPOS14.frmCategoriesExportImport.resources".
         Processing resource file "RestaurantPOS14.frmChangeQty.resx" into "obj\x86\Release\RestaurantPOS14.frmChangeQty.resources".
         Processing resource file "RestaurantPOS14.frmChangeRate.resx" into "obj\x86\Release\RestaurantPOS14.frmChangeRate.resources".
         Processing resource file "RestaurantPOS14.frmClockINandOUT.resx" into "obj\x86\Release\RestaurantPOS14.frmClockINandOUT.resources".
         Processing resource file "RestaurantPOS14.frmCMISetting.resx" into "obj\x86\Release\RestaurantPOS14.frmCMISetting.resources".
         Processing resource file "RestaurantPOS14.frmCreditCustomer.resx" into "obj\x86\Release\RestaurantPOS14.frmCreditCustomer.resources".
         Processing resource file "RestaurantPOS14.frmCreditCustomerBalance.resx" into "obj\x86\Release\RestaurantPOS14.frmCreditCustomerBalance.resources".
         Processing resource file "RestaurantPOS14.frmCreditCustomerLedger.resx" into "obj\x86\Release\RestaurantPOS14.frmCreditCustomerLedger.resources".
         Processing resource file "RestaurantPOS14.frmCreditCustomerReceipt.resx" into "obj\x86\Release\RestaurantPOS14.frmCreditCustomerReceipt.resources".
         Processing resource file "RestaurantPOS14.frmCreditCustomerReceiptRecord.resx" into "obj\x86\Release\RestaurantPOS14.frmCreditCustomerReceiptRecord.resources".
         Processing resource file "RestaurantPOS14.frmCreditCustomerRegistration.resx" into "obj\x86\Release\RestaurantPOS14.frmCreditCustomerRegistration.resources".
         Processing resource file "RestaurantPOS14.frmCreditCustomersList.resx" into "obj\x86\Release\RestaurantPOS14.frmCreditCustomersList.resources".
         Processing resource file "RestaurantPOS14.frmCurrency.resx" into "obj\x86\Release\RestaurantPOS14.frmCurrency.resources".
         Processing resource file "RestaurantPOS14.frmCustomDialogWS.resx" into "obj\x86\Release\RestaurantPOS14.frmCustomDialogWS.resources".
         Processing resource file "RestaurantPOS14.frmCustomer.resx" into "obj\x86\Release\RestaurantPOS14.frmCustomer.resources".
         Processing resource file "RestaurantPOS14.frmCustomersExportImport.resx" into "obj\x86\Release\RestaurantPOS14.frmCustomersExportImport.resources".
         Processing resource file "RestaurantPOS14.frmCustomersRecord.resx" into "obj\x86\Release\RestaurantPOS14.frmCustomersRecord.resources".
         Processing resource file "RestaurantPOS14.frmDatabase.resx" into "obj\x86\Release\RestaurantPOS14.frmDatabase.resources".
         Processing resource file "RestaurantPOS14.frmDeliveryPersonLedger.resx" into "obj\x86\Release\RestaurantPOS14.frmDeliveryPersonLedger.resources".
         Processing resource file "RestaurantPOS14.frmDeliveryPersonRecord.resx" into "obj\x86\Release\RestaurantPOS14.frmDeliveryPersonRecord.resources".
         Processing resource file "RestaurantPOS14.frmEmailSetting.resx" into "obj\x86\Release\RestaurantPOS14.frmEmailSetting.resources".
         Processing resource file "RestaurantPOS14.frmEmployeeRegistration.resx" into "obj\x86\Release\RestaurantPOS14.frmEmployeeRegistration.resources".
         Processing resource file "RestaurantPOS14.frmEmployeeSession.resx" into "obj\x86\Release\RestaurantPOS14.frmEmployeeSession.resources".
         Processing resource file "RestaurantPOS14.frmEmployeesRecord.resx" into "obj\x86\Release\RestaurantPOS14.frmEmployeesRecord.resources".
         Processing resource file "RestaurantPOS14.frmEnterQty.resx" into "obj\x86\Release\RestaurantPOS14.frmEnterQty.resources".
         Processing resource file "RestaurantPOS14.frmEnterQtyX.resx" into "obj\x86\Release\RestaurantPOS14.frmEnterQtyX.resources".
         Processing resource file "RestaurantPOS14.frmExecuteQuery.resx" into "obj\x86\Release\RestaurantPOS14.frmExecuteQuery.resources".
         Processing resource file "RestaurantPOS14.frmExpense.resx" into "obj\x86\Release\RestaurantPOS14.frmExpense.resources".
         Processing resource file "RestaurantPOS14.frmExpenseType.resx" into "obj\x86\Release\RestaurantPOS14.frmExpenseType.resources".
         Processing resource file "RestaurantPOS14.frmExpiredProductsRecord.resx" into "obj\x86\Release\RestaurantPOS14.frmExpiredProductsRecord.resources".
         Processing resource file "RestaurantPOS14.frmFreeToppingsList.resx" into "obj\x86\Release\RestaurantPOS14.frmFreeToppingsList.resources".
         Processing resource file "RestaurantPOS14.frmFrontOffice.resx" into "obj\x86\Release\RestaurantPOS14.frmFrontOffice.resources".
         Processing resource file "RestaurantPOS14.frmFrontOffice_Report.resx" into "obj\x86\Release\RestaurantPOS14.frmFrontOffice_Report.resources".
         Processing resource file "RestaurantPOS14.frmFundDeposit.resx" into "obj\x86\Release\RestaurantPOS14.frmFundDeposit.resources".
         Processing resource file "RestaurantPOS14.frmFundTransfer.resx" into "obj\x86\Release\RestaurantPOS14.frmFundTransfer.resources".
         Processing resource file "RestaurantPOS14.frmGeneralLedger.resx" into "obj\x86\Release\RestaurantPOS14.frmGeneralLedger.resources".
         Processing resource file "RestaurantPOS14.frmGiftCard.resx" into "obj\x86\Release\RestaurantPOS14.frmGiftCard.resources".
         Processing resource file "RestaurantPOS14.frmGiftCardRecord.resx" into "obj\x86\Release\RestaurantPOS14.frmGiftCardRecord.resources".
         Processing resource file "RestaurantPOS14.frmHDStatus.resx" into "obj\x86\Release\RestaurantPOS14.frmHDStatus.resources".
         Processing resource file "RestaurantPOS14.frmHoldBills.resx" into "obj\x86\Release\RestaurantPOS14.frmHoldBills.resources".
         Processing resource file "RestaurantPOS14.frmHoldBillsHD.resx" into "obj\x86\Release\RestaurantPOS14.frmHoldBillsHD.resources".
         Processing resource file "RestaurantPOS14.frmHoldDineInKOTs.resx" into "obj\x86\Release\RestaurantPOS14.frmHoldDineInKOTs.resources".
         Processing resource file "RestaurantPOS14.frmHomeDelivery.resx" into "obj\x86\Release\RestaurantPOS14.frmHomeDelivery.resources".
         Processing resource file "RestaurantPOS14.frmImportExportExcel_Products.resx" into "obj\x86\Release\RestaurantPOS14.frmImportExportExcel_Products.resources".
         Processing resource file "RestaurantPOS14.frmImportExportExcel_Supplier.resx" into "obj\x86\Release\RestaurantPOS14.frmImportExportExcel_Supplier.resources".
         Processing resource file "RestaurantPOS14.frmItemsTransfer.resx" into "obj\x86\Release\RestaurantPOS14.frmItemsTransfer.resources".
         Processing resource file "RestaurantPOS14.frmJournalEntries.resx" into "obj\x86\Release\RestaurantPOS14.frmJournalEntries.resources".
         Processing resource file "RestaurantPOS14.frmKDS.resx" into "obj\x86\Release\RestaurantPOS14.frmKDS.resources".
         Processing resource file "RestaurantPOS14.frmKitchen_Section.resx" into "obj\x86\Release\RestaurantPOS14.frmKitchen_Section.resources".
         Processing resource file "RestaurantPOS14.frmLogin.resx" into "obj\x86\Release\RestaurantPOS14.frmLogin.resources".
         Processing resource file "RestaurantPOS14.frmLogs.resx" into "obj\x86\Release\RestaurantPOS14.frmLogs.resources".
         Processing resource file "RestaurantPOS14.frmLowStockRecord.resx" into "obj\x86\Release\RestaurantPOS14.frmLowStockRecord.resources".
         Processing resource file "RestaurantPOS14.frmLoyaltyCard.resx" into "obj\x86\Release\RestaurantPOS14.frmLoyaltyCard.resources".
         Processing resource file "RestaurantPOS14.frmLoyaltyCardMemberLedger.resx" into "obj\x86\Release\RestaurantPOS14.frmLoyaltyCardMemberLedger.resources".
         Processing resource file "RestaurantPOS14.frmLoyaltyCardMemberList.resx" into "obj\x86\Release\RestaurantPOS14.frmLoyaltyCardMemberList.resources".
         Processing resource file "RestaurantPOS14.frmLoyaltyCardMemberPoints.resx" into "obj\x86\Release\RestaurantPOS14.frmLoyaltyCardMemberPoints.resources".
         Processing resource file "RestaurantPOS14.frmLoyaltyMember.resx" into "obj\x86\Release\RestaurantPOS14.frmLoyaltyMember.resources".
         Processing resource file "RestaurantPOS14.frmLoyaltySetting.resx" into "obj\x86\Release\RestaurantPOS14.frmLoyaltySetting.resources".
         Processing resource file "RestaurantPOS14.frmMarketingTools.resx" into "obj\x86\Release\RestaurantPOS14.frmMarketingTools.resources".
         Processing resource file "RestaurantPOS14.frmMember.resx" into "obj\x86\Release\RestaurantPOS14.frmMember.resources".
         Processing resource file "RestaurantPOS14.frmMemberBalance.resx" into "obj\x86\Release\RestaurantPOS14.frmMemberBalance.resources".
         Processing resource file "RestaurantPOS14.frmMemberLedger.resx" into "obj\x86\Release\RestaurantPOS14.frmMemberLedger.resources".
         Processing resource file "RestaurantPOS14.frmMemberList.resx" into "obj\x86\Release\RestaurantPOS14.frmMemberList.resources".
         Processing resource file "RestaurantPOS14.frmMenuItem.resx" into "obj\x86\Release\RestaurantPOS14.frmMenuItem.resources".
         Processing resource file "RestaurantPOS14.frmMenuItemsCategory.resx" into "obj\x86\Release\RestaurantPOS14.frmMenuItemsCategory.resources".
         Processing resource file "RestaurantPOS14.frmMenuItemsExportImport.resx" into "obj\x86\Release\RestaurantPOS14.frmMenuItemsExportImport.resources".
         Processing resource file "RestaurantPOS14.frmMenuItemsList.resx" into "obj\x86\Release\RestaurantPOS14.frmMenuItemsList.resources".
         Processing resource file "RestaurantPOS14.frmMenuItemsModifiers.resx" into "obj\x86\Release\RestaurantPOS14.frmMenuItemsModifiers.resources".
         Processing resource file "RestaurantPOS14.frmModifiersExportImport.resx" into "obj\x86\Release\RestaurantPOS14.frmModifiersExportImport.resources".
         Processing resource file "RestaurantPOS14.frmModifiersList.resx" into "obj\x86\Release\RestaurantPOS14.frmModifiersList.resources".
         Processing resource file "RestaurantPOS14.frmModifiersList_AutoPopUp.resx" into "obj\x86\Release\RestaurantPOS14.frmModifiersList_AutoPopUp.resources".
         Processing resource file "RestaurantPOS14.frmMpesaSetting.resx" into "obj\x86\Release\RestaurantPOS14.frmMpesaSetting.resources".
         Processing resource file "RestaurantPOS14.frmNotes.resx" into "obj\x86\Release\RestaurantPOS14.frmNotes.resources".
         Processing resource file "RestaurantPOS14.frmNotes1.resx" into "obj\x86\Release\RestaurantPOS14.frmNotes1.resources".
         Processing resource file "RestaurantPOS14.frmNotesMaster.resx" into "obj\x86\Release\RestaurantPOS14.frmNotesMaster.resources".
         Processing resource file "RestaurantPOS14.frmOnscreenKeyboard.resx" into "obj\x86\Release\RestaurantPOS14.frmOnscreenKeyboard.resources".
         Processing resource file "RestaurantPOS14.frmOpenItems.resx" into "obj\x86\Release\RestaurantPOS14.frmOpenItems.resources".
         Processing resource file "RestaurantPOS14.frmOpenTicketsRecord.resx" into "obj\x86\Release\RestaurantPOS14.frmOpenTicketsRecord.resources".
         Processing resource file "RestaurantPOS14.frmOption.resx" into "obj\x86\Release\RestaurantPOS14.frmOption.resources".
         Processing resource file "RestaurantPOS14.frmOrderedItemDetails.resx" into "obj\x86\Release\RestaurantPOS14.frmOrderedItemDetails.resources".
         Processing resource file "RestaurantPOS14.frmOthersSetting.resx" into "obj\x86\Release\RestaurantPOS14.frmOthersSetting.resources".
         Processing resource file "RestaurantPOS14.frmPayment.resx" into "obj\x86\Release\RestaurantPOS14.frmPayment.resources".
         Processing resource file "RestaurantPOS14.frmPaymentRecord.resx" into "obj\x86\Release\RestaurantPOS14.frmPaymentRecord.resources".
         Processing resource file "RestaurantPOS14.frmPayment_Withdrawal.resx" into "obj\x86\Release\RestaurantPOS14.frmPayment_Withdrawal.resources".
         Processing resource file "RestaurantPOS14.frmPayroll.resx" into "obj\x86\Release\RestaurantPOS14.frmPayroll.resources".
         Processing resource file "RestaurantPOS14.frmPayrollRecord_HB.resx" into "obj\x86\Release\RestaurantPOS14.frmPayrollRecord_HB.resources".
         Processing resource file "RestaurantPOS14.frmPayroll_HB.resx" into "obj\x86\Release\RestaurantPOS14.frmPayroll_HB.resources".
         Processing resource file "RestaurantPOS14.frmPayroll_MB.resx" into "obj\x86\Release\RestaurantPOS14.frmPayroll_MB.resources".
         Processing resource file "RestaurantPOS14.frmPayroll_MBRecord.resx" into "obj\x86\Release\RestaurantPOS14.frmPayroll_MBRecord.resources".
         Processing resource file "RestaurantPOS14.frmPizza.resx" into "obj\x86\Release\RestaurantPOS14.frmPizza.resources".
         Processing resource file "RestaurantPOS14.frmPizzaMaster.resx" into "obj\x86\Release\RestaurantPOS14.frmPizzaMaster.resources".
         Processing resource file "RestaurantPOS14.frmPizzaModifiers.resx" into "obj\x86\Release\RestaurantPOS14.frmPizzaModifiers.resources".
         Processing resource file "RestaurantPOS14.frmPizzaModifiersList.resx" into "obj\x86\Release\RestaurantPOS14.frmPizzaModifiersList.resources".
         Processing resource file "RestaurantPOS14.frmPizzaModifiersList_AutoPopUp.resx" into "obj\x86\Release\RestaurantPOS14.frmPizzaModifiersList_AutoPopUp.resources".
         Processing resource file "RestaurantPOS14.frmPizzaPOS.resx" into "obj\x86\Release\RestaurantPOS14.frmPizzaPOS.resources".
         Processing resource file "RestaurantPOS14.frmPizzasExportImport.resx" into "obj\x86\Release\RestaurantPOS14.frmPizzasExportImport.resources".
         Processing resource file "RestaurantPOS14.frmPizzaSize.resx" into "obj\x86\Release\RestaurantPOS14.frmPizzaSize.resources".
         Processing resource file "RestaurantPOS14.frmPizzaToppings.resx" into "obj\x86\Release\RestaurantPOS14.frmPizzaToppings.resources".
         Processing resource file "RestaurantPOS14.frmPizzaToppingsExportImport.resx" into "obj\x86\Release\RestaurantPOS14.frmPizzaToppingsExportImport.resources".
         Processing resource file "RestaurantPOS14.frmPOS.resx" into "obj\x86\Release\RestaurantPOS14.frmPOS.resources".
         Processing resource file "RestaurantPOS14.frmPOSRecord.resx" into "obj\x86\Release\RestaurantPOS14.frmPOSRecord.resources".
         Processing resource file "RestaurantPOS14.frmPOSReport.resx" into "obj\x86\Release\RestaurantPOS14.frmPOSReport.resources".
         Processing resource file "RestaurantPOS14.frmPOSReport_CRViewer.resx" into "obj\x86\Release\RestaurantPOS14.frmPOSReport_CRViewer.resources".
         Processing resource file "RestaurantPOS14.frmPOSReport_CRViewer1.resx" into "obj\x86\Release\RestaurantPOS14.frmPOSReport_CRViewer1.resources".
         Processing resource file "RestaurantPOS14.frmPO_CRViewer.resx" into "obj\x86\Release\RestaurantPOS14.frmPO_CRViewer.resources".
         Processing resource file "RestaurantPOS14.frmPrinterStatus.resx" into "obj\x86\Release\RestaurantPOS14.frmPrinterStatus.resources".
         Processing resource file "RestaurantPOS14.frmPrintLoyaltyCard.resx" into "obj\x86\Release\RestaurantPOS14.frmPrintLoyaltyCard.resources".
         Processing resource file "RestaurantPOS14.frmPrintVIPMemberCard.resx" into "obj\x86\Release\RestaurantPOS14.frmPrintVIPMemberCard.resources".
         Processing resource file "RestaurantPOS14.frmProduct.resx" into "obj\x86\Release\RestaurantPOS14.frmProduct.resources".
         Processing resource file "RestaurantPOS14.frmProductRecord.resx" into "obj\x86\Release\RestaurantPOS14.frmProductRecord.resources".
         Processing resource file "RestaurantPOS14.frmPromotion.resx" into "obj\x86\Release\RestaurantPOS14.frmPromotion.resources".
         Processing resource file "RestaurantPOS14.frmPurchaseEntry.resx" into "obj\x86\Release\RestaurantPOS14.frmPurchaseEntry.resources".
         Processing resource file "RestaurantPOS14.frmPurchaseOrder.resx" into "obj\x86\Release\RestaurantPOS14.frmPurchaseOrder.resources".
         Processing resource file "RestaurantPOS14.frmPurchaseOrderRecord.resx" into "obj\x86\Release\RestaurantPOS14.frmPurchaseOrderRecord.resources".
         Processing resource file "RestaurantPOS14.frmPurchaseRecord.resx" into "obj\x86\Release\RestaurantPOS14.frmPurchaseRecord.resources".
         Processing resource file "RestaurantPOS14.frmRawMaterialsCategory.resx" into "obj\x86\Release\RestaurantPOS14.frmRawMaterialsCategory.resources".
         Processing resource file "RestaurantPOS14.frmRawMaterialsUsed.resx" into "obj\x86\Release\RestaurantPOS14.frmRawMaterialsUsed.resources".
         Processing resource file "RestaurantPOS14.frmRecipe.resx" into "obj\x86\Release\RestaurantPOS14.frmRecipe.resources".
         Processing resource file "RestaurantPOS14.frmRecipeRecord.resx" into "obj\x86\Release\RestaurantPOS14.frmRecipeRecord.resources".
         Processing resource file "RestaurantPOS14.frmRecoveryPIN.resx" into "obj\x86\Release\RestaurantPOS14.frmRecoveryPIN.resources".
         Processing resource file "RestaurantPOS14.frmRefundMoney.resx" into "obj\x86\Release\RestaurantPOS14.frmRefundMoney.resources".
         Processing resource file "RestaurantPOS14.frmRefundMoneyRecord.resx" into "obj\x86\Release\RestaurantPOS14.frmRefundMoneyRecord.resources".
         Processing resource file "RestaurantPOS14.frmRegistration.resx" into "obj\x86\Release\RestaurantPOS14.frmRegistration.resources".
         Processing resource file "RestaurantPOS14.frmReport.resx" into "obj\x86\Release\RestaurantPOS14.frmReport.resources".
         Processing resource file "RestaurantPOS14.frmRestaurantMaster.resx" into "obj\x86\Release\RestaurantPOS14.frmRestaurantMaster.resources".
         Processing resource file "RestaurantPOS14.frmRestaurantPOSEBRecord.resx" into "obj\x86\Release\RestaurantPOS14.frmRestaurantPOSEBRecord.resources".
         Processing resource file "RestaurantPOS14.frmRestaurantPOSEBRecord_Unpaid.resx" into "obj\x86\Release\RestaurantPOS14.frmRestaurantPOSEBRecord_Unpaid.resources".
         Processing resource file "RestaurantPOS14.frmRestaurantPOSHDRecord.resx" into "obj\x86\Release\RestaurantPOS14.frmRestaurantPOSHDRecord.resources".
         Processing resource file "RestaurantPOS14.frmRestaurantPOSHDRecord1.resx" into "obj\x86\Release\RestaurantPOS14.frmRestaurantPOSHDRecord1.resources".
         Processing resource file "RestaurantPOS14.frmRestaurantPOSKOTFinalBillRecord.resx" into "obj\x86\Release\RestaurantPOS14.frmRestaurantPOSKOTFinalBillRecord.resources".
         Processing resource file "RestaurantPOS14.frmRestaurantPOSKOTFinalBillRecord_Unpaid.resx" into "obj\x86\Release\RestaurantPOS14.frmRestaurantPOSKOTFinalBillRecord_Unpaid.resources".
         Processing resource file "RestaurantPOS14.frmRestaurantPOSKOTRecord.resx" into "obj\x86\Release\RestaurantPOS14.frmRestaurantPOSKOTRecord.resources".
         Processing resource file "RestaurantPOS14.frmRestaurantPOSTARecord.resx" into "obj\x86\Release\RestaurantPOS14.frmRestaurantPOSTARecord.resources".
         Processing resource file "RestaurantPOS14.frmRestaurantPOSTARecord_Unpaid.resx" into "obj\x86\Release\RestaurantPOS14.frmRestaurantPOSTARecord_Unpaid.resources".
         Processing resource file "RestaurantPOS14.frmSecondaryDisplay.resx" into "obj\x86\Release\RestaurantPOS14.frmSecondaryDisplay.resources".
         Processing resource file "RestaurantPOS14.frmSendBroadcastSMS.resx" into "obj\x86\Release\RestaurantPOS14.frmSendBroadcastSMS.resources".
         Processing resource file "RestaurantPOS14.frmSendEmail.resx" into "obj\x86\Release\RestaurantPOS14.frmSendEmail.resources".
         Processing resource file "RestaurantPOS14.frmSetDiscount.resx" into "obj\x86\Release\RestaurantPOS14.frmSetDiscount.resources".
         Processing resource file "RestaurantPOS14.frmSetNOP.resx" into "obj\x86\Release\RestaurantPOS14.frmSetNOP.resources".
         Processing resource file "RestaurantPOS14.frmSettings.resx" into "obj\x86\Release\RestaurantPOS14.frmSettings.resources".
         Processing resource file "RestaurantPOS14.frmSMSSetting.resx" into "obj\x86\Release\RestaurantPOS14.frmSMSSetting.resources".
         Processing resource file "RestaurantPOS14.frmSoftwareLicenceRenewal.resx" into "obj\x86\Release\RestaurantPOS14.frmSoftwareLicenceRenewal.resources".
         Processing resource file "RestaurantPOS14.frmSplash.resx" into "obj\x86\Release\RestaurantPOS14.frmSplash.resources".
         Processing resource file "RestaurantPOS14.frmSqlServerSetting.resx" into "obj\x86\Release\RestaurantPOS14.frmSqlServerSetting.resources".
         Processing resource file "RestaurantPOS14.frmStockAdjustment.resx" into "obj\x86\Release\RestaurantPOS14.frmStockAdjustment.resources".
         Processing resource file "RestaurantPOS14.frmStockAdjustment_MI.resx" into "obj\x86\Release\RestaurantPOS14.frmStockAdjustment_MI.resources".
         Processing resource file "RestaurantPOS14.frmStockAdjustment_MI_Record.resx" into "obj\x86\Release\RestaurantPOS14.frmStockAdjustment_MI_Record.resources".
         Processing resource file "RestaurantPOS14.frmStockAdjustment_Store.resx" into "obj\x86\Release\RestaurantPOS14.frmStockAdjustment_Store.resources".
         Processing resource file "RestaurantPOS14.frmStockAdjustment_Store_Record.resx" into "obj\x86\Release\RestaurantPOS14.frmStockAdjustment_Store_Record.resources".
         Processing resource file "RestaurantPOS14.frmStockAdjustment_Warehouse.resx" into "obj\x86\Release\RestaurantPOS14.frmStockAdjustment_Warehouse.resources".
         Processing resource file "RestaurantPOS14.frmStockAdjustment_Warehouse_Record.resx" into "obj\x86\Release\RestaurantPOS14.frmStockAdjustment_Warehouse_Record.resources".
         Processing resource file "RestaurantPOS14.frmStockInRecord.resx" into "obj\x86\Release\RestaurantPOS14.frmStockInRecord.resources".
         Processing resource file "RestaurantPOS14.frmStockIn_RM.resx" into "obj\x86\Release\RestaurantPOS14.frmStockIn_RM.resources".
         Processing resource file "RestaurantPOS14.frmStockIn_StoreRecord.resx" into "obj\x86\Release\RestaurantPOS14.frmStockIn_StoreRecord.resources".
         Processing resource file "RestaurantPOS14.frmStockOUTRecord.resx" into "obj\x86\Release\RestaurantPOS14.frmStockOUTRecord.resources".
         Processing resource file "RestaurantPOS14.frmStockOUT_RM.resx" into "obj\x86\Release\RestaurantPOS14.frmStockOUT_RM.resources".
         Processing resource file "RestaurantPOS14.frmStockOUT_StoreRecord.resx" into "obj\x86\Release\RestaurantPOS14.frmStockOUT_StoreRecord.resources".
         Processing resource file "RestaurantPOS14.frmStockTransfer.resx" into "obj\x86\Release\RestaurantPOS14.frmStockTransfer.resources".
         Processing resource file "RestaurantPOS14.frmStockTransferRecord.resx" into "obj\x86\Release\RestaurantPOS14.frmStockTransferRecord.resources".
         Processing resource file "RestaurantPOS14.frmStock_Store.resx" into "obj\x86\Release\RestaurantPOS14.frmStock_Store.resources".
         Processing resource file "RestaurantPOS14.frmStock_StoreRecord.resx" into "obj\x86\Release\RestaurantPOS14.frmStock_StoreRecord.resources".
         Processing resource file "RestaurantPOS14.frmSupplier.resx" into "obj\x86\Release\RestaurantPOS14.frmSupplier.resources".
         Processing resource file "RestaurantPOS14.frmSupplierRecord.resx" into "obj\x86\Release\RestaurantPOS14.frmSupplierRecord.resources".
         Processing resource file "RestaurantPOS14.frmSystemInfo.resx" into "obj\x86\Release\RestaurantPOS14.frmSystemInfo.resources".
         Processing resource file "RestaurantPOS14.frmTable.resx" into "obj\x86\Release\RestaurantPOS14.frmTable.resources".
         Processing resource file "RestaurantPOS14.frmTableLayout.resx" into "obj\x86\Release\RestaurantPOS14.frmTableLayout.resources".
         Processing resource file "RestaurantPOS14.frmTableLayoutSettings.resx" into "obj\x86\Release\RestaurantPOS14.frmTableLayoutSettings.resources".
         Processing resource file "RestaurantPOS14.frmTableList.resx" into "obj\x86\Release\RestaurantPOS14.frmTableList.resources".
         Processing resource file "RestaurantPOS14.frmTableMapping_Waiter.resx" into "obj\x86\Release\RestaurantPOS14.frmTableMapping_Waiter.resources".
         Processing resource file "RestaurantPOS14.frmTableReservation.resx" into "obj\x86\Release\RestaurantPOS14.frmTableReservation.resources".
         Processing resource file "RestaurantPOS14.frmTablesExportImport.resx" into "obj\x86\Release\RestaurantPOS14.frmTablesExportImport.resources".
         Processing resource file "RestaurantPOS14.frmTerminalSetting.resx" into "obj\x86\Release\RestaurantPOS14.frmTerminalSetting.resources".
         Processing resource file "RestaurantPOS14.frmTestDualDisplay.resx" into "obj\x86\Release\RestaurantPOS14.frmTestDualDisplay.resources".
         Processing resource file "RestaurantPOS14.frmToppingsList.resx" into "obj\x86\Release\RestaurantPOS14.frmToppingsList.resources".
         Processing resource file "RestaurantPOS14.frmToppingsList1.resx" into "obj\x86\Release\RestaurantPOS14.frmToppingsList1.resources".
         Processing resource file "RestaurantPOS14.frmUnit.resx" into "obj\x86\Release\RestaurantPOS14.frmUnit.resources".
         Processing resource file "RestaurantPOS14.frmUserRights.resx" into "obj\x86\Release\RestaurantPOS14.frmUserRights.resources".
         Processing resource file "RestaurantPOS14.frmVIPMemberCard.resx" into "obj\x86\Release\RestaurantPOS14.frmVIPMemberCard.resources".
         Processing resource file "RestaurantPOS14.frmVoucher.resx" into "obj\x86\Release\RestaurantPOS14.frmVoucher.resources".
         Processing resource file "RestaurantPOS14.frmVoucherRecord.resx" into "obj\x86\Release\RestaurantPOS14.frmVoucherRecord.resources".
         Processing resource file "RestaurantPOS14.frmWaiterList.resx" into "obj\x86\Release\RestaurantPOS14.frmWaiterList.resources".
         Processing resource file "RestaurantPOS14.frmWalletList.resx" into "obj\x86\Release\RestaurantPOS14.frmWalletList.resources".
         Processing resource file "RestaurantPOS14.frmWalletType.resx" into "obj\x86\Release\RestaurantPOS14.frmWalletType.resources".
         Processing resource file "RestaurantPOS14.frmWarehouse.resx" into "obj\x86\Release\RestaurantPOS14.frmWarehouse.resources".
         Processing resource file "RestaurantPOS14.frmWarehouseType.resx" into "obj\x86\Release\RestaurantPOS14.frmWarehouseType.resources".
         Processing resource file "RestaurantPOS14.frmWorkPeriod.resx" into "obj\x86\Release\RestaurantPOS14.frmWorkPeriod.resources".
         Processing resource file "RestaurantPOS14.frmWorkPeriodReport.resx" into "obj\x86\Release\RestaurantPOS14.frmWorkPeriodReport.resources".
         Processing resource file "RestaurantPOS14.frmWorkPeriod_Del.resx" into "obj\x86\Release\RestaurantPOS14.frmWorkPeriod_Del.resources".
         Processing resource file "RestaurantPOS14.frmWPReport_CRViewer.resx" into "obj\x86\Release\RestaurantPOS14.frmWPReport_CRViewer.resources".
         Processing resource file "RestaurantPOS14.Resources.resx" into "obj\x86\Release\RestaurantPOS14.Resources.resources".
       GenerateTargetFrameworkMonikerAttribute:
       Skipping target "GenerateTargetFrameworkMonikerAttribute" because all output files are up-to-date with respect to the input files.
       CoreCompile:
         C:\Program Files\Microsoft Visual Studio\2022\Community\MSBuild\Current\Bin\Roslyn\vbc.exe /noconfig /imports:Microsoft.VisualBasic,System,System.Collections,System.Collections.Generic,System.Data,System.Diagnostics,System.Drawing,System.Linq,System.Threading.Tasks,System.Windows.Forms,System.Xml.Linq /optioncompare:Binary /optionexplicit+ /optionstrict:custom /nowarn:42016,41999,42017,42018,42019,42032,42314 /optioninfer+ /nostdlib /platform:x86 /sdkpath:"C:\Program Files (x86)\Reference Assemblies\Microsoft\Framework\.NETFramework\v4.8" /highentropyva+ /define:"CONFIG=\"Release\",TRACE=-1,_MyType=\"Empty\",PLATFORM=\"x86\"" /reference:"L:\New Restauraunt Pos\src\RestaurantPOS14\lib\CButtonLib.dll","L:\New Restauraunt Pos\src\RestaurantPOS14\lib\CrystalDecisions.CrystalReports.Engine.dll","L:\New Restauraunt Pos\src\RestaurantPOS14\lib\CrystalDecisions.ReportSource.dll","L:\New Restauraunt Pos\src\RestaurantPOS14\lib\CrystalDecisions.Shared.dll","L:\New Restauraunt Pos\src\RestaurantPOS14\lib\CrystalDecisions.Windows.Forms.dll","L:\New Restauraunt Pos\src\RestaurantPOS14\lib\GelButtons.dll","L:\New Restauraunt Pos\src\RestaurantPOS14\lib\IngenicoDLL.dll","L:\New Restauraunt Pos\src\RestaurantPOS14\lib\MessagingToolkit.QRCode.dll","L:\New Restauraunt Pos\src\RestaurantPOS14\lib\MetroFramework.dll","C:\Program Files (x86)\Reference Assemblies\Microsoft\Framework\.NETFramework\v4.8\Microsoft.CSharp.dll","L:\New Restauraunt Pos\src\RestaurantPOS14\lib\Microsoft.Office.Interop.Excel.dll","L:\New Restauraunt Pos\src\RestaurantPOS14\lib\Microsoft.SqlServer.ConnectionInfo.dll","L:\New Restauraunt Pos\src\RestaurantPOS14\lib\Microsoft.SqlServer.Smo.dll","C:\Program Files (x86)\Reference Assemblies\Microsoft\Framework\.NETFramework\v4.8\Microsoft.VisualBasic.dll","L:\New Restauraunt Pos\src\RestaurantPOS14\lib\Newtonsoft.Json.dll","C:\Program Files (x86)\Reference Assemblies\Microsoft\Framework\.NETFramework\v4.8\System.Configuration.dll","C:\Program Files (x86)\Reference Assemblies\Microsoft\Framework\.NETFramework\v4.8\System.Core.dll","C:\Program Files (x86)\Reference Assemblies\Microsoft\Framework\.NETFramework\v4.8\System.Data.DataSetExtensions.dll","C:\Program Files (x86)\Reference Assemblies\Microsoft\Framework\.NETFramework\v4.8\System.Data.dll","C:\Program Files (x86)\Reference Assemblies\Microsoft\Framework\.NETFramework\v4.8\System.dll","C:\Program Files (x86)\Reference Assemblies\Microsoft\Framework\.NETFramework\v4.8\System.Drawing.dll","C:\Program Files (x86)\Reference Assemblies\Microsoft\Framework\.NETFramework\v4.8\System.Management.dll","C:\Program Files (x86)\Reference Assemblies\Microsoft\Framework\.NETFramework\v4.8\System.Net.Http.dll","L:\New Restauraunt Pos\src\RestaurantPOS14\lib\System.Resources.Extensions.dll","C:\Program Files (x86)\Reference Assemblies\Microsoft\Framework\.NETFramework\v4.8\System.Windows.Forms.DataVisualization.dll","C:\Program Files (x86)\Reference Assemblies\Microsoft\Framework\.NETFramework\v4.8\System.Windows.Forms.dll","C:\Program Files (x86)\Reference Assemblies\Microsoft\Framework\.NETFramework\v4.8\System.Xml.dll","C:\Program Files (x86)\Reference Assemblies\Microsoft\Framework\.NETFramework\v4.8\System.Xml.Linq.dll","L:\New Restauraunt Pos\src\RestaurantPOS14\lib\TCSize.dll","L:\New Restauraunt Pos\src\RestaurantPOS14\lib\Telerik.WinControls.dll","L:\New Restauraunt Pos\src\RestaurantPOS14\lib\Telerik.WinControls.Themes.Aqua.dll","L:\New Restauraunt Pos\src\RestaurantPOS14\lib\Telerik.WinControls.Themes.Desert.dll","L:\New Restauraunt Pos\src\RestaurantPOS14\lib\Telerik.WinControls.Themes.VisualStudio2012Dark.dll","L:\New Restauraunt Pos\src\RestaurantPOS14\lib\Telerik.WinControls.UI.dll","C:\Program Files (x86)\Reference Assemblies\Microsoft\Framework\.NETFramework\v4.8\Facades\Microsoft.Win32.Primitives.dll","C:\Program Files (x86)\Reference Assemblies\Microsoft\Framework\.NETFramework\v4.8\Facades\netstandard.dll","C:\Program Files (x86)\Reference Assemblies\Microsoft\Framework\.NETFramework\v4.8\Facades\System.AppContext.dll","C:\Program Files (x86)\Reference Assemblies\Microsoft\Framework\.NETFramework\v4.8\Facades\System.Collections.Concurrent.dll","C:\Program Files (x86)\Reference Assemblies\Microsoft\Framework\.NETFramework\v4.8\Facades\System.Collections.dll","C:\Program Files (x86)\Reference Assemblies\Microsoft\Framework\.NETFramework\v4.8\Facades\System.Collections.NonGeneric.dll","C:\Program Files (x86)\Reference Assemblies\Microsoft\Framework\.NETFramework\v4.8\Facades\System.Collections.Specialized.dll","C:\Program Files (x86)\Reference Assemblies\Microsoft\Framework\.NETFramework\v4.8\Facades\System.ComponentModel.Annotations.dll","C:\Program Files (x86)\Reference Assemblies\Microsoft\Framework\.NETFramework\v4.8\Facades\System.ComponentModel.dll","C:\Program Files (x86)\Reference Assemblies\Microsoft\Framework\.NETFramework\v4.8\Facades\System.ComponentModel.EventBasedAsync.dll","C:\Program Files (x86)\Reference Assemblies\Microsoft\Framework\.NETFramework\v4.8\Facades\System.ComponentModel.Primitives.dll","C:\Program Files (x86)\Reference Assemblies\Microsoft\Framework\.NETFramework\v4.8\Facades\System.ComponentModel.TypeConverter.dll","C:\Program Files (x86)\Reference Assemblies\Microsoft\Framework\.NETFramework\v4.8\Facades\System.Console.dll","C:\Program Files (x86)\Reference Assemblies\Microsoft\Framework\.NETFramework\v4.8\Facades\System.Data.Common.dll","C:\Program Files (x86)\Reference Assemblies\Microsoft\Framework\.NETFramework\v4.8\Facades\System.Diagnostics.Contracts.dll","C:\Program Files (x86)\Reference Assemblies\Microsoft\Framework\.NETFramework\v4.8\Facades\System.Diagnostics.Debug.dll","C:\Program Files (x86)\Reference Assemblies\Microsoft\Framework\.NETFramework\v4.8\Facades\System.Diagnostics.FileVersionInfo.dll","C:\Program Files (x86)\Reference Assemblies\Microsoft\Framework\.NETFramework\v4.8\Facades\System.Diagnostics.Process.dll","C:\Program Files (x86)\Reference Assemblies\Microsoft\Framework\.NETFramework\v4.8\Facades\System.Diagnostics.StackTrace.dll","C:\Program Files (x86)\Reference Assemblies\Microsoft\Framework\.NETFramework\v4.8\Facades\System.Diagnostics.TextWriterTraceListener.dll","C:\Program Files (x86)\Reference Assemblies\Microsoft\Framework\.NETFramework\v4.8\Facades\System.Diagnostics.Tools.dll","C:\Program Files (x86)\Reference Assemblies\Microsoft\Framework\.NETFramework\v4.8\Facades\System.Diagnostics.TraceSource.dll","C:\Program Files (x86)\Reference Assemblies\Microsoft\Framework\.NETFramework\v4.8\Facades\System.Drawing.Primitives.dll","C:\Program Files (x86)\Reference Assemblies\Microsoft\Framework\.NETFramework\v4.8\Facades\System.Dynamic.Runtime.dll","C:\Program Files (x86)\Reference Assemblies\Microsoft\Framework\.NETFramework\v4.8\Facades\System.Globalization.Calendars.dll","C:\Program Files (x86)\Reference Assemblies\Microsoft\Framework\.NETFramework\v4.8\Facades\System.Globalization.dll","C:\Program Files (x86)\Reference Assemblies\Microsoft\Framework\.NETFramework\v4.8\Facades\System.Globalization.Extensions.dll","C:\Program Files (x86)\Reference Assemblies\Microsoft\Framework\.NETFramework\v4.8\Facades\System.IO.Compression.ZipFile.dll","C:\Program Files (x86)\Reference Assemblies\Microsoft\Framework\.NETFramework\v4.8\Facades\System.IO.dll","C:\Program Files (x86)\Reference Assemblies\Microsoft\Framework\.NETFramework\v4.8\Facades\System.IO.FileSystem.dll","C:\Program Files (x86)\Reference Assemblies\Microsoft\Framework\.NETFramework\v4.8\Facades\System.IO.FileSystem.DriveInfo.dll","C:\Program Files (x86)\Reference Assemblies\Microsoft\Framework\.NETFramework\v4.8\Facades\System.IO.FileSystem.Primitives.dll","C:\Program Files (x86)\Reference Assemblies\Microsoft\Framework\.NETFramework\v4.8\Facades\System.IO.FileSystem.Watcher.dll","C:\Program Files (x86)\Reference Assemblies\Microsoft\Framework\.NETFramework\v4.8\Facades\System.IO.IsolatedStorage.dll","C:\Program Files (x86)\Reference Assemblies\Microsoft\Framework\.NETFramework\v4.8\Facades\System.IO.MemoryMappedFiles.dll","C:\Program Files (x86)\Reference Assemblies\Microsoft\Framework\.NETFramework\v4.8\Facades\System.IO.Pipes.dll","C:\Program Files (x86)\Reference Assemblies\Microsoft\Framework\.NETFramework\v4.8\Facades\System.IO.UnmanagedMemoryStream.dll","C:\Program Files (x86)\Reference Assemblies\Microsoft\Framework\.NETFramework\v4.8\Facades\System.Linq.dll","C:\Program Files (x86)\Reference Assemblies\Microsoft\Framework\.NETFramework\v4.8\Facades\System.Linq.Expressions.dll","C:\Program Files (x86)\Reference Assemblies\Microsoft\Framework\.NETFramework\v4.8\Facades\System.Linq.Parallel.dll","C:\Program Files (x86)\Reference Assemblies\Microsoft\Framework\.NETFramework\v4.8\Facades\System.Linq.Queryable.dll","C:\Program Files (x86)\Reference Assemblies\Microsoft\Framework\.NETFramework\v4.8\Facades\System.Net.Http.Rtc.dll","C:\Program Files (x86)\Reference Assemblies\Microsoft\Framework\.NETFramework\v4.8\Facades\System.Net.NameResolution.dll","C:\Program Files (x86)\Reference Assemblies\Microsoft\Framework\.NETFramework\v4.8\Facades\System.Net.NetworkInformation.dll","C:\Program Files (x86)\Reference Assemblies\Microsoft\Framework\.NETFramework\v4.8\Facades\System.Net.Ping.dll","C:\Program Files (x86)\Reference Assemblies\Microsoft\Framework\.NETFramework\v4.8\Facades\System.Net.Primitives.dll","C:\Program Files (x86)\Reference Assemblies\Microsoft\Framework\.NETFramework\v4.8\Facades\System.Net.Requests.dll","C:\Program Files (x86)\Reference Assemblies\Microsoft\Framework\.NETFramework\v4.8\Facades\System.Net.Security.dll","C:\Program Files (x86)\Reference Assemblies\Microsoft\Framework\.NETFramework\v4.8\Facades\System.Net.Sockets.dll","C:\Program Files (x86)\Reference Assemblies\Microsoft\Framework\.NETFramework\v4.8\Facades\System.Net.WebHeaderCollection.dll","C:\Program Files (x86)\Reference Assemblies\Microsoft\Framework\.NETFramework\v4.8\Facades\System.Net.WebSockets.Client.dll","C:\Program Files (x86)\Reference Assemblies\Microsoft\Framework\.NETFramework\v4.8\Facades\System.Net.WebSockets.dll","C:\Program Files (x86)\Reference Assemblies\Microsoft\Framework\.NETFramework\v4.8\Facades\System.ObjectModel.dll","C:\Program Files (x86)\Reference Assemblies\Microsoft\Framework\.NETFramework\v4.8\Facades\System.Reflection.dll","C:\Program Files (x86)\Reference Assemblies\Microsoft\Framework\.NETFramework\v4.8\Facades\System.Reflection.Emit.dll","C:\Program Files (x86)\Reference Assemblies\Microsoft\Framework\.NETFramework\v4.8\Facades\System.Reflection.Emit.ILGeneration.dll","C:\Program Files (x86)\Reference Assemblies\Microsoft\Framework\.NETFramework\v4.8\Facades\System.Reflection.Emit.Lightweight.dll","C:\Program Files (x86)\Reference Assemblies\Microsoft\Framework\.NETFramework\v4.8\Facades\System.Reflection.Extensions.dll","C:\Program Files (x86)\Reference Assemblies\Microsoft\Framework\.NETFramework\v4.8\Facades\System.Reflection.Primitives.dll","C:\Program Files (x86)\Reference Assemblies\Microsoft\Framework\.NETFramework\v4.8\Facades\System.Resources.Reader.dll","C:\Program Files (x86)\Reference Assemblies\Microsoft\Framework\.NETFramework\v4.8\Facades\System.Resources.ResourceManager.dll","C:\Program Files (x86)\Reference Assemblies\Microsoft\Framework\.NETFramework\v4.8\Facades\System.Resources.Writer.dll","C:\Program Files (x86)\Reference Assemblies\Microsoft\Framework\.NETFramework\v4.8\Facades\System.Runtime.CompilerServices.VisualC.dll","C:\Program Files (x86)\Reference Assemblies\Microsoft\Framework\.NETFramework\v4.8\Facades\System.Runtime.dll","C:\Program Files (x86)\Reference Assemblies\Microsoft\Framework\.NETFramework\v4.8\Facades\System.Runtime.Extensions.dll","C:\Program Files (x86)\Reference Assemblies\Microsoft\Framework\.NETFramework\v4.8\Facades\System.Runtime.Handles.dll","C:\Program Files (x86)\Reference Assemblies\Microsoft\Framework\.NETFramework\v4.8\Facades\System.Runtime.InteropServices.dll","C:\Program Files (x86)\Reference Assemblies\Microsoft\Framework\.NETFramework\v4.8\Facades\System.Runtime.InteropServices.RuntimeInformation.dll","C:\Program Files (x86)\Reference Assemblies\Microsoft\Framework\.NETFramework\v4.8\Facades\System.Runtime.InteropServices.WindowsRuntime.dll","C:\Program Files (x86)\Reference Assemblies\Microsoft\Framework\.NETFramework\v4.8\Facades\System.Runtime.Numerics.dll","C:\Program Files (x86)\Reference Assemblies\Microsoft\Framework\.NETFramework\v4.8\Facades\System.Runtime.Serialization.Formatters.dll","C:\Program Files (x86)\Reference Assemblies\Microsoft\Framework\.NETFramework\v4.8\Facades\System.Runtime.Serialization.Json.dll","C:\Program Files (x86)\Reference Assemblies\Microsoft\Framework\.NETFramework\v4.8\Facades\System.Runtime.Serialization.Primitives.dll","C:\Program Files (x86)\Reference Assemblies\Microsoft\Framework\.NETFramework\v4.8\Facades\System.Runtime.Serialization.Xml.dll","C:\Program Files (x86)\Reference Assemblies\Microsoft\Framework\.NETFramework\v4.8\Facades\System.Security.Claims.dll","C:\Program Files (x86)\Reference Assemblies\Microsoft\Framework\.NETFramework\v4.8\Facades\System.Security.Cryptography.Algorithms.dll","C:\Program Files (x86)\Reference Assemblies\Microsoft\Framework\.NETFramework\v4.8\Facades\System.Security.Cryptography.Csp.dll","C:\Program Files (x86)\Reference Assemblies\Microsoft\Framework\.NETFramework\v4.8\Facades\System.Security.Cryptography.Encoding.dll","C:\Program Files (x86)\Reference Assemblies\Microsoft\Framework\.NETFramework\v4.8\Facades\System.Security.Cryptography.Primitives.dll","C:\Program Files (x86)\Reference Assemblies\Microsoft\Framework\.NETFramework\v4.8\Facades\System.Security.Cryptography.X509Certificates.dll","C:\Program Files (x86)\Reference Assemblies\Microsoft\Framework\.NETFramework\v4.8\Facades\System.Security.Principal.dll","C:\Program Files (x86)\Reference Assemblies\Microsoft\Framework\.NETFramework\v4.8\Facades\System.Security.SecureString.dll","C:\Program Files (x86)\Reference Assemblies\Microsoft\Framework\.NETFramework\v4.8\Facades\System.ServiceModel.Duplex.dll","C:\Program Files (x86)\Reference Assemblies\Microsoft\Framework\.NETFramework\v4.8\Facades\System.ServiceModel.Http.dll","C:\Program Files (x86)\Reference Assemblies\Microsoft\Framework\.NETFramework\v4.8\Facades\System.ServiceModel.NetTcp.dll","C:\Program Files (x86)\Reference Assemblies\Microsoft\Framework\.NETFramework\v4.8\Facades\System.ServiceModel.Primitives.dll","C:\Program Files (x86)\Reference Assemblies\Microsoft\Framework\.NETFramework\v4.8\Facades\System.ServiceModel.Security.dll","C:\Program Files (x86)\Reference Assemblies\Microsoft\Framework\.NETFramework\v4.8\Facades\System.Text.Encoding.dll","C:\Program Files (x86)\Reference Assemblies\Microsoft\Framework\.NETFramework\v4.8\Facades\System.Text.Encoding.Extensions.dll","C:\Program Files (x86)\Reference Assemblies\Microsoft\Framework\.NETFramework\v4.8\Facades\System.Text.RegularExpressions.dll","C:\Program Files (x86)\Reference Assemblies\Microsoft\Framework\.NETFramework\v4.8\Facades\System.Threading.dll","C:\Program Files (x86)\Reference Assemblies\Microsoft\Framework\.NETFramework\v4.8\Facades\System.Threading.Overlapped.dll","C:\Program Files (x86)\Reference Assemblies\Microsoft\Framework\.NETFramework\v4.8\Facades\System.Threading.Tasks.dll","C:\Program Files (x86)\Reference Assemblies\Microsoft\Framework\.NETFramework\v4.8\Facades\System.Threading.Tasks.Parallel.dll","C:\Program Files (x86)\Reference Assemblies\Microsoft\Framework\.NETFramework\v4.8\Facades\System.Threading.Thread.dll","C:\Program Files (x86)\Reference Assemblies\Microsoft\Framework\.NETFramework\v4.8\Facades\System.Threading.ThreadPool.dll","C:\Program Files (x86)\Reference Assemblies\Microsoft\Framework\.NETFramework\v4.8\Facades\System.Threading.Timer.dll","C:\Program Files (x86)\Reference Assemblies\Microsoft\Framework\.NETFramework\v4.8\Facades\System.ValueTuple.dll","C:\Program Files (x86)\Reference Assemblies\Microsoft\Framework\.NETFramework\v4.8\Facades\System.Xml.ReaderWriter.dll","C:\Program Files (x86)\Reference Assemblies\Microsoft\Framework\.NETFramework\v4.8\Facades\System.Xml.XDocument.dll","C:\Program Files (x86)\Reference Assemblies\Microsoft\Framework\.NETFramework\v4.8\Facades\System.Xml.XmlDocument.dll","C:\Program Files (x86)\Reference Assemblies\Microsoft\Framework\.NETFramework\v4.8\Facades\System.Xml.XmlSerializer.dll","C:\Program Files (x86)\Reference Assemblies\Microsoft\Framework\.NETFramework\v4.8\Facades\System.Xml.XPath.dll","C:\Program Files (x86)\Reference Assemblies\Microsoft\Framework\.NETFramework\v4.8\Facades\System.Xml.XPath.XDocument.dll" /main:RestaurantPOS14.My.MyApplication /debug:pdbonly /filealign:512 /optimize+ /out:obj\x86\Release\RestaurantPOS14.exe /subsystemversion:6.00 /resource:obj\x86\Release\RestaurantPOS14.frmAbout.resources /resource:obj\x86\Release\RestaurantPOS14.frmAccountingReport.resources /resource:obj\x86\Release\RestaurantPOS14.frmAddFunds.resources /resource:obj\x86\Release\RestaurantPOS14.frmAddFundsRecord.resources /resource:obj\x86\Release\RestaurantPOS14.frmAssignedTablesList_Waiter.resources /resource:obj\x86\Release\RestaurantPOS14.frmAttendance.resources /resource:obj\x86\Release\RestaurantPOS14.frmAvailableTables.resources /resource:obj\x86\Release\RestaurantPOS14.frmBackOffice.resources /resource:obj\x86\Release\RestaurantPOS14.frmBank.resources /resource:obj\x86\Release\RestaurantPOS14.frmBankAccountRegistration.resources /resource:obj\x86\Release\RestaurantPOS14.frmBankAccountStatements.resources /resource:obj\x86\Release\RestaurantPOS14.frmBankReconciliation.resources /resource:obj\x86\Release\RestaurantPOS14.frmBarcodeLabelPrinting.resources /resource:obj\x86\Release\RestaurantPOS14.frmBillSplit.resources /resource:obj\x86\Release\RestaurantPOS14.frmBranchMaster_Bank.resources /resource:obj\x86\Release\RestaurantPOS14.frmCallerID.resources /resource:obj\x86\Release\RestaurantPOS14.frmCards.resources /resource:obj\x86\Release\RestaurantPOS14.frmCards_POS.resources /resource:obj\x86\Release\RestaurantPOS14.frmCategoriesExportImport.resources /resource:obj\x86\Release\RestaurantPOS14.frmChangeQty.resources /resource:obj\x86\Release\RestaurantPOS14.frmChangeRate.resources /resource:obj\x86\Release\RestaurantPOS14.frmClockINandOUT.resources /resource:obj\x86\Release\RestaurantPOS14.frmCMISetting.resources /resource:obj\x86\Release\RestaurantPOS14.frmCreditCustomer.resources /resource:obj\x86\Release\RestaurantPOS14.frmCreditCustomerBalance.resources /resource:obj\x86\Release\RestaurantPOS14.frmCreditCustomerLedger.resources /resource:obj\x86\Release\RestaurantPOS14.frmCreditCustomerReceipt.resources /resource:obj\x86\Release\RestaurantPOS14.frmCreditCustomerReceiptRecord.resources /resource:obj\x86\Release\RestaurantPOS14.frmCreditCustomerRegistration.resources /resource:obj\x86\Release\RestaurantPOS14.frmCreditCustomersList.resources /resource:obj\x86\Release\RestaurantPOS14.frmCurrency.resources /resource:obj\x86\Release\RestaurantPOS14.frmCustomDialogWS.resources /resource:obj\x86\Release\RestaurantPOS14.frmCustomer.resources /resource:obj\x86\Release\RestaurantPOS14.frmCustomersExportImport.resources /resource:obj\x86\Release\RestaurantPOS14.frmCustomersRecord.resources /resource:obj\x86\Release\RestaurantPOS14.frmDatabase.resources /resource:obj\x86\Release\RestaurantPOS14.frmDeliveryPersonLedger.resources /resource:obj\x86\Release\RestaurantPOS14.frmDeliveryPersonRecord.resources /resource:obj\x86\Release\RestaurantPOS14.frmEmailSetting.resources /resource:obj\x86\Release\RestaurantPOS14.frmEmployeeRegistration.resources /resource:obj\x86\Release\RestaurantPOS14.frmEmployeeSession.resources /resource:obj\x86\Release\RestaurantPOS14.frmEmployeesRecord.resources /resource:obj\x86\Release\RestaurantPOS14.frmEnterQty.resources /resource:obj\x86\Release\RestaurantPOS14.frmEnterQtyX.resources /resource:obj\x86\Release\RestaurantPOS14.frmExecuteQuery.resources /resource:obj\x86\Release\RestaurantPOS14.frmExpense.resources /resource:obj\x86\Release\RestaurantPOS14.frmExpenseType.resources /resource:obj\x86\Release\RestaurantPOS14.frmExpiredProductsRecord.resources /resource:obj\x86\Release\RestaurantPOS14.frmFreeToppingsList.resources /resource:obj\x86\Release\RestaurantPOS14.frmFrontOffice.resources /resource:obj\x86\Release\RestaurantPOS14.frmFrontOffice_Report.resources /resource:obj\x86\Release\RestaurantPOS14.frmFundDeposit.resources /resource:obj\x86\Release\RestaurantPOS14.frmFundTransfer.resources /resource:obj\x86\Release\RestaurantPOS14.frmGeneralLedger.resources /resource:obj\x86\Release\RestaurantPOS14.frmGiftCard.resources /resource:obj\x86\Release\RestaurantPOS14.frmGiftCardRecord.resources /resource:obj\x86\Release\RestaurantPOS14.frmHDStatus.resources /resource:obj\x86\Release\RestaurantPOS14.frmHoldBills.resources /resource:obj\x86\Release\RestaurantPOS14.frmHoldBillsHD.resources /resource:obj\x86\Release\RestaurantPOS14.frmHoldDineInKOTs.resources /resource:obj\x86\Release\RestaurantPOS14.frmHomeDelivery.resources /resource:obj\x86\Release\RestaurantPOS14.frmImportExportExcel_Products.resources /resource:obj\x86\Release\RestaurantPOS14.frmImportExportExcel_Supplier.resources /resource:obj\x86\Release\RestaurantPOS14.frmItemsTransfer.resources /resource:obj\x86\Release\RestaurantPOS14.frmJournalEntries.resources /resource:obj\x86\Release\RestaurantPOS14.frmKDS.resources /resource:obj\x86\Release\RestaurantPOS14.frmKitchen_Section.resources /resource:obj\x86\Release\RestaurantPOS14.frmLogin.resources /resource:obj\x86\Release\RestaurantPOS14.frmLogs.resources /resource:obj\x86\Release\RestaurantPOS14.frmLowStockRecord.resources /resource:obj\x86\Release\RestaurantPOS14.frmLoyaltyCard.resources /resource:obj\x86\Release\RestaurantPOS14.frmLoyaltyCardMemberLedger.resources /resource:obj\x86\Release\RestaurantPOS14.frmLoyaltyCardMemberList.resources /resource:obj\x86\Release\RestaurantPOS14.frmLoyaltyCardMemberPoints.resources /resource:obj\x86\Release\RestaurantPOS14.frmLoyaltyMember.resources /resource:obj\x86\Release\RestaurantPOS14.frmLoyaltySetting.resources /resource:obj\x86\Release\RestaurantPOS14.frmMarketingTools.resources /resource:obj\x86\Release\RestaurantPOS14.frmMember.resources /resource:obj\x86\Release\RestaurantPOS14.frmMemberBalance.resources /resource:obj\x86\Release\RestaurantPOS14.frmMemberLedger.resources /resource:obj\x86\Release\RestaurantPOS14.frmMemberList.resources /resource:obj\x86\Release\RestaurantPOS14.frmMenuItem.resources /resource:obj\x86\Release\RestaurantPOS14.frmMenuItemsCategory.resources /resource:obj\x86\Release\RestaurantPOS14.frmMenuItemsExportImport.resources /resource:obj\x86\Release\RestaurantPOS14.frmMenuItemsList.resources /resource:obj\x86\Release\RestaurantPOS14.frmMenuItemsModifiers.resources /resource:obj\x86\Release\RestaurantPOS14.frmModifiersExportImport.resources /resource:obj\x86\Release\RestaurantPOS14.frmModifiersList.resources /resource:obj\x86\Release\RestaurantPOS14.frmModifiersList_AutoPopUp.resources /resource:obj\x86\Release\RestaurantPOS14.frmMpesaSetting.resources /resource:obj\x86\Release\RestaurantPOS14.frmNotes.resources /resource:obj\x86\Release\RestaurantPOS14.frmNotes1.resources /resource:obj\x86\Release\RestaurantPOS14.frmNotesMaster.resources /resource:obj\x86\Release\RestaurantPOS14.frmOnscreenKeyboard.resources /resource:obj\x86\Release\RestaurantPOS14.frmOpenItems.resources /resource:obj\x86\Release\RestaurantPOS14.frmOpenTicketsRecord.resources /resource:obj\x86\Release\RestaurantPOS14.frmOption.resources /resource:obj\x86\Release\RestaurantPOS14.frmOrderedItemDetails.resources /resource:obj\x86\Release\RestaurantPOS14.frmOthersSetting.resources /resource:obj\x86\Release\RestaurantPOS14.frmPayment.resources /resource:obj\x86\Release\RestaurantPOS14.frmPaymentRecord.resources /resource:obj\x86\Release\RestaurantPOS14.frmPayment_Withdrawal.resources /resource:obj\x86\Release\RestaurantPOS14.frmPayroll.resources /resource:obj\x86\Release\RestaurantPOS14.frmPayrollRecord_HB.resources /resource:obj\x86\Release\RestaurantPOS14.frmPayroll_HB.resources /resource:obj\x86\Release\RestaurantPOS14.frmPayroll_MB.resources /resource:obj\x86\Release\RestaurantPOS14.frmPayroll_MBRecord.resources /resource:obj\x86\Release\RestaurantPOS14.frmPizza.resources /resource:obj\x86\Release\RestaurantPOS14.frmPizzaMaster.resources /resource:obj\x86\Release\RestaurantPOS14.frmPizzaModifiers.resources /resource:obj\x86\Release\RestaurantPOS14.frmPizzaModifiersList.resources /resource:obj\x86\Release\RestaurantPOS14.frmPizzaModifiersList_AutoPopUp.resources /resource:obj\x86\Release\RestaurantPOS14.frmPizzaPOS.resources /resource:obj\x86\Release\RestaurantPOS14.frmPizzasExportImport.resources /resource:obj\x86\Release\RestaurantPOS14.frmPizzaSize.resources /resource:obj\x86\Release\RestaurantPOS14.frmPizzaToppings.resources /resource:obj\x86\Release\RestaurantPOS14.frmPizzaToppingsExportImport.resources /resource:obj\x86\Release\RestaurantPOS14.frmPOS.resources /resource:obj\x86\Release\RestaurantPOS14.frmPOSRecord.resources /resource:obj\x86\Release\RestaurantPOS14.frmPOSReport.resources /resource:obj\x86\Release\RestaurantPOS14.frmPOSReport_CRViewer.resources /resource:obj\x86\Release\RestaurantPOS14.frmPOSReport_CRViewer1.resources /resource:obj\x86\Release\RestaurantPOS14.frmPO_CRViewer.resources /resource:obj\x86\Release\RestaurantPOS14.frmPrinterStatus.resources /resource:obj\x86\Release\RestaurantPOS14.frmPrintLoyaltyCard.resources /resource:obj\x86\Release\RestaurantPOS14.frmPrintVIPMemberCard.resources /resource:obj\x86\Release\RestaurantPOS14.frmProduct.resources /resource:obj\x86\Release\RestaurantPOS14.frmProductRecord.resources /resource:obj\x86\Release\RestaurantPOS14.frmPromotion.resources /resource:obj\x86\Release\RestaurantPOS14.frmPurchaseEntry.resources /resource:obj\x86\Release\RestaurantPOS14.frmPurchaseOrder.resources /resource:obj\x86\Release\RestaurantPOS14.frmPurchaseOrderRecord.resources /resource:obj\x86\Release\RestaurantPOS14.frmPurchaseRecord.resources /resource:obj\x86\Release\RestaurantPOS14.frmRawMaterialsCategory.resources /resource:obj\x86\Release\RestaurantPOS14.frmRawMaterialsUsed.resources /resource:obj\x86\Release\RestaurantPOS14.frmRecipe.resources /resource:obj\x86\Release\RestaurantPOS14.frmRecipeRecord.resources /resource:obj\x86\Release\RestaurantPOS14.frmRecoveryPIN.resources /resource:obj\x86\Release\RestaurantPOS14.frmRefundMoney.resources /resource:obj\x86\Release\RestaurantPOS14.frmRefundMoneyRecord.resources /resource:obj\x86\Release\RestaurantPOS14.frmRegistration.resources /resource:obj\x86\Release\RestaurantPOS14.frmReport.resources /resource:obj\x86\Release\RestaurantPOS14.frmRestaurantMaster.resources /resource:obj\x86\Release\RestaurantPOS14.frmRestaurantPOSEBRecord.resources /resource:obj\x86\Release\RestaurantPOS14.frmRestaurantPOSEBRecord_Unpaid.resources /resource:obj\x86\Release\RestaurantPOS14.frmRestaurantPOSHDRecord.resources /resource:obj\x86\Release\RestaurantPOS14.frmRestaurantPOSHDRecord1.resources /resource:obj\x86\Release\RestaurantPOS14.frmRestaurantPOSKOTFinalBillRecord.resources /resource:obj\x86\Release\RestaurantPOS14.frmRestaurantPOSKOTFinalBillRecord_Unpaid.resources /resource:obj\x86\Release\RestaurantPOS14.frmRestaurantPOSKOTRecord.resources /resource:obj\x86\Release\RestaurantPOS14.frmRestaurantPOSTARecord.resources /resource:obj\x86\Release\RestaurantPOS14.frmRestaurantPOSTARecord_Unpaid.resources /resource:obj\x86\Release\RestaurantPOS14.frmSecondaryDisplay.resources /resource:obj\x86\Release\RestaurantPOS14.frmSendBroadcastSMS.resources /resource:obj\x86\Release\RestaurantPOS14.frmSendEmail.resources /resource:obj\x86\Release\RestaurantPOS14.frmSetDiscount.resources /resource:obj\x86\Release\RestaurantPOS14.frmSetNOP.resources /resource:obj\x86\Release\RestaurantPOS14.frmSettings.resources /resource:obj\x86\Release\RestaurantPOS14.frmSMSSetting.resources /resource:obj\x86\Release\RestaurantPOS14.frmSoftwareLicenceRenewal.resources /resource:obj\x86\Release\RestaurantPOS14.frmSplash.resources /resource:obj\x86\Release\RestaurantPOS14.frmSqlServerSetting.resources /resource:obj\x86\Release\RestaurantPOS14.frmStockAdjustment.resources /resource:obj\x86\Release\RestaurantPOS14.frmStockAdjustment_MI.resources /resource:obj\x86\Release\RestaurantPOS14.frmStockAdjustment_MI_Record.resources /resource:obj\x86\Release\RestaurantPOS14.frmStockAdjustment_Store.resources /resource:obj\x86\Release\RestaurantPOS14.frmStockAdjustment_Store_Record.resources /resource:obj\x86\Release\RestaurantPOS14.frmStockAdjustment_Warehouse.resources /resource:obj\x86\Release\RestaurantPOS14.frmStockAdjustment_Warehouse_Record.resources /resource:obj\x86\Release\RestaurantPOS14.frmStockInRecord.resources /resource:obj\x86\Release\RestaurantPOS14.frmStockIn_RM.resources /resource:obj\x86\Release\RestaurantPOS14.frmStockIn_StoreRecord.resources /resource:obj\x86\Release\RestaurantPOS14.frmStockOUTRecord.resources /resource:obj\x86\Release\RestaurantPOS14.frmStockOUT_RM.resources /resource:obj\x86\Release\RestaurantPOS14.frmStockOUT_StoreRecord.resources /resource:obj\x86\Release\RestaurantPOS14.frmStockTransfer.resources /resource:obj\x86\Release\RestaurantPOS14.frmStockTransferRecord.resources /resource:obj\x86\Release\RestaurantPOS14.frmStock_Store.resources /resource:obj\x86\Release\RestaurantPOS14.frmStock_StoreRecord.resources /resource:obj\x86\Release\RestaurantPOS14.frmSupplier.resources /resource:obj\x86\Release\RestaurantPOS14.frmSupplierRecord.resources /resource:obj\x86\Release\RestaurantPOS14.frmSystemInfo.resources /resource:obj\x86\Release\RestaurantPOS14.frmTable.resources /resource:obj\x86\Release\RestaurantPOS14.frmTableLayout.resources /resource:obj\x86\Release\RestaurantPOS14.frmTableLayoutSettings.resources /resource:obj\x86\Release\RestaurantPOS14.frmTableList.resources /resource:obj\x86\Release\RestaurantPOS14.frmTableMapping_Waiter.resources /resource:obj\x86\Release\RestaurantPOS14.frmTableReservation.resources /resource:obj\x86\Release\RestaurantPOS14.frmTablesExportImport.resources /resource:obj\x86\Release\RestaurantPOS14.frmTerminalSetting.resources /resource:obj\x86\Release\RestaurantPOS14.frmTestDualDisplay.resources /resource:obj\x86\Release\RestaurantPOS14.frmToppingsList.resources /resource:obj\x86\Release\RestaurantPOS14.frmToppingsList1.resources /resource:obj\x86\Release\RestaurantPOS14.frmUnit.resources /resource:obj\x86\Release\RestaurantPOS14.frmUserRights.resources /resource:obj\x86\Release\RestaurantPOS14.frmVIPMemberCard.resources /resource:obj\x86\Release\RestaurantPOS14.frmVoucher.resources /resource:obj\x86\Release\RestaurantPOS14.frmVoucherRecord.resources /resource:obj\x86\Release\RestaurantPOS14.frmWaiterList.resources /resource:obj\x86\Release\RestaurantPOS14.frmWalletList.resources /resource:obj\x86\Release\RestaurantPOS14.frmWalletType.resources /resource:obj\x86\Release\RestaurantPOS14.frmWarehouse.resources /resource:obj\x86\Release\RestaurantPOS14.frmWarehouseType.resources /resource:obj\x86\Release\RestaurantPOS14.frmWorkPeriod.resources /resource:obj\x86\Release\RestaurantPOS14.frmWorkPeriodReport.resources /resource:obj\x86\Release\RestaurantPOS14.frmWorkPeriod_Del.resources /resource:obj\x86\Release\RestaurantPOS14.frmWPReport_CRViewer.resources /resource:obj\x86\Release\RestaurantPOS14.Resources.resources /resource:RestaurantPOS14.rptBalanceReceipt.rpt,RestaurantPOS14.rptBalanceReceipt.rpt /resource:RestaurantPOS14.rptBalanceSheet.rpt,RestaurantPOS14.rptBalanceSheet.rpt /resource:RestaurantPOS14.rptBankAccountStatements.rpt,RestaurantPOS14.rptBankAccountStatements.rpt /resource:RestaurantPOS14.rptBankAccountStatements1.rpt,RestaurantPOS14.rptBankAccountStatements1.rpt /resource:RestaurantPOS14.rptBarcodeLabelPrinting.rpt,RestaurantPOS14.rptBarcodeLabelPrinting.rpt /resource:RestaurantPOS14.rptCollectionsByDP.rpt,RestaurantPOS14.rptCollectionsByDP.rpt /resource:RestaurantPOS14.rptCollectionsByDP1.rpt,RestaurantPOS14.rptCollectionsByDP1.rpt /resource:RestaurantPOS14.rptCollectionsByWaiter.rpt,RestaurantPOS14.rptCollectionsByWaiter.rpt /resource:RestaurantPOS14.rptCreditCustomerBalance.rpt,RestaurantPOS14.rptCreditCustomerBalance.rpt /resource:RestaurantPOS14.rptCreditCustomerLedger.rpt,RestaurantPOS14.rptCreditCustomerLedger.rpt /resource:RestaurantPOS14.rptCreditCustomerLedger1.rpt,RestaurantPOS14.rptCreditCustomerLedger1.rpt /resource:RestaurantPOS14.rptCreditors.rpt,RestaurantPOS14.rptCreditors.rpt /resource:RestaurantPOS14.rptDeletedBills.rpt,RestaurantPOS14.rptDeletedBills.rpt /resource:RestaurantPOS14.rptDeletedItems.rpt,RestaurantPOS14.rptDeletedItems.rpt /resource:RestaurantPOS14.rptExpenses.rpt,RestaurantPOS14.rptExpenses.rpt /resource:RestaurantPOS14.rptFundDepositReceipt.rpt,RestaurantPOS14.rptFundDepositReceipt.rpt /resource:RestaurantPOS14.rptGeneralDayBook.rpt,RestaurantPOS14.rptGeneralDayBook.rpt /resource:RestaurantPOS14.rptGeneralLedger.rpt,RestaurantPOS14.rptGeneralLedger.rpt /resource:RestaurantPOS14.rptGiftCard.rpt,RestaurantPOS14.rptGiftCard.rpt /resource:RestaurantPOS14.rptInputTax.rpt,RestaurantPOS14.rptInputTax.rpt /resource:RestaurantPOS14.rptInvoiceSummary_CC.rpt,RestaurantPOS14.rptInvoiceSummary_CC.rpt /resource:RestaurantPOS14.rptLoyaltyCard.rpt,RestaurantPOS14.rptLoyaltyCard.rpt /resource:RestaurantPOS14.rptLoyaltyCardMemberBalance.rpt,RestaurantPOS14.rptLoyaltyCardMemberBalance.rpt /resource:RestaurantPOS14.rptLoyaltyCardMemberLedger.rpt,RestaurantPOS14.rptLoyaltyCardMemberLedger.rpt /resource:RestaurantPOS14.rptLoyaltyCardMemberLedger1.rpt,RestaurantPOS14.rptLoyaltyCardMemberLedger1.rpt /resource:RestaurantPOS14.rptMemberBalance.rpt,RestaurantPOS14.rptMemberBalance.rpt /resource:RestaurantPOS14.rptMemberLedger.rpt,RestaurantPOS14.rptMemberLedger.rpt /resource:RestaurantPOS14.rptMemberLedger1.rpt,RestaurantPOS14.rptMemberLedger1.rpt /resource:RestaurantPOS14.rptMenuItems.rpt,RestaurantPOS14.rptMenuItems.rpt /resource:RestaurantPOS14.rptPaymentInvoice.rpt,RestaurantPOS14.rptPaymentInvoice.rpt /resource:RestaurantPOS14.rptPayment_WithdrawalReceipt.rpt,RestaurantPOS14.rptPayment_WithdrawalReceipt.rpt /resource:RestaurantPOS14.rptPOS80mmByOperator.rpt,RestaurantPOS14.rptPOS80mmByOperator.rpt /resource:RestaurantPOS14.rptPOSA4.rpt,RestaurantPOS14.rptPOSA4.rpt /resource:RestaurantPOS14.rptPOSA4ByOperator.rpt,RestaurantPOS14.rptPOSA4ByOperator.rpt /resource:RestaurantPOS14.rptPOSA4X.rpt,RestaurantPOS14.rptPOSA4X.rpt /resource:RestaurantPOS14.rptPurchase.rpt,RestaurantPOS14.rptPurchase.rpt /resource:RestaurantPOS14.rptPurchaseDayBook.rpt,RestaurantPOS14.rptPurchaseDayBook.rpt /resource:RestaurantPOS14.rptPurchaseOrder.rpt,RestaurantPOS14.rptPurchaseOrder.rpt /resource:RestaurantPOS14.rptReceipt.rpt,RestaurantPOS14.rptReceipt.rpt /resource:RestaurantPOS14.rptReceiptTP.rpt,RestaurantPOS14.rptReceiptTP.rpt /resource:RestaurantPOS14.rptRecipe.rpt,RestaurantPOS14.rptRecipe.rpt /resource:RestaurantPOS14.rptRestaurantPOS.rpt,RestaurantPOS14.rptRestaurantPOS.rpt /resource:RestaurantPOS14.rptRestaurantPOSEB.rpt,RestaurantPOS14.rptRestaurantPOSEB.rpt /resource:RestaurantPOS14.rptRestaurantPOSEBInvoice.rpt,RestaurantPOS14.rptRestaurantPOSEBInvoice.rpt /resource:RestaurantPOS14.rptRestaurantPOSEBInvoice_Kitchen.rpt,RestaurantPOS14.rptRestaurantPOSEBInvoice_Kitchen.rpt /resource:RestaurantPOS14.rptRestaurantPOSFinalBillKOTInvoice.rpt,RestaurantPOS14.rptRestaurantPOSFinalBillKOTInvoice.rpt /resource:RestaurantPOS14.rptRestaurantPOSHD.rpt,RestaurantPOS14.rptRestaurantPOSHD.rpt /resource:RestaurantPOS14.rptRestaurantPOSHDInvoice.rpt,RestaurantPOS14.rptRestaurantPOSHDInvoice.rpt /resource:RestaurantPOS14.rptRestaurantPOSHDInvoice_Kitchen.rpt,RestaurantPOS14.rptRestaurantPOSHDInvoice_Kitchen.rpt /resource:RestaurantPOS14.rptRestaurantPOSKOTInvoice_Kitchen.rpt,RestaurantPOS14.rptRestaurantPOSKOTInvoice_Kitchen.rpt /resource:RestaurantPOS14.rptRestaurantPOSTA.rpt,RestaurantPOS14.rptRestaurantPOSTA.rpt /resource:RestaurantPOS14.rptRestaurantPOSTAInvoice.rpt,RestaurantPOS14.rptRestaurantPOSTAInvoice.rpt /resource:RestaurantPOS14.rptRestaurantPOSTAInvoice_Kitchen.rpt,RestaurantPOS14.rptRestaurantPOSTAInvoice_Kitchen.rpt /resource:RestaurantPOS14.rptRestaurantPOSUpdatedKOTInvoice_Kitchen.rpt,RestaurantPOS14.rptRestaurantPOSUpdatedKOTInvoice_Kitchen.rpt /resource:RestaurantPOS14.rptRestaurantPOSVoidKOT_Kitchen.rpt,RestaurantPOS14.rptRestaurantPOSVoidKOT_Kitchen.rpt /resource:RestaurantPOS14.rptRPOS.rpt,RestaurantPOS14.rptRPOS.rpt /resource:RestaurantPOS14.rptRPOS1.rpt,RestaurantPOS14.rptRPOS1.rpt /resource:RestaurantPOS14.rptRPOS2.rpt,RestaurantPOS14.rptRPOS2.rpt /resource:RestaurantPOS14.rptRPOSByKitchen.rpt,RestaurantPOS14.rptRPOSByKitchen.rpt /resource:RestaurantPOS14.rptRPOSByMonth.rpt,RestaurantPOS14.rptRPOSByMonth.rpt /resource:RestaurantPOS14.rptRPOSCard.rpt,RestaurantPOS14.rptRPOSCard.rpt /resource:RestaurantPOS14.rptSalarySlip.rpt,RestaurantPOS14.rptSalarySlip.rpt /resource:RestaurantPOS14.rptSalarySlip_MB.rpt,RestaurantPOS14.rptSalarySlip_MB.rpt /resource:RestaurantPOS14.rptStockTransfer.rpt,RestaurantPOS14.rptStockTransfer.rpt /resource:RestaurantPOS14.rptStockTransferInvoice.rpt,RestaurantPOS14.rptStockTransferInvoice.rpt /resource:RestaurantPOS14.rptSupplierLedger.rpt,RestaurantPOS14.rptSupplierLedger.rpt /resource:RestaurantPOS14.rptTax.rpt,RestaurantPOS14.rptTax.rpt /resource:RestaurantPOS14.rptTrialBalance.rpt,RestaurantPOS14.rptTrialBalance.rpt /resource:RestaurantPOS14.rptVoidKOT.rpt,RestaurantPOS14.rptVoidKOT.rpt /resource:RestaurantPOS14.rptVoucher.rpt,RestaurantPOS14.rptVoucher.rpt /resource:RestaurantPOS14.rptWPByKitchen.rpt,RestaurantPOS14.rptWPByKitchen.rpt /resource:RestaurantPOS14.exe.licenses,RestaurantPOS14.exe.licenses /target:winexe /utf8output /win32icon:app.ico /win32manifest:app.manifest /langversion:latest Properties\AssemblyInfo.vb RestaurantPOS14\CachedrptBalanceReceipt.vb RestaurantPOS14\CachedrptBalanceSheet.vb RestaurantPOS14\CachedrptBankAccountStatements.vb RestaurantPOS14\CachedrptBankAccountStatements1.vb RestaurantPOS14\CachedrptBarcodeLabelPrinting.vb RestaurantPOS14\CachedrptCollectionsByDP.vb RestaurantPOS14\CachedrptCollectionsByDP1.vb RestaurantPOS14\CachedrptCollectionsByWaiter.vb RestaurantPOS14\CachedrptCreditCustomerBalance.vb RestaurantPOS14\CachedrptCreditCustomerLedger.vb RestaurantPOS14\CachedrptCreditCustomerLedger1.vb RestaurantPOS14\CachedrptCreditors.vb RestaurantPOS14\CachedrptDeletedBills.vb RestaurantPOS14\CachedrptDeletedItems.vb RestaurantPOS14\CachedrptExpenses.vb RestaurantPOS14\CachedrptFundDepositReceipt.vb RestaurantPOS14\CachedrptGeneralDayBook.vb RestaurantPOS14\CachedrptGeneralLedger.vb RestaurantPOS14\CachedrptGiftCard.vb RestaurantPOS14\CachedrptInputTax.vb RestaurantPOS14\CachedrptInvoiceSummary_CC.vb RestaurantPOS14\CachedrptLoyaltyCard.vb RestaurantPOS14\CachedrptLoyaltyCardMemberBalance.vb RestaurantPOS14\CachedrptLoyaltyCardMemberLedger.vb RestaurantPOS14\CachedrptLoyaltyCardMemberLedger1.vb RestaurantPOS14\CachedrptMemberBalance.vb RestaurantPOS14\CachedrptMemberLedger.vb RestaurantPOS14\CachedrptMemberLedger1.vb RestaurantPOS14\CachedrptMenuItems.vb RestaurantPOS14\CachedrptPaymentInvoice.vb RestaurantPOS14\CachedrptPayment_WithdrawalReceipt.vb RestaurantPOS14\CachedrptPOS80mmByOperator.vb RestaurantPOS14\CachedrptPOSA4.vb RestaurantPOS14\CachedrptPOSA4ByOperator.vb RestaurantPOS14\CachedrptPOSA4X.vb RestaurantPOS14\CachedrptPurchase.vb RestaurantPOS14\CachedrptPurchaseDayBook.vb RestaurantPOS14\CachedrptPurchaseOrder.vb RestaurantPOS14\CachedrptReceipt.vb RestaurantPOS14\CachedrptReceiptTP.vb RestaurantPOS14\CachedrptRecipe.vb RestaurantPOS14\CachedrptRestaurantPOS.vb RestaurantPOS14\CachedrptRestaurantPOSEB.vb RestaurantPOS14\CachedrptRestaurantPOSEBInvoice.vb RestaurantPOS14\CachedrptRestaurantPOSEBInvoice_Kitchen.vb RestaurantPOS14\CachedrptRestaurantPOSFinalBillKOTInvoice.vb RestaurantPOS14\CachedrptRestaurantPOSHD.vb RestaurantPOS14\CachedrptRestaurantPOSHDInvoice.vb RestaurantPOS14\CachedrptRestaurantPOSHDInvoice_Kitchen.vb RestaurantPOS14\CachedrptRestaurantPOSKOTInvoice_Kitchen.vb RestaurantPOS14\CachedrptRestaurantPOSTA.vb RestaurantPOS14\CachedrptRestaurantPOSTAInvoice.vb RestaurantPOS14\CachedrptRestaurantPOSTAInvoice_Kitchen.vb RestaurantPOS14\CachedrptRestaurantPOSUpdatedKOTInvoice_Kitchen.vb RestaurantPOS14\CachedrptRestaurantPOSVoidKOT_Kitchen.vb RestaurantPOS14\CachedrptRPOS.vb RestaurantPOS14\CachedrptRPOS1.vb RestaurantPOS14\CachedrptRPOS2.vb RestaurantPOS14\CachedrptRPOSByKitchen.vb RestaurantPOS14\CachedrptRPOSByMonth.vb RestaurantPOS14\CachedrptRPOSCard.vb RestaurantPOS14\CachedrptSalarySlip.vb RestaurantPOS14\CachedrptSalarySlip_MB.vb RestaurantPOS14\CachedrptStockTransfer.vb RestaurantPOS14\CachedrptStockTransferInvoice.vb RestaurantPOS14\CachedrptSupplierLedger.vb RestaurantPOS14\CachedrptTax.vb RestaurantPOS14\CachedrptTrialBalance.vb RestaurantPOS14\CachedrptVoidKOT.vb RestaurantPOS14\CachedrptVoucher.vb RestaurantPOS14\CachedrptWPByKitchen.vb RestaurantPOS14\ConnectionString.vb RestaurantPOS14\EInvoicing\EInvoiceClient.vb RestaurantPOS14\EInvoicing\EInvoiceConfig.vb RestaurantPOS14\EInvoicing\EInvoiceEnvironment.vb RestaurantPOS14\EInvoicing\EInvoiceQueue.vb RestaurantPOS14\EInvoicing\QueueItem.vb RestaurantPOS14\EInvoicing\SubmissionResult.vb RestaurantPOS14\Encryption.vb RestaurantPOS14\frmAbout.vb RestaurantPOS14\frmAccountingReport.vb RestaurantPOS14\frmAddFunds.vb RestaurantPOS14\frmAddFundsRecord.vb RestaurantPOS14\frmAdvancedSettings.vb RestaurantPOS14\frmAssignedTablesList_Waiter.vb RestaurantPOS14\frmAttendance.vb RestaurantPOS14\frmAvailableTables.vb RestaurantPOS14\frmBackOffice.vb RestaurantPOS14\frmBank.vb RestaurantPOS14\frmBankAccountRegistration.vb RestaurantPOS14\frmBankAccountStatements.vb RestaurantPOS14\frmBankReconciliation.vb RestaurantPOS14\frmBarcodeLabelPrinting.vb RestaurantPOS14\frmBillSplit.vb RestaurantPOS14\frmBranchMaster_Bank.vb RestaurantPOS14\frmCallerID.vb RestaurantPOS14\frmCards.vb RestaurantPOS14\frmCards_POS.vb RestaurantPOS14\frmCategoriesExportImport.vb RestaurantPOS14\frmChangeQty.vb RestaurantPOS14\frmChangeRate.vb RestaurantPOS14\frmClockINandOUT.vb RestaurantPOS14\frmCMISetting.vb RestaurantPOS14\frmCreditCustomer.vb RestaurantPOS14\frmCreditCustomerBalance.vb RestaurantPOS14\frmCreditCustomerLedger.vb RestaurantPOS14\frmCreditCustomerReceipt.vb RestaurantPOS14\frmCreditCustomerReceiptRecord.vb RestaurantPOS14\frmCreditCustomerRegistration.vb RestaurantPOS14\frmCreditCustomersList.vb RestaurantPOS14\frmCurrency.vb RestaurantPOS14\frmCustomDialog1.vb RestaurantPOS14\frmCustomDialog10.vb RestaurantPOS14\frmCustomDialog11.vb RestaurantPOS14\frmCustomDialog12.vb RestaurantPOS14\frmCustomDialog13.vb RestaurantPOS14\frmCustomDialog14.vb RestaurantPOS14\frmCustomDialog15.vb RestaurantPOS14\frmCustomDialog16.vb RestaurantPOS14\frmCustomDialog17.vb RestaurantPOS14\frmCustomDialog18.vb RestaurantPOS14\frmCustomDialog19.vb RestaurantPOS14\frmCustomDialog19X.vb RestaurantPOS14\frmCustomDialog2.vb RestaurantPOS14\frmCustomDialog20.vb RestaurantPOS14\frmCustomDialog21.vb RestaurantPOS14\frmCustomDialog3.vb RestaurantPOS14\frmCustomDialog4.vb RestaurantPOS14\frmCustomDialog4X.vb RestaurantPOS14\frmCustomDialog5.vb RestaurantPOS14\frmCustomDialog6.vb RestaurantPOS14\frmCustomDialog7.vb RestaurantPOS14\frmCustomDialog8.vb RestaurantPOS14\frmCustomDialog8X.vb RestaurantPOS14\frmCustomDialog9.vb RestaurantPOS14\frmCustomDialogWS.vb RestaurantPOS14\frmCustomDialogX.vb RestaurantPOS14\frmCustomDialogX1.vb RestaurantPOS14\frmCustomDialogX2.vb RestaurantPOS14\frmCustomer.vb RestaurantPOS14\frmCustomersExportImport.vb RestaurantPOS14\frmCustomersRecord.vb RestaurantPOS14\frmDatabase.vb RestaurantPOS14\frmDelete.vb RestaurantPOS14\frmDeliveryPersonLedger.vb RestaurantPOS14\frmDeliveryPersonRecord.vb RestaurantPOS14\frmEInvoicePreview.vb RestaurantPOS14\frmEmailSetting.vb RestaurantPOS14\frmEmployeeRegistration.vb RestaurantPOS14\frmEmployeeSession.vb RestaurantPOS14\frmEmployeesRecord.vb RestaurantPOS14\frmEnterQty.vb RestaurantPOS14\frmEnterQtyX.vb RestaurantPOS14\frmExecuteQuery.vb RestaurantPOS14\frmExpense.vb RestaurantPOS14\frmExpenseType.vb RestaurantPOS14\frmExpiredProductsRecord.vb RestaurantPOS14\frmFreeToppingsList.vb RestaurantPOS14\frmFrontOffice.vb RestaurantPOS14\frmFrontOffice_Report.vb RestaurantPOS14\frmFundDeposit.vb RestaurantPOS14\frmFundTransfer.vb RestaurantPOS14\frmGeneralLedger.vb RestaurantPOS14\frmGiftCard.vb RestaurantPOS14\frmGiftCardRecord.vb RestaurantPOS14\frmHDStatus.vb RestaurantPOS14\frmHoldBills.vb RestaurantPOS14\frmHoldBillsHD.vb RestaurantPOS14\frmHoldDineInKOTs.vb RestaurantPOS14\frmHomeDelivery.vb RestaurantPOS14\frmImportExportExcel_Products.vb RestaurantPOS14\frmImportExportExcel_Supplier.vb RestaurantPOS14\frmItemsTransfer.vb RestaurantPOS14\frmJournalEntries.vb RestaurantPOS14\frmKDS.vb RestaurantPOS14\frmKitchen_Section.vb RestaurantPOS14\frmLogin.vb RestaurantPOS14\frmLogs.vb RestaurantPOS14\frmLowStockRecord.vb RestaurantPOS14\frmLoyaltyCard.vb RestaurantPOS14\frmLoyaltyCardMemberLedger.vb RestaurantPOS14\frmLoyaltyCardMemberList.vb RestaurantPOS14\frmLoyaltyCardMemberPoints.vb RestaurantPOS14\frmLoyaltyMember.vb RestaurantPOS14\frmLoyaltySetting.vb RestaurantPOS14\frmMarketingTools.vb RestaurantPOS14\frmMember.vb RestaurantPOS14\frmMemberBalance.vb RestaurantPOS14\frmMemberLedger.vb RestaurantPOS14\frmMemberList.vb RestaurantPOS14\frmMenuItem.vb RestaurantPOS14\frmMenuItemsCategory.vb RestaurantPOS14\frmMenuItemsExportImport.vb RestaurantPOS14\frmMenuItemsList.vb RestaurantPOS14\frmMenuItemsModifiers.vb RestaurantPOS14\frmModifiersExportImport.vb RestaurantPOS14\frmModifiersList.vb RestaurantPOS14\frmModifiersList_AutoPopUp.vb RestaurantPOS14\frmMpesaSetting.vb RestaurantPOS14\frmNotes.vb RestaurantPOS14\frmNotes1.vb RestaurantPOS14\frmNotesMaster.vb RestaurantPOS14\frmOnscreenKeyboard.vb RestaurantPOS14\frmOpenItems.vb RestaurantPOS14\frmOpenTicketsRecord.vb RestaurantPOS14\frmOption.vb RestaurantPOS14\frmOrderedItemDetails.vb RestaurantPOS14\frmOthersSetting.vb RestaurantPOS14\frmPayment.vb RestaurantPOS14\frmPaymentRecord.vb RestaurantPOS14\frmPayment_Withdrawal.vb RestaurantPOS14\frmPayroll.vb RestaurantPOS14\frmPayrollRecord_HB.vb RestaurantPOS14\frmPayroll_HB.vb RestaurantPOS14\frmPayroll_MB.vb RestaurantPOS14\frmPayroll_MBRecord.vb RestaurantPOS14\frmPizza.vb RestaurantPOS14\frmPizzaMaster.vb RestaurantPOS14\frmPizzaModifiers.vb RestaurantPOS14\frmPizzaModifiersList.vb RestaurantPOS14\frmPizzaModifiersList_AutoPopUp.vb RestaurantPOS14\frmPizzaPOS.vb RestaurantPOS14\frmPizzasExportImport.vb RestaurantPOS14\frmPizzaSize.vb RestaurantPOS14\frmPizzaToppings.vb RestaurantPOS14\frmPizzaToppingsExportImport.vb RestaurantPOS14\frmPOS.vb RestaurantPOS14\frmPOSRecord.vb RestaurantPOS14\frmPOSReport.vb RestaurantPOS14\frmPOSReport_CRViewer.vb RestaurantPOS14\frmPOSReport_CRViewer1.vb RestaurantPOS14\frmPO_CRViewer.vb RestaurantPOS14\frmPrinterStatus.vb RestaurantPOS14\frmPrintLoyaltyCard.vb RestaurantPOS14\frmPrintVIPMemberCard.vb RestaurantPOS14\frmProduct.vb RestaurantPOS14\frmProductRecord.vb RestaurantPOS14\frmPromotion.vb RestaurantPOS14\frmPurchaseEntry.vb RestaurantPOS14\frmPurchaseOrder.vb RestaurantPOS14\frmPurchaseOrderRecord.vb RestaurantPOS14\frmPurchaseRecord.vb RestaurantPOS14\frmRawMaterialsCategory.vb RestaurantPOS14\frmRawMaterialsUsed.vb RestaurantPOS14\frmRecipe.vb RestaurantPOS14\frmRecipeRecord.vb RestaurantPOS14\frmRecoveryPIN.vb RestaurantPOS14\frmRefundMoney.vb RestaurantPOS14\frmRefundMoneyRecord.vb RestaurantPOS14\frmRegistration.vb RestaurantPOS14\frmReport.vb RestaurantPOS14\frmRestaurantMaster.vb RestaurantPOS14\frmRestaurantPOSEBRecord.vb RestaurantPOS14\frmRestaurantPOSEBRecord_Unpaid.vb RestaurantPOS14\frmRestaurantPOSHDRecord.vb RestaurantPOS14\frmRestaurantPOSHDRecord1.vb RestaurantPOS14\frmRestaurantPOSKOTFinalBillRecord.vb RestaurantPOS14\frmRestaurantPOSKOTFinalBillRecord_Unpaid.vb RestaurantPOS14\frmRestaurantPOSKOTRecord.vb RestaurantPOS14\frmRestaurantPOSTARecord.vb RestaurantPOS14\frmRestaurantPOSTARecord_Unpaid.vb RestaurantPOS14\frmSecondaryDisplay.vb RestaurantPOS14\frmSendBroadcastSMS.vb RestaurantPOS14\frmSendEmail.vb RestaurantPOS14\frmSetDiscount.vb RestaurantPOS14\frmSetNOP.vb RestaurantPOS14\frmSettings.vb RestaurantPOS14\frmSMSSetting.vb RestaurantPOS14\frmSoftwareLicenceRenewal.vb RestaurantPOS14\frmSplash.vb RestaurantPOS14\frmSqlServerSetting.vb RestaurantPOS14\frmStockAdjustment.vb RestaurantPOS14\frmStockAdjustment_MI.vb RestaurantPOS14\frmStockAdjustment_MI_Record.vb RestaurantPOS14\frmStockAdjustment_Store.vb RestaurantPOS14\frmStockAdjustment_Store_Record.vb RestaurantPOS14\frmStockAdjustment_Warehouse.vb RestaurantPOS14\frmStockAdjustment_Warehouse_Record.vb RestaurantPOS14\frmStockInRecord.vb RestaurantPOS14\frmStockIn_RM.vb RestaurantPOS14\frmStockIn_StoreRecord.vb RestaurantPOS14\frmStockOUTRecord.vb RestaurantPOS14\frmStockOUT_RM.vb RestaurantPOS14\frmStockOUT_StoreRecord.vb RestaurantPOS14\frmStockTransfer.vb RestaurantPOS14\frmStockTransferRecord.vb RestaurantPOS14\frmStock_Store.vb RestaurantPOS14\frmStock_StoreRecord.vb RestaurantPOS14\frmSupplier.vb RestaurantPOS14\frmSupplierRecord.vb RestaurantPOS14\frmSystemInfo.vb RestaurantPOS14\frmTable.vb RestaurantPOS14\frmTableLayout.vb RestaurantPOS14\frmTableLayoutSettings.vb RestaurantPOS14\frmTableList.vb RestaurantPOS14\frmTableMapping_Waiter.vb RestaurantPOS14\frmTableReservation.vb RestaurantPOS14\frmTablesExportImport.vb RestaurantPOS14\frmTerminalSetting.vb RestaurantPOS14\frmTestDualDisplay.vb RestaurantPOS14\frmToppingsList.vb RestaurantPOS14\frmToppingsList1.vb RestaurantPOS14\frmUnit.vb RestaurantPOS14\frmUserRights.vb RestaurantPOS14\frmVIPMemberCard.vb RestaurantPOS14\frmVoucher.vb RestaurantPOS14\frmVoucherRecord.vb RestaurantPOS14\frmWaiterList.vb RestaurantPOS14\frmWalletList.vb RestaurantPOS14\frmWalletType.vb RestaurantPOS14\frmWarehouse.vb RestaurantPOS14\frmWarehouseType.vb RestaurantPOS14\frmWorkPeriod.vb RestaurantPOS14\frmWorkPeriodReport.vb RestaurantPOS14\frmWorkPeriod_Del.vb RestaurantPOS14\frmWPReport_CRViewer.vb RestaurantPOS14\ModCashDrawer.vb RestaurantPOS14\ModClasses.vb RestaurantPOS14\ModFunc.vb RestaurantPOS14\modPanelExtension.vb RestaurantPOS14\MyButton.vb RestaurantPOS14\MyGlobal.vb RestaurantPOS14\My\InternalXmlHelper.vb RestaurantPOS14\My\MyApplication.vb RestaurantPOS14\My\MyComputer.vb RestaurantPOS14\My\MyProject.vb RestaurantPOS14\My\MySettings.vb RestaurantPOS14\My\MySettingsProperty.vb RestaurantPOS14\My\Resources\Resources.vb RestaurantPOS14\RPOS_DBDataSet.vb RestaurantPOS14\RPOS_DBDataSet1.vb RestaurantPOS14\RPOS_DBDataSet1TableAdapters\ActivationTableAdapter.vb RestaurantPOS14\RPOS_DBDataSet1TableAdapters\BankAccountLedgerTableAdapter.vb RestaurantPOS14\RPOS_DBDataSet1TableAdapters\BankAccountRegistrationTableAdapter.vb RestaurantPOS14\RPOS_DBDataSet1TableAdapters\BankBranchTableAdapter.vb RestaurantPOS14\RPOS_DBDataSet1TableAdapters\BankTableAdapter.vb RestaurantPOS14\RPOS_DBDataSet1TableAdapters\CategoryTableAdapter.vb RestaurantPOS14\RPOS_DBDataSet1TableAdapters\ClockINTableAdapter.vb RestaurantPOS14\RPOS_DBDataSet1TableAdapters\ClockOUTTableAdapter.vb RestaurantPOS14\RPOS_DBDataSet1TableAdapters\CMISettingTableAdapter.vb RestaurantPOS14\RPOS_DBDataSet1TableAdapters\CreditCustomerLedgerTableAdapter.vb RestaurantPOS14\RPOS_DBDataSet1TableAdapters\CreditCustomerPaymentTableAdapter.vb RestaurantPOS14\RPOS_DBDataSet1TableAdapters\CreditCustomerTableAdapter.vb RestaurantPOS14\RPOS_DBDataSet1TableAdapters\CurrencyTableAdapter.vb RestaurantPOS14\RPOS_DBDataSet1TableAdapters\DeletedInvoicesTableAdapter.vb RestaurantPOS14\RPOS_DBDataSet1TableAdapters\DeletedInvoices_JoinTableAdapter.vb RestaurantPOS14\RPOS_DBDataSet1TableAdapters\DishTableAdapter.vb RestaurantPOS14\RPOS_DBDataSet1TableAdapters\EmailSettingTableAdapter.vb RestaurantPOS14\RPOS_DBDataSet1TableAdapters\EmployeeRegistrationTableAdapter.vb RestaurantPOS14\RPOS_DBDataSet1TableAdapters\ExpenseTableAdapter.vb RestaurantPOS14\RPOS_DBDataSet1TableAdapters\ExpenseTypeTableAdapter.vb RestaurantPOS14\RPOS_DBDataSet1TableAdapters\FundDepositTableAdapter.vb RestaurantPOS14\RPOS_DBDataSet1TableAdapters\FundTransferTableAdapter.vb RestaurantPOS14\RPOS_DBDataSet1TableAdapters\GiftCardTableAdapter.vb RestaurantPOS14\RPOS_DBDataSet1TableAdapters\GridGroupingTableAdapter.vb RestaurantPOS14\RPOS_DBDataSet1TableAdapters\HDCustomerTableAdapter.vb RestaurantPOS14\RPOS_DBDataSet1TableAdapters\HoldBillTableAdapter.vb RestaurantPOS14\RPOS_DBDataSet1TableAdapters\HoldItemsTableAdapter.vb RestaurantPOS14\RPOS_DBDataSet1TableAdapters\HotelTableAdapter.vb RestaurantPOS14\RPOS_DBDataSet1TableAdapters\JournalTableAdapter.vb RestaurantPOS14\RPOS_DBDataSet1TableAdapters\KitchenTableAdapter.vb RestaurantPOS14\RPOS_DBDataSet1TableAdapters\LedgerBookTableAdapter.vb RestaurantPOS14\RPOS_DBDataSet1TableAdapters\LogsTableAdapter.vb RestaurantPOS14\RPOS_DBDataSet1TableAdapters\LoyaltyMemberLedgerBookTableAdapter.vb RestaurantPOS14\RPOS_DBDataSet1TableAdapters\LoyaltyMemberTableAdapter.vb RestaurantPOS14\RPOS_DBDataSet1TableAdapters\LoyaltySettingTableAdapter.vb RestaurantPOS14\RPOS_DBDataSet1TableAdapters\MemberLedgerTableAdapter.vb RestaurantPOS14\RPOS_DBDataSet1TableAdapters\MemberTableAdapter.vb RestaurantPOS14\RPOS_DBDataSet1TableAdapters\ModifiersTableAdapter.vb RestaurantPOS14\RPOS_DBDataSet1TableAdapters\MpesaSettingTableAdapter.vb RestaurantPOS14\RPOS_DBDataSet1TableAdapters\NotesMasterTableAdapter.vb RestaurantPOS14\RPOS_DBDataSet1TableAdapters\OtherSettingTableAdapter.vb RestaurantPOS14\RPOS_DBDataSet1TableAdapters\PaymentTableAdapter.vb RestaurantPOS14\RPOS_DBDataSet1TableAdapters\Payment_WithdrawTableAdapter.vb RestaurantPOS14\RPOS_DBDataSet1TableAdapters\PayrollTableAdapter.vb RestaurantPOS14\RPOS_DBDataSet1TableAdapters\Payroll_MBTableAdapter.vb RestaurantPOS14\RPOS_DBDataSet1TableAdapters\PizzaMasterTableAdapter.vb RestaurantPOS14\RPOS_DBDataSet1TableAdapters\PizzaModifierTableAdapter.vb RestaurantPOS14\RPOS_DBDataSet1TableAdapters\PizzaSizeTableAdapter.vb RestaurantPOS14\RPOS_DBDataSet1TableAdapters\PizzaToppingTableAdapter.vb RestaurantPOS14\RPOS_DBDataSet1TableAdapters\PosGrouping1TableAdapter.vb RestaurantPOS14\RPOS_DBDataSet1TableAdapters\PosGroupingTableAdapter.vb RestaurantPOS14\RPOS_DBDataSet1TableAdapters\PosPrinterSettingTableAdapter.vb RestaurantPOS14\RPOS_DBDataSet1TableAdapters\ProductTableAdapter.vb RestaurantPOS14\RPOS_DBDataSet1TableAdapters\Product_OpeningStockTableAdapter.vb RestaurantPOS14\RPOS_DBDataSet1TableAdapters\PromotionTableAdapter.vb RestaurantPOS14\RPOS_DBDataSet1TableAdapters\PurchaseOrderTableAdapter.vb RestaurantPOS14\RPOS_DBDataSet1TableAdapters\PurchaseOrder_JoinTableAdapter.vb RestaurantPOS14\RPOS_DBDataSet1TableAdapters\PurchaseTableAdapter.vb RestaurantPOS14\RPOS_DBDataSet1TableAdapters\Purchase_JoinTableAdapter.vb RestaurantPOS14\RPOS_DBDataSet1TableAdapters\RecipeTableAdapter.vb RestaurantPOS14\RPOS_DBDataSet1TableAdapters\Recipe_JoinTableAdapter.vb RestaurantPOS14\RPOS_DBDataSet1TableAdapters\RegistrationTableAdapter.vb RestaurantPOS14\RPOS_DBDataSet1TableAdapters\RestaurantPOS_BillingInfoEBTableAdapter.vb RestaurantPOS14\RPOS_DBDataSet1TableAdapters\RestaurantPOS_BillingInfoHDTableAdapter.vb RestaurantPOS14\RPOS_DBDataSet1TableAdapters\RestaurantPOS_BillingInfoKOTTableAdapter.vb RestaurantPOS14\RPOS_DBDataSet1TableAdapters\RestaurantPOS_BillingInfoTATableAdapter.vb RestaurantPOS14\RPOS_DBDataSet1TableAdapters\RestaurantPOS_OrderedProductBillEBTableAdapter.vb RestaurantPOS14\RPOS_DBDataSet1TableAdapters\RestaurantPOS_OrderedProductBillHDTableAdapter.vb RestaurantPOS14\RPOS_DBDataSet1TableAdapters\RestaurantPOS_OrderedProductBillKOTTableAdapter.vb RestaurantPOS14\RPOS_DBDataSet1TableAdapters\RestaurantPOS_OrderedProductBillTATableAdapter.vb RestaurantPOS14\RPOS_DBDataSet1TableAdapters\RestaurantPOS_OrderedProductKOTTableAdapter.vb RestaurantPOS14\RPOS_DBDataSet1TableAdapters\RestaurantPOS_OrderInfoKOTTableAdapter.vb RestaurantPOS14\RPOS_DBDataSet1TableAdapters\RMCategoryTableAdapter.vb RestaurantPOS14\RPOS_DBDataSet1TableAdapters\RM_UsedTableAdapter.vb RestaurantPOS14\RPOS_DBDataSet1TableAdapters\RM_Used_JoinTableAdapter.vb RestaurantPOS14\RPOS_DBDataSet1TableAdapters\R_TableTableAdapter.vb RestaurantPOS14\RPOS_DBDataSet1TableAdapters\SMSSettingTableAdapter.vb RestaurantPOS14\RPOS_DBDataSet1TableAdapters\StockAdjustment_MITableAdapter.vb RestaurantPOS14\RPOS_DBDataSet1TableAdapters\StockAdjustment_StoreTableAdapter.vb RestaurantPOS14\RPOS_DBDataSet1TableAdapters\StockAdjustment_WarehouseTableAdapter.vb RestaurantPOS14\RPOS_DBDataSet1TableAdapters\StockTransferTableAdapter.vb RestaurantPOS14\RPOS_DBDataSet1TableAdapters\StockTransfer_JoinTableAdapter.vb RestaurantPOS14\RPOS_DBDataSet1TableAdapters\Stock_StoreTableAdapter.vb RestaurantPOS14\RPOS_DBDataSet1TableAdapters\Stock_Store_JoinTableAdapter.vb RestaurantPOS14\RPOS_DBDataSet1TableAdapters\SupplierLedgerBookTableAdapter.vb RestaurantPOS14\RPOS_DBDataSet1TableAdapters\SupplierTableAdapter.vb RestaurantPOS14\RPOS_DBDataSet1TableAdapters\TableAdapterManager.vb RestaurantPOS14\RPOS_DBDataSet1TableAdapters\TableLayoutTableAdapter.vb RestaurantPOS14\RPOS_DBDataSet1TableAdapters\TableMappingTableAdapter.vb RestaurantPOS14\RPOS_DBDataSet1TableAdapters\TableReservationTableAdapter.vb RestaurantPOS14\RPOS_DBDataSet1TableAdapters\tblOrderTableAdapter.vb RestaurantPOS14\RPOS_DBDataSet1TableAdapters\TempRestaurantPOS_BillingInfoKOTTableAdapter.vb RestaurantPOS14\RPOS_DBDataSet1TableAdapters\TempRestaurantPOS_OrderedProductBillKOTTableAdapter.vb RestaurantPOS14\RPOS_DBDataSet1TableAdapters\Temp_StockTableAdapter.vb RestaurantPOS14\RPOS_DBDataSet1TableAdapters\Temp_Stock_RMTableAdapter.vb RestaurantPOS14\RPOS_DBDataSet1TableAdapters\Temp_Stock_StoreTableAdapter.vb RestaurantPOS14\RPOS_DBDataSet1TableAdapters\UnitMasterTableAdapter.vb RestaurantPOS14\RPOS_DBDataSet1TableAdapters\UserRightsTableAdapter.vb RestaurantPOS14\RPOS_DBDataSet1TableAdapters\VoucherTableAdapter.vb RestaurantPOS14\RPOS_DBDataSet1TableAdapters\Voucher_OtherDetailsTableAdapter.vb RestaurantPOS14\RPOS_DBDataSet1TableAdapters\WalletTableAdapter.vb RestaurantPOS14\RPOS_DBDataSet1TableAdapters\WarehouseTableAdapter.vb RestaurantPOS14\RPOS_DBDataSet1TableAdapters\WarehouseTypeTableAdapter.vb RestaurantPOS14\RPOS_DBDataSet1TableAdapters\WorkPeriodEndTableAdapter.vb RestaurantPOS14\RPOS_DBDataSet1TableAdapters\WorkPeriodStartTableAdapter.vb RestaurantPOS14\RPOS_DBDataSetTableAdapters\ActivationTableAdapter.vb RestaurantPOS14\RPOS_DBDataSetTableAdapters\CategoryTableAdapter.vb RestaurantPOS14\RPOS_DBDataSetTableAdapters\CreditCustomerLedgerTableAdapter.vb RestaurantPOS14\RPOS_DBDataSetTableAdapters\CreditCustomerPaymentTableAdapter.vb RestaurantPOS14\RPOS_DBDataSetTableAdapters\CreditCustomerTableAdapter.vb RestaurantPOS14\RPOS_DBDataSetTableAdapters\CurrencyTableAdapter.vb RestaurantPOS14\RPOS_DBDataSetTableAdapters\DishTableAdapter.vb RestaurantPOS14\RPOS_DBDataSetTableAdapters\EmailSettingTableAdapter.vb RestaurantPOS14\RPOS_DBDataSetTableAdapters\EmployeeRegistrationTableAdapter.vb RestaurantPOS14\RPOS_DBDataSetTableAdapters\ExpenseTableAdapter.vb RestaurantPOS14\RPOS_DBDataSetTableAdapters\ExpenseTypeTableAdapter.vb RestaurantPOS14\RPOS_DBDataSetTableAdapters\GridGroupingTableAdapter.vb RestaurantPOS14\RPOS_DBDataSetTableAdapters\HDCustomerTableAdapter.vb RestaurantPOS14\RPOS_DBDataSetTableAdapters\HotelTableAdapter.vb RestaurantPOS14\RPOS_DBDataSetTableAdapters\KitchenTableAdapter.vb RestaurantPOS14\RPOS_DBDataSetTableAdapters\LedgerBookTableAdapter.vb RestaurantPOS14\RPOS_DBDataSetTableAdapters\LogsTableAdapter.vb RestaurantPOS14\RPOS_DBDataSetTableAdapters\LoyaltyMemberLedgerBookTableAdapter.vb RestaurantPOS14\RPOS_DBDataSetTableAdapters\LoyaltyMemberTableAdapter.vb RestaurantPOS14\RPOS_DBDataSetTableAdapters\LoyaltySettingTableAdapter.vb RestaurantPOS14\RPOS_DBDataSetTableAdapters\MemberLedgerTableAdapter.vb RestaurantPOS14\RPOS_DBDataSetTableAdapters\MemberTableAdapter.vb RestaurantPOS14\RPOS_DBDataSetTableAdapters\NotesMasterTableAdapter.vb RestaurantPOS14\RPOS_DBDataSetTableAdapters\OtherSettingTableAdapter.vb RestaurantPOS14\RPOS_DBDataSetTableAdapters\PaymentTableAdapter.vb RestaurantPOS14\RPOS_DBDataSetTableAdapters\PizzaMasterTableAdapter.vb RestaurantPOS14\RPOS_DBDataSetTableAdapters\PizzaSizeTableAdapter.vb RestaurantPOS14\RPOS_DBDataSetTableAdapters\PizzaToppingTableAdapter.vb RestaurantPOS14\RPOS_DBDataSetTableAdapters\PosGrouping1TableAdapter.vb RestaurantPOS14\RPOS_DBDataSetTableAdapters\PosGroupingTableAdapter.vb RestaurantPOS14\RPOS_DBDataSetTableAdapters\PosPrinterSettingTableAdapter.vb RestaurantPOS14\RPOS_DBDataSetTableAdapters\ProductTableAdapter.vb RestaurantPOS14\RPOS_DBDataSetTableAdapters\Product_OpeningStockTableAdapter.vb RestaurantPOS14\RPOS_DBDataSetTableAdapters\PurchaseTableAdapter.vb RestaurantPOS14\RPOS_DBDataSetTableAdapters\Purchase_JoinTableAdapter.vb RestaurantPOS14\RPOS_DBDataSetTableAdapters\RecipeTableAdapter.vb RestaurantPOS14\RPOS_DBDataSetTableAdapters\Recipe_JoinTableAdapter.vb RestaurantPOS14\RPOS_DBDataSetTableAdapters\RegistrationTableAdapter.vb RestaurantPOS14\RPOS_DBDataSetTableAdapters\RestaurantPOS_BillingInfoEBTableAdapter.vb RestaurantPOS14\RPOS_DBDataSetTableAdapters\RestaurantPOS_BillingInfoHDTableAdapter.vb RestaurantPOS14\RPOS_DBDataSetTableAdapters\RestaurantPOS_BillingInfoKOTTableAdapter.vb RestaurantPOS14\RPOS_DBDataSetTableAdapters\RestaurantPOS_BillingInfoTATableAdapter.vb RestaurantPOS14\RPOS_DBDataSetTableAdapters\RestaurantPOS_OrderedProductBillEBTableAdapter.vb RestaurantPOS14\RPOS_DBDataSetTableAdapters\RestaurantPOS_OrderedProductBillHDTableAdapter.vb RestaurantPOS14\RPOS_DBDataSetTableAdapters\RestaurantPOS_OrderedProductBillKOTTableAdapter.vb RestaurantPOS14\RPOS_DBDataSetTableAdapters\RestaurantPOS_OrderedProductBillTATableAdapter.vb RestaurantPOS14\RPOS_DBDataSetTableAdapters\RestaurantPOS_OrderedProductKOTTableAdapter.vb RestaurantPOS14\RPOS_DBDataSetTableAdapters\RestaurantPOS_OrderInfoKOTTableAdapter.vb RestaurantPOS14\RPOS_DBDataSetTableAdapters\R_TableTableAdapter.vb RestaurantPOS14\RPOS_DBDataSetTableAdapters\SMSSettingTableAdapter.vb RestaurantPOS14\RPOS_DBDataSetTableAdapters\StockTransferTableAdapter.vb RestaurantPOS14\RPOS_DBDataSetTableAdapters\StockTransfer_JoinTableAdapter.vb RestaurantPOS14\RPOS_DBDataSetTableAdapters\Stock_StoreTableAdapter.vb RestaurantPOS14\RPOS_DBDataSetTableAdapters\Stock_Store_JoinTableAdapter.vb RestaurantPOS14\RPOS_DBDataSetTableAdapters\SupplierLedgerBookTableAdapter.vb RestaurantPOS14\RPOS_DBDataSetTableAdapters\SupplierTableAdapter.vb RestaurantPOS14\RPOS_DBDataSetTableAdapters\tblOrderTableAdapter.vb RestaurantPOS14\RPOS_DBDataSetTableAdapters\Temp_StockTableAdapter.vb RestaurantPOS14\RPOS_DBDataSetTableAdapters\Temp_Stock_RMTableAdapter.vb RestaurantPOS14\RPOS_DBDataSetTableAdapters\Temp_Stock_StoreTableAdapter.vb RestaurantPOS14\RPOS_DBDataSetTableAdapters\VoucherTableAdapter.vb RestaurantPOS14\RPOS_DBDataSetTableAdapters\Voucher_OtherDetailsTableAdapter.vb RestaurantPOS14\RPOS_DBDataSetTableAdapters\WalletTableAdapter.vb RestaurantPOS14\RPOS_DBDataSetTableAdapters\WarehouseTableAdapter.vb RestaurantPOS14\RPOS_DBDataSetTableAdapters\WarehouseTypeTableAdapter.vb RestaurantPOS14\RPOS_DBDataSetTableAdapters\WorkPeriodEndTableAdapter.vb RestaurantPOS14\RPOS_DBDataSetTableAdapters\WorkPeriodStartTableAdapter.vb RestaurantPOS14\rptBalanceReceipt.vb RestaurantPOS14\rptBalanceSheet.vb RestaurantPOS14\rptBankAccountStatements.vb RestaurantPOS14\rptBankAccountStatements1.vb RestaurantPOS14\rptBarcodeLabelPrinting.vb RestaurantPOS14\rptCollectionsByDP.vb RestaurantPOS14\rptCollectionsByDP1.vb RestaurantPOS14\rptCollectionsByWaiter.vb RestaurantPOS14\rptCreditCustomerBalance.vb RestaurantPOS14\rptCreditCustomerLedger.vb RestaurantPOS14\rptCreditCustomerLedger1.vb RestaurantPOS14\rptCreditors.vb RestaurantPOS14\rptDeletedBills.vb RestaurantPOS14\rptDeletedItems.vb RestaurantPOS14\rptExpenses.vb RestaurantPOS14\rptFundDepositReceipt.vb RestaurantPOS14\rptGeneralDayBook.vb RestaurantPOS14\rptGeneralLedger.vb RestaurantPOS14\rptGiftCard.vb RestaurantPOS14\rptInputTax.vb RestaurantPOS14\rptInvoiceSummary_CC.vb RestaurantPOS14\rptLoyaltyCard.vb RestaurantPOS14\rptLoyaltyCardMemberBalance.vb RestaurantPOS14\rptLoyaltyCardMemberLedger.vb RestaurantPOS14\rptLoyaltyCardMemberLedger1.vb RestaurantPOS14\rptMemberBalance.vb RestaurantPOS14\rptMemberLedger.vb RestaurantPOS14\rptMemberLedger1.vb RestaurantPOS14\rptMenuItems.vb RestaurantPOS14\rptPaymentInvoice.vb RestaurantPOS14\rptPayment_WithdrawalReceipt.vb RestaurantPOS14\rptPOS80mmByOperator.vb RestaurantPOS14\rptPOSA4.vb RestaurantPOS14\rptPOSA4ByOperator.vb RestaurantPOS14\rptPOSA4X.vb RestaurantPOS14\rptPurchase.vb RestaurantPOS14\rptPurchaseDayBook.vb RestaurantPOS14\rptPurchaseOrder.vb RestaurantPOS14\rptReceipt.vb RestaurantPOS14\rptReceiptTP.vb RestaurantPOS14\rptRecipe.vb RestaurantPOS14\rptRestaurantPOS.vb RestaurantPOS14\rptRestaurantPOSEB.vb RestaurantPOS14\rptRestaurantPOSEBInvoice.vb RestaurantPOS14\rptRestaurantPOSEBInvoice_Kitchen.vb RestaurantPOS14\rptRestaurantPOSFinalBillKOTInvoice.vb RestaurantPOS14\rptRestaurantPOSHD.vb RestaurantPOS14\rptRestaurantPOSHDInvoice.vb RestaurantPOS14\rptRestaurantPOSHDInvoice_Kitchen.vb RestaurantPOS14\rptRestaurantPOSKOTInvoice_Kitchen.vb RestaurantPOS14\rptRestaurantPOSTA.vb RestaurantPOS14\rptRestaurantPOSTAInvoice.vb RestaurantPOS14\rptRestaurantPOSTAInvoice_Kitchen.vb RestaurantPOS14\rptRestaurantPOSUpdatedKOTInvoice_Kitchen.vb RestaurantPOS14\rptRestaurantPOSVoidKOT_Kitchen.vb RestaurantPOS14\rptRPOS.vb RestaurantPOS14\rptRPOS1.vb RestaurantPOS14\rptRPOS2.vb RestaurantPOS14\rptRPOSByKitchen.vb RestaurantPOS14\rptRPOSByMonth.vb RestaurantPOS14\rptRPOSCard.vb RestaurantPOS14\rptSalarySlip.vb RestaurantPOS14\rptSalarySlip_MB.vb RestaurantPOS14\rptStockTransfer.vb RestaurantPOS14\rptStockTransferInvoice.vb RestaurantPOS14\rptSupplierLedger.vb RestaurantPOS14\rptTax.vb RestaurantPOS14\rptTrialBalance.vb RestaurantPOS14\rptVoidKOT.vb RestaurantPOS14\rptVoucher.vb RestaurantPOS14\rptWPByKitchen.vb "obj\x86\Release\.NETFramework,Version=v4.8.AssemblyAttributes.vb"
     2>L:\New Restauraunt Pos\src\RestaurantPOS14\RestaurantPOS14\RPOS_DBDataSet1.vb(47944,29): warning BC40003: property 'Item' shadows an overloadable member declared in the base class 'DataRow'.  If you want to overload the base method, this method must be declared 'Overloads'. [L:\New Restauraunt Pos\src\RestaurantPOS14\RestaurantPOS14.vbproj]
     2>L:\New Restauraunt Pos\src\RestaurantPOS14\RestaurantPOS14\frmPizza.vb(160,20): warning BC40054: 'Public Sub New()' in designer-generated type 'frmPizza' should call InitializeComponent method. [L:\New Restauraunt Pos\src\RestaurantPOS14\RestaurantPOS14.vbproj]
     2>L:\New Restauraunt Pos\src\RestaurantPOS14\RestaurantPOS14\frmPizzaModifiersList.vb(423,20): warning BC40054: 'Public Sub New()' in designer-generated type 'frmPizzaModifiersList' should call InitializeComponent method. [L:\New Restauraunt Pos\src\RestaurantPOS14\RestaurantPOS14.vbproj]
     2>L:\New Restauraunt Pos\src\RestaurantPOS14\RestaurantPOS14\frmPizzaMaster.vb(725,20): warning BC40054: 'Public Sub New()' in designer-generated type 'frmPizzaMaster' should call InitializeComponent method. [L:\New Restauraunt Pos\src\RestaurantPOS14\RestaurantPOS14.vbproj]
     2>L:\New Restauraunt Pos\src\RestaurantPOS14\RestaurantPOS14\frmPizzaModifiers.vb(685,20): warning BC40054: 'Public Sub New()' in designer-generated type 'frmPizzaModifiers' should call InitializeComponent method. [L:\New Restauraunt Pos\src\RestaurantPOS14\RestaurantPOS14.vbproj]
     2>L:\New Restauraunt Pos\src\RestaurantPOS14\RestaurantPOS14\frmPizzasExportImport.vb(347,20): warning BC40054: 'Public Sub New()' in designer-generated type 'frmPizzasExportImport' should call InitializeComponent method. [L:\New Restauraunt Pos\src\RestaurantPOS14\RestaurantPOS14.vbproj]
     2>L:\New Restauraunt Pos\src\RestaurantPOS14\RestaurantPOS14\frmPizzaModifiersList_AutoPopUp.vb(423,20): warning BC40054: 'Public Sub New()' in designer-generated type 'frmPizzaModifiersList_AutoPopUp' should call InitializeComponent method. [L:\New Restauraunt Pos\src\RestaurantPOS14\RestaurantPOS14.vbproj]
     2>L:\New Restauraunt Pos\src\RestaurantPOS14\RestaurantPOS14\frmPizzaToppingsExportImport.vb(323,20): warning BC40054: 'Public Sub New()' in designer-generated type 'frmPizzaToppingsExportImport' should call InitializeComponent method. [L:\New Restauraunt Pos\src\RestaurantPOS14\RestaurantPOS14.vbproj]
     2>L:\New Restauraunt Pos\src\RestaurantPOS14\RestaurantPOS14\frmPizzaSize.vb(331,20): warning BC40054: 'Public Sub New()' in designer-generated type 'frmPizzaSize' should call InitializeComponent method. [L:\New Restauraunt Pos\src\RestaurantPOS14\RestaurantPOS14.vbproj]
     2>L:\New Restauraunt Pos\src\RestaurantPOS14\RestaurantPOS14\frmPizzaToppings.vb(669,20): warning BC40054: 'Public Sub New()' in designer-generated type 'frmPizzaToppings' should call InitializeComponent method. [L:\New Restauraunt Pos\src\RestaurantPOS14\RestaurantPOS14.vbproj]
     2>L:\New Restauraunt Pos\src\RestaurantPOS14\RestaurantPOS14\frmPizzaPOS.vb(855,20): warning BC40054: 'Public Sub New()' in designer-generated type 'frmPizzaPOS' should call InitializeComponent method. [L:\New Restauraunt Pos\src\RestaurantPOS14\RestaurantPOS14.vbproj]
     2>L:\New Restauraunt Pos\src\RestaurantPOS14\RestaurantPOS14\frmSystemInfo.vb(970,20): warning BC40000: 'Public Shared Overloads Function GetHostByName(hostName As String) As IPHostEntry' is obsolete: 'GetHostByName is obsoleted for this type, please use GetHostEntry instead. http://go.microsoft.com/fwlink/?linkid=14202'. [L:\New Restauraunt Pos\src\RestaurantPOS14\RestaurantPOS14.vbproj]
     2>L:\New Restauraunt Pos\src\RestaurantPOS14\RestaurantPOS14\frmPOS.vb(21148,205): warning BC42030: Variable 'uinKOT' is passed by reference before it has been assigned a value. A null reference exception could result at runtime. [L:\New Restauraunt Pos\src\RestaurantPOS14\RestaurantPOS14.vbproj]
     2>L:\New Restauraunt Pos\src\RestaurantPOS14\RestaurantPOS14\frmPOS.vb(21148,213): warning BC42030: Variable 'qrKOT' is passed by reference before it has been assigned a value. A null reference exception could result at runtime. [L:\New Restauraunt Pos\src\RestaurantPOS14\RestaurantPOS14.vbproj]
     2>L:\New Restauraunt Pos\src\RestaurantPOS14\RestaurantPOS14\frmPOS.vb(21265,200): warning BC42030: Variable 'uinTA' is passed by reference before it has been assigned a value. A null reference exception could result at runtime. [L:\New Restauraunt Pos\src\RestaurantPOS14\RestaurantPOS14.vbproj]
     2>L:\New Restauraunt Pos\src\RestaurantPOS14\RestaurantPOS14\frmPOS.vb(21265,207): warning BC42030: Variable 'qrTA' is passed by reference before it has been assigned a value. A null reference exception could result at runtime. [L:\New Restauraunt Pos\src\RestaurantPOS14\RestaurantPOS14.vbproj]
     2>L:\New Restauraunt Pos\src\RestaurantPOS14\RestaurantPOS14\frmPOS.vb(21395,200): warning BC42030: Variable 'uinHD' is passed by reference before it has been assigned a value. A null reference exception could result at runtime. [L:\New Restauraunt Pos\src\RestaurantPOS14\RestaurantPOS14.vbproj]
     2>L:\New Restauraunt Pos\src\RestaurantPOS14\RestaurantPOS14\frmPOS.vb(21395,207): warning BC42030: Variable 'qrHD' is passed by reference before it has been assigned a value. A null reference exception could result at runtime. [L:\New Restauraunt Pos\src\RestaurantPOS14\RestaurantPOS14.vbproj]
     2>L:\New Restauraunt Pos\src\RestaurantPOS14\RestaurantPOS14\frmPOS.vb(24000,200): warning BC42030: Variable 'uinEB' is passed by reference before it has been assigned a value. A null reference exception could result at runtime. [L:\New Restauraunt Pos\src\RestaurantPOS14\RestaurantPOS14.vbproj]
     2>L:\New Restauraunt Pos\src\RestaurantPOS14\RestaurantPOS14\frmPOS.vb(24000,207): warning BC42030: Variable 'qrEB' is passed by reference before it has been assigned a value. A null reference exception could result at runtime. [L:\New Restauraunt Pos\src\RestaurantPOS14\RestaurantPOS14.vbproj]
     2>L:\New Restauraunt Pos\src\RestaurantPOS14\RestaurantPOS14\frmPOS.vb(25797,32): warning BC42356: This async method lacks 'Await' operators and so will run synchronously. Consider using the 'Await' operator to await non-blocking API calls, or 'Await Task.Run(...)' to do CPU-bound work on a background thread. [L:\New Restauraunt Pos\src\RestaurantPOS14\RestaurantPOS14.vbproj]
         CompilerServer: server - server processed compilation - RestaurantPOS14
       _CopyFilesMarkedCopyLocal:
         Copying file from "L:\New Restauraunt Pos\src\RestaurantPOS14\lib\CButtonLib.dll" to "L:\New Restauraunt Pos\src\RestaurantPOS14\bin\Release\CButtonLib.dll".
         Copying file from "L:\New Restauraunt Pos\src\RestaurantPOS14\lib\CrystalDecisions.CrystalReports.Engine.dll" to "L:\New Restauraunt Pos\src\RestaurantPOS14\bin\Release\CrystalDecisions.CrystalReports.Engine.dll".
         Copying file from "L:\New Restauraunt Pos\src\RestaurantPOS14\lib\CrystalDecisions.ReportSource.dll" to "L:\New Restauraunt Pos\src\RestaurantPOS14\bin\Release\CrystalDecisions.ReportSource.dll".
         Copying file from "L:\New Restauraunt Pos\src\RestaurantPOS14\lib\CrystalDecisions.Shared.dll" to "L:\New Restauraunt Pos\src\RestaurantPOS14\bin\Release\CrystalDecisions.Shared.dll".
         Copying file from "L:\New Restauraunt Pos\src\RestaurantPOS14\lib\CrystalDecisions.Windows.Forms.dll" to "L:\New Restauraunt Pos\src\RestaurantPOS14\bin\Release\CrystalDecisions.Windows.Forms.dll".
         Copying file from "L:\New Restauraunt Pos\src\RestaurantPOS14\lib\GelButtons.dll" to "L:\New Restauraunt Pos\src\RestaurantPOS14\bin\Release\GelButtons.dll".
         Copying file from "L:\New Restauraunt Pos\src\RestaurantPOS14\lib\MetroFramework.dll" to "L:\New Restauraunt Pos\src\RestaurantPOS14\bin\Release\MetroFramework.dll".
         Copying file from "L:\New Restauraunt Pos\src\RestaurantPOS14\lib\MessagingToolkit.QRCode.dll" to "L:\New Restauraunt Pos\src\RestaurantPOS14\bin\Release\MessagingToolkit.QRCode.dll".
         Copying file from "L:\New Restauraunt Pos\src\RestaurantPOS14\lib\IngenicoDLL.dll" to "L:\New Restauraunt Pos\src\RestaurantPOS14\bin\Release\IngenicoDLL.dll".
         Copying file from "L:\New Restauraunt Pos\src\RestaurantPOS14\lib\Microsoft.Office.Interop.Excel.dll" to "L:\New Restauraunt Pos\src\RestaurantPOS14\bin\Release\Microsoft.Office.Interop.Excel.dll".
         Copying file from "L:\New Restauraunt Pos\src\RestaurantPOS14\lib\Microsoft.SqlServer.Smo.dll" to "L:\New Restauraunt Pos\src\RestaurantPOS14\bin\Release\Microsoft.SqlServer.Smo.dll".
         Copying file from "L:\New Restauraunt Pos\src\RestaurantPOS14\lib\Microsoft.SqlServer.ConnectionInfo.dll" to "L:\New Restauraunt Pos\src\RestaurantPOS14\bin\Release\Microsoft.SqlServer.ConnectionInfo.dll".
         Copying file from "L:\New Restauraunt Pos\src\RestaurantPOS14\lib\Newtonsoft.Json.dll" to "L:\New Restauraunt Pos\src\RestaurantPOS14\bin\Release\Newtonsoft.Json.dll".
         Copying file from "L:\New Restauraunt Pos\src\RestaurantPOS14\lib\System.Resources.Extensions.dll" to "L:\New Restauraunt Pos\src\RestaurantPOS14\bin\Release\System.Resources.Extensions.dll".
         Copying file from "L:\New Restauraunt Pos\src\RestaurantPOS14\lib\TCSize.dll" to "L:\New Restauraunt Pos\src\RestaurantPOS14\bin\Release\TCSize.dll".
         Copying file from "L:\New Restauraunt Pos\src\RestaurantPOS14\lib\Telerik.WinControls.dll" to "L:\New Restauraunt Pos\src\RestaurantPOS14\bin\Release\Telerik.WinControls.dll".
         Copying file from "L:\New Restauraunt Pos\src\RestaurantPOS14\lib\Telerik.WinControls.Themes.Aqua.dll" to "L:\New Restauraunt Pos\src\RestaurantPOS14\bin\Release\Telerik.WinControls.Themes.Aqua.dll".
         Copying file from "L:\New Restauraunt Pos\src\RestaurantPOS14\lib\Telerik.WinControls.Themes.Desert.dll" to "L:\New Restauraunt Pos\src\RestaurantPOS14\bin\Release\Telerik.WinControls.Themes.Desert.dll".
         Copying file from "L:\New Restauraunt Pos\src\RestaurantPOS14\lib\Telerik.WinControls.Themes.VisualStudio2012Dark.dll" to "L:\New Restauraunt Pos\src\RestaurantPOS14\bin\Release\Telerik.WinControls.Themes.VisualStudio2012Dark.dll".
         Copying file from "L:\New Restauraunt Pos\src\RestaurantPOS14\lib\Telerik.WinControls.UI.dll" to "L:\New Restauraunt Pos\src\RestaurantPOS14\bin\Release\Telerik.WinControls.UI.dll".
         Copying file from "L:\New Restauraunt Pos\src\RestaurantPOS14\lib\Microsoft.SqlServer.Management.Sdk.Sfc.dll" to "L:\New Restauraunt Pos\src\RestaurantPOS14\bin\Release\Microsoft.SqlServer.Management.Sdk.Sfc.dll".
         Copying file from "C:\Program Files (x86)\Microsoft SQL Server\100\SDK\Assemblies\Microsoft.SqlServer.SqlEnum.dll" to "L:\New Restauraunt Pos\src\RestaurantPOS14\bin\Release\Microsoft.SqlServer.SqlEnum.dll".
         Copying file from "C:\Program Files (x86)\Microsoft SQL Server\100\SDK\Assemblies\Microsoft.SqlServer.Dmf.dll" to "L:\New Restauraunt Pos\src\RestaurantPOS14\bin\Release\Microsoft.SqlServer.Dmf.dll".
         Copying file from "C:\Program Files (x86)\Microsoft SQL Server\100\SDK\Assemblies\Microsoft.SqlServer.ServiceBrokerEnum.dll" to "L:\New Restauraunt Pos\src\RestaurantPOS14\bin\Release\Microsoft.SqlServer.ServiceBrokerEnum.dll".
         Copying file from "L:\New Restauraunt Pos\src\RestaurantPOS14\lib\System.Memory.dll" to "L:\New Restauraunt Pos\src\RestaurantPOS14\bin\Release\System.Memory.dll".
         Copying file from "L:\New Restauraunt Pos\src\RestaurantPOS14\lib\TelerikCommon.dll" to "L:\New Restauraunt Pos\src\RestaurantPOS14\bin\Release\TelerikCommon.dll".
         Copying file from "L:\New Restauraunt Pos\src\RestaurantPOS14\lib\System.Numerics.Vectors.dll" to "L:\New Restauraunt Pos\src\RestaurantPOS14\bin\Release\System.Numerics.Vectors.dll".
         Copying file from "L:\New Restauraunt Pos\src\RestaurantPOS14\lib\System.Runtime.CompilerServices.Unsafe.dll" to "L:\New Restauraunt Pos\src\RestaurantPOS14\bin\Release\System.Runtime.CompilerServices.Unsafe.dll".
         Copying file from "L:\New Restauraunt Pos\src\RestaurantPOS14\lib\System.Buffers.dll" to "L:\New Restauraunt Pos\src\RestaurantPOS14\bin\Release\System.Buffers.dll".
         Copying file from "C:\Program Files (x86)\Microsoft.NET\Primary Interop Assemblies\stdole.dll" to "L:\New Restauraunt Pos\src\RestaurantPOS14\bin\Release\stdole.dll".
         Creating "L:\New Restauraunt Pos\src\RestaurantPOS14\obj\x86\Release\Restaura.DF2486C5.Up2Date" because "AlwaysCreate" was specified.
         Touching "L:\New Restauraunt Pos\src\RestaurantPOS14\obj\x86\Release\Restaura.DF2486C5.Up2Date".
       _CopyOutOfDateSourceItemsToOutputDirectory:
         Copying file from "L:\New Restauraunt Pos\src\RestaurantPOS14\OutputTaxZ.xml" to "L:\New Restauraunt Pos\src\RestaurantPOS14\bin\Release\OutputTaxZ.xml".
         Copying file from "L:\New Restauraunt Pos\src\RestaurantPOS14\BlankDBscript.sql" to "L:\New Restauraunt Pos\src\RestaurantPOS14\bin\Release\BlankDBscript.sql".
         Copying file from "L:\New Restauraunt Pos\src\RestaurantPOS14\LC.txt" to "L:\New Restauraunt Pos\src\RestaurantPOS14\bin\Release\LC.txt".
         Copying file from "L:\New Restauraunt Pos\src\RestaurantPOS14\DBscript.sql" to "L:\New Restauraunt Pos\src\RestaurantPOS14\bin\Release\DBscript.sql".
         Copying file from "L:\New Restauraunt Pos\src\RestaurantPOS14\CollectionByOperator.xml" to "L:\New Restauraunt Pos\src\RestaurantPOS14\bin\Release\CollectionByOperator.xml".
         Copying file from "L:\New Restauraunt Pos\src\RestaurantPOS14\IDAutomationHC39M.ttf" to "L:\New Restauraunt Pos\src\RestaurantPOS14\bin\Release\IDAutomationHC39M.ttf".
         Copying file from "L:\New Restauraunt Pos\src\RestaurantPOS14\POSReportA4.xml" to "L:\New Restauraunt Pos\src\RestaurantPOS14\bin\Release\POSReportA4.xml".
         Copying file from "L:\New Restauraunt Pos\src\RestaurantPOS14\RPOSLatest.xml" to "L:\New Restauraunt Pos\src\RestaurantPOS14\bin\Release\RPOSLatest.xml".
         Copying file from "L:\New Restauraunt Pos\src\RestaurantPOS14\Menu Items Image\dcf422e0-73f8-4044-9df4-6cd655ec80fb.jpg" to "L:\New Restauraunt Pos\src\RestaurantPOS14\bin\Release\Menu Items Image\dcf422e0-73f8-4044-9df4-6cd655ec80fb.jpg".
         Copying file from "L:\New Restauraunt Pos\src\RestaurantPOS14\Menu Items Image\a4f40a4a-5b56-4e5e-8bb7-d1260851a1f1.jpg" to "L:\New Restauraunt Pos\src\RestaurantPOS14\bin\Release\Menu Items Image\a4f40a4a-5b56-4e5e-8bb7-d1260851a1f1.jpg".
         Copying file from "L:\New Restauraunt Pos\src\RestaurantPOS14\lib\CButtonLib.dll" to "L:\New Restauraunt Pos\src\RestaurantPOS14\bin\Release\lib\CButtonLib.dll".
         Copying file from "L:\New Restauraunt Pos\src\RestaurantPOS14\lib\CrystalDecisions.ReportSource.dll" to "L:\New Restauraunt Pos\src\RestaurantPOS14\bin\Release\lib\CrystalDecisions.ReportSource.dll".
         Copying file from "L:\New Restauraunt Pos\src\RestaurantPOS14\lib\CrystalDecisions.CrystalReports.Engine.dll" to "L:\New Restauraunt Pos\src\RestaurantPOS14\bin\Release\lib\CrystalDecisions.CrystalReports.Engine.dll".
         Copying file from "L:\New Restauraunt Pos\src\RestaurantPOS14\lib\CrystalDecisions.Shared.dll" to "L:\New Restauraunt Pos\src\RestaurantPOS14\bin\Release\lib\CrystalDecisions.Shared.dll".
         Copying file from "L:\New Restauraunt Pos\src\RestaurantPOS14\lib\CrystalDecisions.Windows.Forms.dll" to "L:\New Restauraunt Pos\src\RestaurantPOS14\bin\Release\lib\CrystalDecisions.Windows.Forms.dll".
         Copying file from "L:\New Restauraunt Pos\src\RestaurantPOS14\lib\EllipticalButton.dll" to "L:\New Restauraunt Pos\src\RestaurantPOS14\bin\Release\lib\EllipticalButton.dll".
         Copying file from "L:\New Restauraunt Pos\src\RestaurantPOS14\lib\GelButtons.dll" to "L:\New Restauraunt Pos\src\RestaurantPOS14\bin\Release\lib\GelButtons.dll".
         Copying file from "L:\New Restauraunt Pos\src\RestaurantPOS14\lib\IngenicoDLL.dll" to "L:\New Restauraunt Pos\src\RestaurantPOS14\bin\Release\lib\IngenicoDLL.dll".
         Copying file from "L:\New Restauraunt Pos\src\RestaurantPOS14\lib\MessagingToolkit.QRCode.dll" to "L:\New Restauraunt Pos\src\RestaurantPOS14\bin\Release\lib\MessagingToolkit.QRCode.dll".
         Copying file from "L:\New Restauraunt Pos\src\RestaurantPOS14\lib\MetroFramework.Design.dll" to "L:\New Restauraunt Pos\src\RestaurantPOS14\bin\Release\lib\MetroFramework.Design.dll".
         Copying file from "L:\New Restauraunt Pos\src\RestaurantPOS14\lib\MetroFramework.dll" to "L:\New Restauraunt Pos\src\RestaurantPOS14\bin\Release\lib\MetroFramework.dll".
         Copying file from "L:\New Restauraunt Pos\src\RestaurantPOS14\lib\MetroFramework.Fonts.dll" to "L:\New Restauraunt Pos\src\RestaurantPOS14\bin\Release\lib\MetroFramework.Fonts.dll".
         Copying file from "L:\New Restauraunt Pos\src\RestaurantPOS14\lib\Microsoft.Office.Interop.Excel.dll" to "L:\New Restauraunt Pos\src\RestaurantPOS14\bin\Release\lib\Microsoft.Office.Interop.Excel.dll".
         Copying file from "L:\New Restauraunt Pos\src\RestaurantPOS14\lib\Microsoft.SqlServer.ConnectionInfo.dll" to "L:\New Restauraunt Pos\src\RestaurantPOS14\bin\Release\lib\Microsoft.SqlServer.ConnectionInfo.dll".
         Copying file from "L:\New Restauraunt Pos\src\RestaurantPOS14\lib\Microsoft.SqlServer.Management.Sdk.Sfc.dll" to "L:\New Restauraunt Pos\src\RestaurantPOS14\bin\Release\lib\Microsoft.SqlServer.Management.Sdk.Sfc.dll".
         Copying file from "L:\New Restauraunt Pos\src\RestaurantPOS14\lib\Microsoft.SqlServer.Smo.dll" to "L:\New Restauraunt Pos\src\RestaurantPOS14\bin\Release\lib\Microsoft.SqlServer.Smo.dll".
         Copying file from "L:\New Restauraunt Pos\src\RestaurantPOS14\lib\SAPBusinessObjects.WPF.Viewer.dll" to "L:\New Restauraunt Pos\src\RestaurantPOS14\bin\Release\lib\SAPBusinessObjects.WPF.Viewer.dll".
         Copying file from "L:\New Restauraunt Pos\src\RestaurantPOS14\lib\Newtonsoft.Json.dll" to "L:\New Restauraunt Pos\src\RestaurantPOS14\bin\Release\lib\Newtonsoft.Json.dll".
         Copying file from "L:\New Restauraunt Pos\src\RestaurantPOS14\lib\SAPBusinessObjects.WPF.ViewerShared.dll" to "L:\New Restauraunt Pos\src\RestaurantPOS14\bin\Release\lib\SAPBusinessObjects.WPF.ViewerShared.dll".
         Copying file from "L:\New Restauraunt Pos\src\RestaurantPOS14\lib\System.Memory.dll" to "L:\New Restauraunt Pos\src\RestaurantPOS14\bin\Release\lib\System.Memory.dll".
         Copying file from "L:\New Restauraunt Pos\src\RestaurantPOS14\lib\System.Numerics.Vectors.dll" to "L:\New Restauraunt Pos\src\RestaurantPOS14\bin\Release\lib\System.Numerics.Vectors.dll".
         Copying file from "L:\New Restauraunt Pos\src\RestaurantPOS14\lib\System.Buffers.dll" to "L:\New Restauraunt Pos\src\RestaurantPOS14\bin\Release\lib\System.Buffers.dll".
         Copying file from "L:\New Restauraunt Pos\src\RestaurantPOS14\lib\System.Runtime.CompilerServices.Unsafe.dll" to "L:\New Restauraunt Pos\src\RestaurantPOS14\bin\Release\lib\System.Runtime.CompilerServices.Unsafe.dll".
         Copying file from "L:\New Restauraunt Pos\src\RestaurantPOS14\lib\System.Resources.Extensions.dll" to "L:\New Restauraunt Pos\src\RestaurantPOS14\bin\Release\lib\System.Resources.Extensions.dll".
         Copying file from "L:\New Restauraunt Pos\src\RestaurantPOS14\lib\System.Windows.Forms.Ribbon.dll" to "L:\New Restauraunt Pos\src\RestaurantPOS14\bin\Release\lib\System.Windows.Forms.Ribbon.dll".
         Copying file from "L:\New Restauraunt Pos\src\RestaurantPOS14\lib\TCSize.dll" to "L:\New Restauraunt Pos\src\RestaurantPOS14\bin\Release\lib\TCSize.dll".
         Copying file from "L:\New Restauraunt Pos\src\RestaurantPOS14\lib\Telerik.WinControls.dll" to "L:\New Restauraunt Pos\src\RestaurantPOS14\bin\Release\lib\Telerik.WinControls.dll".
         Copying file from "L:\New Restauraunt Pos\src\RestaurantPOS14\lib\Telerik.WinControls.Themes.Aqua.dll" to "L:\New Restauraunt Pos\src\RestaurantPOS14\bin\Release\lib\Telerik.WinControls.Themes.Aqua.dll".
         Copying file from "L:\New Restauraunt Pos\src\RestaurantPOS14\lib\Telerik.WinControls.Themes.Desert.dll" to "L:\New Restauraunt Pos\src\RestaurantPOS14\bin\Release\lib\Telerik.WinControls.Themes.Desert.dll".
         Copying file from "L:\New Restauraunt Pos\src\RestaurantPOS14\lib\Telerik.WinControls.Themes.FluentDark.dll" to "L:\New Restauraunt Pos\src\RestaurantPOS14\bin\Release\lib\Telerik.WinControls.Themes.FluentDark.dll".
         Copying file from "L:\New Restauraunt Pos\src\RestaurantPOS14\lib\Telerik.WinControls.Themes.HighContrastBlack.dll" to "L:\New Restauraunt Pos\src\RestaurantPOS14\bin\Release\lib\Telerik.WinControls.Themes.HighContrastBlack.dll".
         Copying file from "L:\New Restauraunt Pos\src\RestaurantPOS14\lib\Telerik.WinControls.Themes.Office2013Dark.dll" to "L:\New Restauraunt Pos\src\RestaurantPOS14\bin\Release\lib\Telerik.WinControls.Themes.Office2013Dark.dll".
         Copying file from "L:\New Restauraunt Pos\src\RestaurantPOS14\lib\Telerik.WinControls.Themes.VisualStudio2012Dark.dll" to "L:\New Restauraunt Pos\src\RestaurantPOS14\bin\Release\lib\Telerik.WinControls.Themes.VisualStudio2012Dark.dll".
         Copying file from "L:\New Restauraunt Pos\src\RestaurantPOS14\lib\Telerik.WinControls.UI.dll" to "L:\New Restauraunt Pos\src\RestaurantPOS14\bin\Release\lib\Telerik.WinControls.UI.dll".
         Copying file from "L:\New Restauraunt Pos\src\RestaurantPOS14\lib\TelerikCommon.dll" to "L:\New Restauraunt Pos\src\RestaurantPOS14\bin\Release\lib\TelerikCommon.dll".
       _CopyAppConfigFile:
         Copying file from "L:\New Restauraunt Pos\src\RestaurantPOS14\App.config" to "L:\New Restauraunt Pos\src\RestaurantPOS14\bin\Release\RestaurantPOS14.exe.config".
       CopyFilesToOutputDirectory:
         Copying file from "L:\New Restauraunt Pos\src\RestaurantPOS14\obj\x86\Release\RestaurantPOS14.exe" to "L:\New Restauraunt Pos\src\RestaurantPOS14\bin\Release\RestaurantPOS14.exe".
         RestaurantPOS14 -> L:\New Restauraunt Pos\src\RestaurantPOS14\bin\Release\RestaurantPOS14.exe
         Copying file from "L:\New Restauraunt Pos\src\RestaurantPOS14\obj\x86\Release\RestaurantPOS14.pdb" to "L:\New Restauraunt Pos\src\RestaurantPOS14\bin\Release\RestaurantPOS14.pdb".
     2>Done Building Project "L:\New Restauraunt Pos\src\RestaurantPOS14\RestaurantPOS14.vbproj" (Rebuild target(s)).
     1>Done Building Project "L:\New Restauraunt Pos\src\RestaurantPOS14\RestaurantPOS14.sln" (Rebuild target(s)).

Build succeeded.

       "L:\New Restauraunt Pos\src\RestaurantPOS14\RestaurantPOS14.sln" (Rebuild target) (1) ->
       "L:\New Restauraunt Pos\src\RestaurantPOS14\RestaurantPOS14.vbproj" (Rebuild target) (2) ->
       (CoreCompile target) -> 
         L:\New Restauraunt Pos\src\RestaurantPOS14\RestaurantPOS14\RPOS_DBDataSet1.vb(47944,29): warning BC40003: property 'Item' shadows an overloadable member declared in the base class 'DataRow'.  If you want to overload the base method, this method must be declared 'Overloads'. [L:\New Restauraunt Pos\src\RestaurantPOS14\RestaurantPOS14.vbproj]
         L:\New Restauraunt Pos\src\RestaurantPOS14\RestaurantPOS14\frmPizza.vb(160,20): warning BC40054: 'Public Sub New()' in designer-generated type 'frmPizza' should call InitializeComponent method. [L:\New Restauraunt Pos\src\RestaurantPOS14\RestaurantPOS14.vbproj]
         L:\New Restauraunt Pos\src\RestaurantPOS14\RestaurantPOS14\frmPizzaModifiersList.vb(423,20): warning BC40054: 'Public Sub New()' in designer-generated type 'frmPizzaModifiersList' should call InitializeComponent method. [L:\New Restauraunt Pos\src\RestaurantPOS14\RestaurantPOS14.vbproj]
         L:\New Restauraunt Pos\src\RestaurantPOS14\RestaurantPOS14\frmPizzaMaster.vb(725,20): warning BC40054: 'Public Sub New()' in designer-generated type 'frmPizzaMaster' should call InitializeComponent method. [L:\New Restauraunt Pos\src\RestaurantPOS14\RestaurantPOS14.vbproj]
         L:\New Restauraunt Pos\src\RestaurantPOS14\RestaurantPOS14\frmPizzaModifiers.vb(685,20): warning BC40054: 'Public Sub New()' in designer-generated type 'frmPizzaModifiers' should call InitializeComponent method. [L:\New Restauraunt Pos\src\RestaurantPOS14\RestaurantPOS14.vbproj]
         L:\New Restauraunt Pos\src\RestaurantPOS14\RestaurantPOS14\frmPizzasExportImport.vb(347,20): warning BC40054: 'Public Sub New()' in designer-generated type 'frmPizzasExportImport' should call InitializeComponent method. [L:\New Restauraunt Pos\src\RestaurantPOS14\RestaurantPOS14.vbproj]
         L:\New Restauraunt Pos\src\RestaurantPOS14\RestaurantPOS14\frmPizzaModifiersList_AutoPopUp.vb(423,20): warning BC40054: 'Public Sub New()' in designer-generated type 'frmPizzaModifiersList_AutoPopUp' should call InitializeComponent method. [L:\New Restauraunt Pos\src\RestaurantPOS14\RestaurantPOS14.vbproj]
         L:\New Restauraunt Pos\src\RestaurantPOS14\RestaurantPOS14\frmPizzaToppingsExportImport.vb(323,20): warning BC40054: 'Public Sub New()' in designer-generated type 'frmPizzaToppingsExportImport' should call InitializeComponent method. [L:\New Restauraunt Pos\src\RestaurantPOS14\RestaurantPOS14.vbproj]
         L:\New Restauraunt Pos\src\RestaurantPOS14\RestaurantPOS14\frmPizzaSize.vb(331,20): warning BC40054: 'Public Sub New()' in designer-generated type 'frmPizzaSize' should call InitializeComponent method. [L:\New Restauraunt Pos\src\RestaurantPOS14\RestaurantPOS14.vbproj]
         L:\New Restauraunt Pos\src\RestaurantPOS14\RestaurantPOS14\frmPizzaToppings.vb(669,20): warning BC40054: 'Public Sub New()' in designer-generated type 'frmPizzaToppings' should call InitializeComponent method. [L:\New Restauraunt Pos\src\RestaurantPOS14\RestaurantPOS14.vbproj]
         L:\New Restauraunt Pos\src\RestaurantPOS14\RestaurantPOS14\frmPizzaPOS.vb(855,20): warning BC40054: 'Public Sub New()' in designer-generated type 'frmPizzaPOS' should call InitializeComponent method. [L:\New Restauraunt Pos\src\RestaurantPOS14\RestaurantPOS14.vbproj]
         L:\New Restauraunt Pos\src\RestaurantPOS14\RestaurantPOS14\frmSystemInfo.vb(970,20): warning BC40000: 'Public Shared Overloads Function GetHostByName(hostName As String) As IPHostEntry' is obsolete: 'GetHostByName is obsoleted for this type, please use GetHostEntry instead. http://go.microsoft.com/fwlink/?linkid=14202'. [L:\New Restauraunt Pos\src\RestaurantPOS14\RestaurantPOS14.vbproj]
         L:\New Restauraunt Pos\src\RestaurantPOS14\RestaurantPOS14\frmPOS.vb(21148,205): warning BC42030: Variable 'uinKOT' is passed by reference before it has been assigned a value. A null reference exception could result at runtime. [L:\New Restauraunt Pos\src\RestaurantPOS14\RestaurantPOS14.vbproj]
         L:\New Restauraunt Pos\src\RestaurantPOS14\RestaurantPOS14\frmPOS.vb(21148,213): warning BC42030: Variable 'qrKOT' is passed by reference before it has been assigned a value. A null reference exception could result at runtime. [L:\New Restauraunt Pos\src\RestaurantPOS14\RestaurantPOS14.vbproj]
         L:\New Restauraunt Pos\src\RestaurantPOS14\RestaurantPOS14\frmPOS.vb(21265,200): warning BC42030: Variable 'uinTA' is passed by reference before it has been assigned a value. A null reference exception could result at runtime. [L:\New Restauraunt Pos\src\RestaurantPOS14\RestaurantPOS14.vbproj]
         L:\New Restauraunt Pos\src\RestaurantPOS14\RestaurantPOS14\frmPOS.vb(21265,207): warning BC42030: Variable 'qrTA' is passed by reference before it has been assigned a value. A null reference exception could result at runtime. [L:\New Restauraunt Pos\src\RestaurantPOS14\RestaurantPOS14.vbproj]
         L:\New Restauraunt Pos\src\RestaurantPOS14\RestaurantPOS14\frmPOS.vb(21395,200): warning BC42030: Variable 'uinHD' is passed by reference before it has been assigned a value. A null reference exception could result at runtime. [L:\New Restauraunt Pos\src\RestaurantPOS14\RestaurantPOS14.vbproj]
         L:\New Restauraunt Pos\src\RestaurantPOS14\RestaurantPOS14\frmPOS.vb(21395,207): warning BC42030: Variable 'qrHD' is passed by reference before it has been assigned a value. A null reference exception could result at runtime. [L:\New Restauraunt Pos\src\RestaurantPOS14\RestaurantPOS14.vbproj]
         L:\New Restauraunt Pos\src\RestaurantPOS14\RestaurantPOS14\frmPOS.vb(24000,200): warning BC42030: Variable 'uinEB' is passed by reference before it has been assigned a value. A null reference exception could result at runtime. [L:\New Restauraunt Pos\src\RestaurantPOS14\RestaurantPOS14.vbproj]
         L:\New Restauraunt Pos\src\RestaurantPOS14\RestaurantPOS14\frmPOS.vb(24000,207): warning BC42030: Variable 'qrEB' is passed by reference before it has been assigned a value. A null reference exception could result at runtime. [L:\New Restauraunt Pos\src\RestaurantPOS14\RestaurantPOS14.vbproj]
         L:\New Restauraunt Pos\src\RestaurantPOS14\RestaurantPOS14\frmPOS.vb(25797,32): warning BC42356: This async method lacks 'Await' operators and so will run synchronously. Consider using the 'Await' operator to await non-blocking API calls, or 'Await Task.Run(...)' to do CPU-bound work on a background thread. [L:\New Restauraunt Pos\src\RestaurantPOS14\RestaurantPOS14.vbproj]

    21 Warning(s)
    0 Error(s)

Time Elapsed 00:00:08.30
