  Determining projects to restore...
  All projects are up-to-date for restore.
L:\New Restauraunt Pos\src\RestaurantPOS14\RestaurantPOS14\RPOS_DBDataSet1.vb(52104,29): warning BC40003: property 'Item' shadows an overloadable member declared in the base class 'DataRow'.  If you want to overload the base method, this method must be declared 'Overloads'. [L:\New Restauraunt Pos\src\RestaurantPOS14\RestaurantPOS14.vbproj]
L:\New Restauraunt Pos\src\RestaurantPOS14\RestaurantPOS14\EInvoicing\EInvoiceClient.vb(57,41): error BC30182: Type expected. [L:\New Restauraunt Pos\src\RestaurantPOS14\RestaurantPOS14.vbproj]
L:\New Restauraunt Pos\src\RestaurantPOS14\RestaurantPOS14\EInvoicing\EInvoiceClient.vb(83,41): error BC30182: Type expected. [L:\New Restauraunt Pos\src\RestaurantPOS14\RestaurantPOS14.vbproj]
L:\New Restauraunt Pos\src\RestaurantPOS14\RestaurantPOS14\EInvoicing\EInvoiceClient.vb(106,41): error BC30182: Type expected. [L:\New Restauraunt Pos\src\RestaurantPOS14\RestaurantPOS14.vbproj]
L:\New Restauraunt Pos\src\RestaurantPOS14\RestaurantPOS14\EInvoicing\EInvoiceClient.vb(158,23): error BC30182: Type expected. [L:\New Restauraunt Pos\src\RestaurantPOS14\RestaurantPOS14.vbproj]
L:\New Restauraunt Pos\src\RestaurantPOS14\RestaurantPOS14\frmAccountingReport.vb(1413,76): warning BC40000: 'Public Shared Function __Assign(Of SqlConnection)(ByRef target As SqlConnection, value As SqlConnection) As SqlConnection' is obsolete: 'Please refactor calling code to use normal Visual Basic assignment'. [L:\New Restauraunt Pos\src\RestaurantPOS14\RestaurantPOS14.vbproj]
L:\New Restauraunt Pos\src\RestaurantPOS14\RestaurantPOS14\frmAccountingReport.vb(1658,76): warning BC40000: 'Public Shared Function __Assign(Of SqlConnection)(ByRef target As SqlConnection, value As SqlConnection) As SqlConnection' is obsolete: 'Please refactor calling code to use normal Visual Basic assignment'. [L:\New Restauraunt Pos\src\RestaurantPOS14\RestaurantPOS14.vbproj]
L:\New Restauraunt Pos\src\RestaurantPOS14\RestaurantPOS14\frmCreditCustomerReceipt.vb(1209,76): warning BC40000: 'Public Shared Function __Assign(Of SqlConnection)(ByRef target As SqlConnection, value As SqlConnection) As SqlConnection' is obsolete: 'Please refactor calling code to use normal Visual Basic assignment'. [L:\New Restauraunt Pos\src\RestaurantPOS14\RestaurantPOS14.vbproj]
L:\New Restauraunt Pos\src\RestaurantPOS14\RestaurantPOS14\frmBillSplit.vb(3033,76): warning BC40000: 'Public Shared Function __Assign(Of SqlConnection)(ByRef target As SqlConnection, value As SqlConnection) As SqlConnection' is obsolete: 'Please refactor calling code to use normal Visual Basic assignment'. [L:\New Restauraunt Pos\src\RestaurantPOS14\RestaurantPOS14.vbproj]
L:\New Restauraunt Pos\src\RestaurantPOS14\RestaurantPOS14\frmEmailSetting.vb(987,20): warning BC40000: 'Public Shared Function __Assign(Of TextBox)(ByRef target As TextBox, value As TextBox) As TextBox' is obsolete: 'Please refactor calling code to use normal Visual Basic assignment'. [L:\New Restauraunt Pos\src\RestaurantPOS14\RestaurantPOS14.vbproj]
L:\New Restauraunt Pos\src\RestaurantPOS14\RestaurantPOS14\frmEmailSetting.vb(990,20): warning BC40000: 'Public Shared Function __Assign(Of TextBox)(ByRef target As TextBox, value As TextBox) As TextBox' is obsolete: 'Please refactor calling code to use normal Visual Basic assignment'. [L:\New Restauraunt Pos\src\RestaurantPOS14\RestaurantPOS14.vbproj]
L:\New Restauraunt Pos\src\RestaurantPOS14\RestaurantPOS14\frmPizza.vb(160,20): warning BC40054: 'Public Sub New()' in designer-generated type 'frmPizza' should call InitializeComponent method. [L:\New Restauraunt Pos\src\RestaurantPOS14\RestaurantPOS14.vbproj]
L:\New Restauraunt Pos\src\RestaurantPOS14\RestaurantPOS14\frmPOSReport_CRViewer.vb(238,63): error BC30456: 'btnPrint_Click' is not a member of 'frmPOSReport_CRViewer'. [L:\New Restauraunt Pos\src\RestaurantPOS14\RestaurantPOS14.vbproj]
L:\New Restauraunt Pos\src\RestaurantPOS14\RestaurantPOS14\frmPOSReport_CRViewer.vb(259,63): error BC30456: 'Button1_Click_1' is not a member of 'frmPOSReport_CRViewer'. [L:\New Restauraunt Pos\src\RestaurantPOS14\RestaurantPOS14.vbproj]
L:\New Restauraunt Pos\src\RestaurantPOS14\RestaurantPOS14\frmPayment.vb(1237,76): warning BC40000: 'Public Shared Function __Assign(Of SqlConnection)(ByRef target As SqlConnection, value As SqlConnection) As SqlConnection' is obsolete: 'Please refactor calling code to use normal Visual Basic assignment'. [L:\New Restauraunt Pos\src\RestaurantPOS14\RestaurantPOS14.vbproj]
L:\New Restauraunt Pos\src\RestaurantPOS14\RestaurantPOS14\frmPOSReport.vb(762,63): error BC30456: 'Button4_Click' is not a member of 'frmPOSReport'. [L:\New Restauraunt Pos\src\RestaurantPOS14\RestaurantPOS14.vbproj]
L:\New Restauraunt Pos\src\RestaurantPOS14\RestaurantPOS14\frmPayroll_MB.vb(1464,76): warning BC40000: 'Public Shared Function __Assign(Of SqlConnection)(ByRef target As SqlConnection, value As SqlConnection) As SqlConnection' is obsolete: 'Please refactor calling code to use normal Visual Basic assignment'. [L:\New Restauraunt Pos\src\RestaurantPOS14\RestaurantPOS14.vbproj]
L:\New Restauraunt Pos\src\RestaurantPOS14\RestaurantPOS14\frmPOSReport.vb(783,63): error BC30456: 'Button3_Click' is not a member of 'frmPOSReport'. [L:\New Restauraunt Pos\src\RestaurantPOS14\RestaurantPOS14.vbproj]
L:\New Restauraunt Pos\src\RestaurantPOS14\RestaurantPOS14\frmPOSReport.vb(804,63): error BC30456: 'Button2_Click' is not a member of 'frmPOSReport'. [L:\New Restauraunt Pos\src\RestaurantPOS14\RestaurantPOS14.vbproj]
L:\New Restauraunt Pos\src\RestaurantPOS14\RestaurantPOS14\frmPizzaModifiersList_AutoPopUp.vb(423,20): warning BC40054: 'Public Sub New()' in designer-generated type 'frmPizzaModifiersList_AutoPopUp' should call InitializeComponent method. [L:\New Restauraunt Pos\src\RestaurantPOS14\RestaurantPOS14.vbproj]
L:\New Restauraunt Pos\src\RestaurantPOS14\RestaurantPOS14\frmPizzaModifiersList.vb(423,20): warning BC40054: 'Public Sub New()' in designer-generated type 'frmPizzaModifiersList' should call InitializeComponent method. [L:\New Restauraunt Pos\src\RestaurantPOS14\RestaurantPOS14.vbproj]
L:\New Restauraunt Pos\src\RestaurantPOS14\RestaurantPOS14\frmPOSReport.vb(825,63): error BC30456: 'Button1_Click' is not a member of 'frmPOSReport'. [L:\New Restauraunt Pos\src\RestaurantPOS14\RestaurantPOS14.vbproj]
L:\New Restauraunt Pos\src\RestaurantPOS14\RestaurantPOS14\frmPOSReport.vb(846,63): error BC30456: 'btnExportExcel_Click' is not a member of 'frmPOSReport'. [L:\New Restauraunt Pos\src\RestaurantPOS14\RestaurantPOS14.vbproj]
L:\New Restauraunt Pos\src\RestaurantPOS14\RestaurantPOS14\frmPizzaSize.vb(331,20): warning BC40054: 'Public Sub New()' in designer-generated type 'frmPizzaSize' should call InitializeComponent method. [L:\New Restauraunt Pos\src\RestaurantPOS14\RestaurantPOS14.vbproj]
L:\New Restauraunt Pos\src\RestaurantPOS14\RestaurantPOS14\frmPizzasExportImport.vb(347,20): warning BC40054: 'Public Sub New()' in designer-generated type 'frmPizzasExportImport' should call InitializeComponent method. [L:\New Restauraunt Pos\src\RestaurantPOS14\RestaurantPOS14.vbproj]
L:\New Restauraunt Pos\src\RestaurantPOS14\RestaurantPOS14\frmPOSReport_CRViewer1.vb(238,63): error BC30456: 'btnPrint_Click' is not a member of 'frmPOSReport_CRViewer1'. [L:\New Restauraunt Pos\src\RestaurantPOS14\RestaurantPOS14.vbproj]
L:\New Restauraunt Pos\src\RestaurantPOS14\RestaurantPOS14\frmPOSReport_CRViewer1.vb(259,63): error BC30456: 'Button1_Click_1' is not a member of 'frmPOSReport_CRViewer1'. [L:\New Restauraunt Pos\src\RestaurantPOS14\RestaurantPOS14.vbproj]
L:\New Restauraunt Pos\src\RestaurantPOS14\RestaurantPOS14\frmPO_CRViewer.vb(240,80): warning BC40000: 'Public Shared Function __Assign(Of SqlConnection)(ByRef target As SqlConnection, value As SqlConnection) As SqlConnection' is obsolete: 'Please refactor calling code to use normal Visual Basic assignment'. [L:\New Restauraunt Pos\src\RestaurantPOS14\RestaurantPOS14.vbproj]
L:\New Restauraunt Pos\src\RestaurantPOS14\RestaurantPOS14\frmPizzaModifiers.vb(685,20): warning BC40054: 'Public Sub New()' in designer-generated type 'frmPizzaModifiers' should call InitializeComponent method. [L:\New Restauraunt Pos\src\RestaurantPOS14\RestaurantPOS14.vbproj]
L:\New Restauraunt Pos\src\RestaurantPOS14\RestaurantPOS14\frmPizzaMaster.vb(725,20): warning BC40054: 'Public Sub New()' in designer-generated type 'frmPizzaMaster' should call InitializeComponent method. [L:\New Restauraunt Pos\src\RestaurantPOS14\RestaurantPOS14.vbproj]
L:\New Restauraunt Pos\src\RestaurantPOS14\RestaurantPOS14\frmPayroll_HB.vb(1457,76): warning BC40000: 'Public Shared Function __Assign(Of SqlConnection)(ByRef target As SqlConnection, value As SqlConnection) As SqlConnection' is obsolete: 'Please refactor calling code to use normal Visual Basic assignment'. [L:\New Restauraunt Pos\src\RestaurantPOS14\RestaurantPOS14.vbproj]
L:\New Restauraunt Pos\src\RestaurantPOS14\RestaurantPOS14\frmPizzaToppingsExportImport.vb(323,20): warning BC40054: 'Public Sub New()' in designer-generated type 'frmPizzaToppingsExportImport' should call InitializeComponent method. [L:\New Restauraunt Pos\src\RestaurantPOS14\RestaurantPOS14.vbproj]
L:\New Restauraunt Pos\src\RestaurantPOS14\RestaurantPOS14\frmPizzaPOS.vb(855,20): warning BC40054: 'Public Sub New()' in designer-generated type 'frmPizzaPOS' should call InitializeComponent method. [L:\New Restauraunt Pos\src\RestaurantPOS14\RestaurantPOS14.vbproj]
L:\New Restauraunt Pos\src\RestaurantPOS14\RestaurantPOS14\frmRestaurantPOSEBRecord_Unpaid.vb(959,53): warning BC40000: 'Public Shared Function __Assign(Of Point)(ByRef target As Point, value As Point) As Point' is obsolete: 'Please refactor calling code to use normal Visual Basic assignment'. [L:\New Restauraunt Pos\src\RestaurantPOS14\RestaurantPOS14.vbproj]
L:\New Restauraunt Pos\src\RestaurantPOS14\RestaurantPOS14\frmPurchaseOrder.vb(2083,76): warning BC40000: 'Public Shared Function __Assign(Of SqlConnection)(ByRef target As SqlConnection, value As SqlConnection) As SqlConnection' is obsolete: 'Please refactor calling code to use normal Visual Basic assignment'. [L:\New Restauraunt Pos\src\RestaurantPOS14\RestaurantPOS14.vbproj]
L:\New Restauraunt Pos\src\RestaurantPOS14\RestaurantPOS14\frmRestaurantPOSTARecord_Unpaid.vb(1002,53): warning BC40000: 'Public Shared Function __Assign(Of Point)(ByRef target As Point, value As Point) As Point' is obsolete: 'Please refactor calling code to use normal Visual Basic assignment'. [L:\New Restauraunt Pos\src\RestaurantPOS14\RestaurantPOS14.vbproj]
L:\New Restauraunt Pos\src\RestaurantPOS14\RestaurantPOS14\frmPizzaToppings.vb(669,20): warning BC40054: 'Public Sub New()' in designer-generated type 'frmPizzaToppings' should call InitializeComponent method. [L:\New Restauraunt Pos\src\RestaurantPOS14\RestaurantPOS14.vbproj]
L:\New Restauraunt Pos\src\RestaurantPOS14\RestaurantPOS14\frmRegistration.vb(1564,20): warning BC40000: 'Public Shared Function __Assign(Of TextBox)(ByRef target As TextBox, value As TextBox) As TextBox' is obsolete: 'Please refactor calling code to use normal Visual Basic assignment'. [L:\New Restauraunt Pos\src\RestaurantPOS14\RestaurantPOS14.vbproj]
L:\New Restauraunt Pos\src\RestaurantPOS14\RestaurantPOS14\frmRegistration.vb(1567,20): warning BC40000: 'Public Shared Function __Assign(Of TextBox)(ByRef target As TextBox, value As TextBox) As TextBox' is obsolete: 'Please refactor calling code to use normal Visual Basic assignment'. [L:\New Restauraunt Pos\src\RestaurantPOS14\RestaurantPOS14.vbproj]
L:\New Restauraunt Pos\src\RestaurantPOS14\RestaurantPOS14\frmRecipe.vb(1361,76): warning BC40000: 'Public Shared Function __Assign(Of SqlConnection)(ByRef target As SqlConnection, value As SqlConnection) As SqlConnection' is obsolete: 'Please refactor calling code to use normal Visual Basic assignment'. [L:\New Restauraunt Pos\src\RestaurantPOS14\RestaurantPOS14.vbproj]
L:\New Restauraunt Pos\src\RestaurantPOS14\RestaurantPOS14\frmSystemInfo.vb(1039,20): warning BC40000: 'Public Shared Overloads Function GetHostByName(hostName As String) As IPHostEntry' is obsolete: 'GetHostByName is obsoleted for this type, please use GetHostEntry instead. http://go.microsoft.com/fwlink/?linkid=14202'. [L:\New Restauraunt Pos\src\RestaurantPOS14\RestaurantPOS14.vbproj]
L:\New Restauraunt Pos\src\RestaurantPOS14\RestaurantPOS14\frmStockTransfer.vb(1544,76): warning BC40000: 'Public Shared Function __Assign(Of SqlConnection)(ByRef target As SqlConnection, value As SqlConnection) As SqlConnection' is obsolete: 'Please refactor calling code to use normal Visual Basic assignment'. [L:\New Restauraunt Pos\src\RestaurantPOS14\RestaurantPOS14.vbproj]
L:\New Restauraunt Pos\src\RestaurantPOS14\RestaurantPOS14\My\InternalXmlHelper.vb(128,20): warning BC40000: 'Public Shared Function __Assign(Of XElement)(ByRef target As XElement, value As XElement) As XElement' is obsolete: 'Please refactor calling code to use normal Visual Basic assignment'. [L:\New Restauraunt Pos\src\RestaurantPOS14\RestaurantPOS14.vbproj]
L:\New Restauraunt Pos\src\RestaurantPOS14\RestaurantPOS14\My\InternalXmlHelper.vb(132,20): warning BC40000: 'Public Shared Function __Assign(Of IEnumerable)(ByRef target As IEnumerable, value As IEnumerable) As IEnumerable' is obsolete: 'Please refactor calling code to use normal Visual Basic assignment'. [L:\New Restauraunt Pos\src\RestaurantPOS14\RestaurantPOS14.vbproj]
L:\New Restauraunt Pos\src\RestaurantPOS14\RestaurantPOS14\My\InternalXmlHelper.vb(147,16): warning BC40000: 'Public Shared Function __Assign(Of IEnumerable(Of XElement))(ByRef target As IEnumerable(Of XElement), value As IEnumerable(Of XElement)) As IEnumerable(Of XElement)' is obsolete: 'Please refactor calling code to use normal Visual Basic assignment'. [L:\New Restauraunt Pos\src\RestaurantPOS14\RestaurantPOS14.vbproj]
L:\New Restauraunt Pos\src\RestaurantPOS14\RestaurantPOS14\My\InternalXmlHelper.vb(42,20): warning BC40000: 'Public Shared Function __Assign(Of XElement)(ByRef target As XElement, value As XElement) As XElement' is obsolete: 'Please refactor calling code to use normal Visual Basic assignment'. [L:\New Restauraunt Pos\src\RestaurantPOS14\RestaurantPOS14.vbproj]
L:\New Restauraunt Pos\src\RestaurantPOS14\RestaurantPOS14\ModFunc.vb(121,13): error BC30451: '__' is not declared. It may be inaccessible due to its protection level. [L:\New Restauraunt Pos\src\RestaurantPOS14\RestaurantPOS14.vbproj]
L:\New Restauraunt Pos\src\RestaurantPOS14\RestaurantPOS14\ModFunc.vb(125,13): error BC30451: '__' is not declared. It may be inaccessible due to its protection level. [L:\New Restauraunt Pos\src\RestaurantPOS14\RestaurantPOS14.vbproj]
L:\New Restauraunt Pos\src\RestaurantPOS14\RestaurantPOS14\ModFunc.vb(130,13): error BC30451: '__' is not declared. It may be inaccessible due to its protection level. [L:\New Restauraunt Pos\src\RestaurantPOS14\RestaurantPOS14.vbproj]
L:\New Restauraunt Pos\src\RestaurantPOS14\RestaurantPOS14\frmVoucher.vb(977,76): warning BC40000: 'Public Shared Function __Assign(Of SqlConnection)(ByRef target As SqlConnection, value As SqlConnection) As SqlConnection' is obsolete: 'Please refactor calling code to use normal Visual Basic assignment'. [L:\New Restauraunt Pos\src\RestaurantPOS14\RestaurantPOS14.vbproj]
L:\New Restauraunt Pos\src\RestaurantPOS14\RestaurantPOS14\ModFunc.vb(592,20): warning BC40000: 'Public Shared Function __Assign(Of ReportDocument)(ByRef target As ReportDocument, value As ReportDocument) As ReportDocument' is obsolete: 'Please refactor calling code to use normal Visual Basic assignment'. [L:\New Restauraunt Pos\src\RestaurantPOS14\RestaurantPOS14.vbproj]
L:\New Restauraunt Pos\src\RestaurantPOS14\RestaurantPOS14\ModFunc.vb(600,21): error BC30451: '__' is not declared. It may be inaccessible due to its protection level. [L:\New Restauraunt Pos\src\RestaurantPOS14\RestaurantPOS14.vbproj]
L:\New Restauraunt Pos\src\RestaurantPOS14\RestaurantPOS14\ModFunc.vb(604,21): error BC30451: '__' is not declared. It may be inaccessible due to its protection level. [L:\New Restauraunt Pos\src\RestaurantPOS14\RestaurantPOS14.vbproj]
L:\New Restauraunt Pos\src\RestaurantPOS14\RestaurantPOS14\ModFunc.vb(611,16): warning BC40000: 'Public Shared Function __Assign(Of ReportDocument)(ByRef target As ReportDocument, value As ReportDocument) As ReportDocument' is obsolete: 'Please refactor calling code to use normal Visual Basic assignment'. [L:\New Restauraunt Pos\src\RestaurantPOS14\RestaurantPOS14.vbproj]
L:\New Restauraunt Pos\src\RestaurantPOS14\RestaurantPOS14\ModFunc.vb(612,22): error BC30456: 'FixDocApplyServiceChargeLabel' is not a member of 'ModFunc'. [L:\New Restauraunt Pos\src\RestaurantPOS14\RestaurantPOS14.vbproj]
L:\New Restauraunt Pos\src\RestaurantPOS14\RestaurantPOS14\RPOS_DBDataSet.vb(505,20): error BC30456: 'ActivationRowChangedEvent' is not a member of 'RPOS_DBDataSet.ActivationDataTable'. [L:\New Restauraunt Pos\src\RestaurantPOS14\RestaurantPOS14.vbproj]
L:\New Restauraunt Pos\src\RestaurantPOS14\RestaurantPOS14\RPOS_DBDataSet.vb(506,32): error BC30451: 'ActivationRowChanged' is not declared. It may be inaccessible due to its protection level. [L:\New Restauraunt Pos\src\RestaurantPOS14\RestaurantPOS14.vbproj]
L:\New Restauraunt Pos\src\RestaurantPOS14\RestaurantPOS14\RPOS_DBDataSet.vb(514,20): error BC30456: 'ActivationRowChangingEvent' is not a member of 'RPOS_DBDataSet.ActivationDataTable'. [L:\New Restauraunt Pos\src\RestaurantPOS14\RestaurantPOS14.vbproj]
L:\New Restauraunt Pos\src\RestaurantPOS14\RestaurantPOS14\RPOS_DBDataSet.vb(515,32): error BC30451: 'ActivationRowChanging' is not declared. It may be inaccessible due to its protection level. [L:\New Restauraunt Pos\src\RestaurantPOS14\RestaurantPOS14.vbproj]
L:\New Restauraunt Pos\src\RestaurantPOS14\RestaurantPOS14\RPOS_DBDataSet.vb(523,20): error BC30456: 'ActivationRowDeletedEvent' is not a member of 'RPOS_DBDataSet.ActivationDataTable'. [L:\New Restauraunt Pos\src\RestaurantPOS14\RestaurantPOS14.vbproj]
L:\New Restauraunt Pos\src\RestaurantPOS14\RestaurantPOS14\RPOS_DBDataSet.vb(524,32): error BC30451: 'ActivationRowDeleted' is not declared. It may be inaccessible due to its protection level. [L:\New Restauraunt Pos\src\RestaurantPOS14\RestaurantPOS14.vbproj]
L:\New Restauraunt Pos\src\RestaurantPOS14\RestaurantPOS14\RPOS_DBDataSet.vb(532,20): error BC30456: 'ActivationRowDeletingEvent' is not a member of 'RPOS_DBDataSet.ActivationDataTable'. [L:\New Restauraunt Pos\src\RestaurantPOS14\RestaurantPOS14.vbproj]
L:\New Restauraunt Pos\src\RestaurantPOS14\RestaurantPOS14\RPOS_DBDataSet.vb(533,32): error BC30451: 'ActivationRowDeleting' is not declared. It may be inaccessible due to its protection level. [L:\New Restauraunt Pos\src\RestaurantPOS14\RestaurantPOS14.vbproj]
L:\New Restauraunt Pos\src\RestaurantPOS14\RestaurantPOS14\RPOS_DBDataSet.vb(1807,20): error BC30456: 'CreditCustomerLedgerRowChangedEvent' is not a member of 'RPOS_DBDataSet.CreditCustomerLedgerDataTable'. [L:\New Restauraunt Pos\src\RestaurantPOS14\RestaurantPOS14.vbproj]
L:\New Restauraunt Pos\src\RestaurantPOS14\RestaurantPOS14\RPOS_DBDataSet.vb(1808,32): error BC30451: 'CreditCustomerLedgerRowChanged' is not declared. It may be inaccessible due to its protection level. [L:\New Restauraunt Pos\src\RestaurantPOS14\RestaurantPOS14.vbproj]
L:\New Restauraunt Pos\src\RestaurantPOS14\RestaurantPOS14\RPOS_DBDataSet.vb(1816,20): error BC30456: 'CreditCustomerLedgerRowChangingEvent' is not a member of 'RPOS_DBDataSet.CreditCustomerLedgerDataTable'. [L:\New Restauraunt Pos\src\RestaurantPOS14\RestaurantPOS14.vbproj]
L:\New Restauraunt Pos\src\RestaurantPOS14\RestaurantPOS14\RPOS_DBDataSet.vb(1817,32): error BC30451: 'CreditCustomerLedgerRowChanging' is not declared. It may be inaccessible due to its protection level. [L:\New Restauraunt Pos\src\RestaurantPOS14\RestaurantPOS14.vbproj]
L:\New Restauraunt Pos\src\RestaurantPOS14\RestaurantPOS14\RPOS_DBDataSet.vb(2247,20): error BC30456: 'CreditCustomerPaymentRowChangedEvent' is not a member of 'RPOS_DBDataSet.CreditCustomerPaymentDataTable'. [L:\New Restauraunt Pos\src\RestaurantPOS14\RestaurantPOS14.vbproj]
L:\New Restauraunt Pos\src\RestaurantPOS14\RestaurantPOS14\RPOS_DBDataSet.vb(2248,32): error BC30451: 'CreditCustomerPaymentRowChanged' is not declared. It may be inaccessible due to its protection level. [L:\New Restauraunt Pos\src\RestaurantPOS14\RestaurantPOS14.vbproj]
L:\New Restauraunt Pos\src\RestaurantPOS14\RestaurantPOS14\RPOS_DBDataSet.vb(1825,20): error BC30456: 'CreditCustomerLedgerRowDeletedEvent' is not a member of 'RPOS_DBDataSet.CreditCustomerLedgerDataTable'. [L:\New Restauraunt Pos\src\RestaurantPOS14\RestaurantPOS14.vbproj]
L:\New Restauraunt Pos\src\RestaurantPOS14\RestaurantPOS14\RPOS_DBDataSet.vb(1826,32): error BC30451: 'CreditCustomerLedgerRowDeleted' is not declared. It may be inaccessible due to its protection level. [L:\New Restauraunt Pos\src\RestaurantPOS14\RestaurantPOS14.vbproj]
L:\New Restauraunt Pos\src\RestaurantPOS14\RestaurantPOS14\RPOS_DBDataSet.vb(2256,20): error BC30456: 'CreditCustomerPaymentRowChangingEvent' is not a member of 'RPOS_DBDataSet.CreditCustomerPaymentDataTable'. [L:\New Restauraunt Pos\src\RestaurantPOS14\RestaurantPOS14.vbproj]
L:\New Restauraunt Pos\src\RestaurantPOS14\RestaurantPOS14\RPOS_DBDataSet.vb(2257,32): error BC30451: 'CreditCustomerPaymentRowChanging' is not declared. It may be inaccessible due to its protection level. [L:\New Restauraunt Pos\src\RestaurantPOS14\RestaurantPOS14.vbproj]
L:\New Restauraunt Pos\src\RestaurantPOS14\RestaurantPOS14\RPOS_DBDataSet.vb(1834,20): error BC30456: 'CreditCustomerLedgerRowDeletingEvent' is not a member of 'RPOS_DBDataSet.CreditCustomerLedgerDataTable'. [L:\New Restauraunt Pos\src\RestaurantPOS14\RestaurantPOS14.vbproj]
L:\New Restauraunt Pos\src\RestaurantPOS14\RestaurantPOS14\RPOS_DBDataSet.vb(1835,32): error BC30451: 'CreditCustomerLedgerRowDeleting' is not declared. It may be inaccessible due to its protection level. [L:\New Restauraunt Pos\src\RestaurantPOS14\RestaurantPOS14.vbproj]
L:\New Restauraunt Pos\src\RestaurantPOS14\RestaurantPOS14\RPOS_DBDataSet.vb(2265,20): error BC30456: 'CreditCustomerPaymentRowDeletedEvent' is not a member of 'RPOS_DBDataSet.CreditCustomerPaymentDataTable'. [L:\New Restauraunt Pos\src\RestaurantPOS14\RestaurantPOS14.vbproj]
L:\New Restauraunt Pos\src\RestaurantPOS14\RestaurantPOS14\RPOS_DBDataSet.vb(2266,32): error BC30451: 'CreditCustomerPaymentRowDeleted' is not declared. It may be inaccessible due to its protection level. [L:\New Restauraunt Pos\src\RestaurantPOS14\RestaurantPOS14.vbproj]
L:\New Restauraunt Pos\src\RestaurantPOS14\RestaurantPOS14\RPOS_DBDataSet.vb(2274,20): error BC30456: 'CreditCustomerPaymentRowDeletingEvent' is not a member of 'RPOS_DBDataSet.CreditCustomerPaymentDataTable'. [L:\New Restauraunt Pos\src\RestaurantPOS14\RestaurantPOS14.vbproj]
L:\New Restauraunt Pos\src\RestaurantPOS14\RestaurantPOS14\RPOS_DBDataSet.vb(2275,32): error BC30451: 'CreditCustomerPaymentRowDeleting' is not declared. It may be inaccessible due to its protection level. [L:\New Restauraunt Pos\src\RestaurantPOS14\RestaurantPOS14.vbproj]
L:\New Restauraunt Pos\src\RestaurantPOS14\RestaurantPOS14\RPOS_DBDataSet.vb(3062,20): error BC30456: 'DishRowChangedEvent' is not a member of 'RPOS_DBDataSet.DishDataTable'. [L:\New Restauraunt Pos\src\RestaurantPOS14\RestaurantPOS14.vbproj]
L:\New Restauraunt Pos\src\RestaurantPOS14\RestaurantPOS14\RPOS_DBDataSet.vb(3063,32): error BC30451: 'DishRowChanged' is not declared. It may be inaccessible due to its protection level. [L:\New Restauraunt Pos\src\RestaurantPOS14\RestaurantPOS14.vbproj]
L:\New Restauraunt Pos\src\RestaurantPOS14\RestaurantPOS14\RPOS_DBDataSet.vb(3071,20): error BC30456: 'DishRowChangingEvent' is not a member of 'RPOS_DBDataSet.DishDataTable'. [L:\New Restauraunt Pos\src\RestaurantPOS14\RestaurantPOS14.vbproj]
L:\New Restauraunt Pos\src\RestaurantPOS14\RestaurantPOS14\RPOS_DBDataSet.vb(3072,32): error BC30451: 'DishRowChanging' is not declared. It may be inaccessible due to its protection level. [L:\New Restauraunt Pos\src\RestaurantPOS14\RestaurantPOS14.vbproj]
L:\New Restauraunt Pos\src\RestaurantPOS14\RestaurantPOS14\RPOS_DBDataSet.vb(3080,20): error BC30456: 'DishRowDeletedEvent' is not a member of 'RPOS_DBDataSet.DishDataTable'. [L:\New Restauraunt Pos\src\RestaurantPOS14\RestaurantPOS14.vbproj]
L:\New Restauraunt Pos\src\RestaurantPOS14\RestaurantPOS14\RPOS_DBDataSet.vb(3081,32): error BC30451: 'DishRowDeleted' is not declared. It may be inaccessible due to its protection level. [L:\New Restauraunt Pos\src\RestaurantPOS14\RestaurantPOS14.vbproj]
L:\New Restauraunt Pos\src\RestaurantPOS14\RestaurantPOS14\RPOS_DBDataSet.vb(3089,20): error BC30456: 'DishRowDeletingEvent' is not a member of 'RPOS_DBDataSet.DishDataTable'. [L:\New Restauraunt Pos\src\RestaurantPOS14\RestaurantPOS14.vbproj]
L:\New Restauraunt Pos\src\RestaurantPOS14\RestaurantPOS14\RPOS_DBDataSet.vb(3090,32): error BC30451: 'DishRowDeleting' is not declared. It may be inaccessible due to its protection level. [L:\New Restauraunt Pos\src\RestaurantPOS14\RestaurantPOS14.vbproj]
L:\New Restauraunt Pos\src\RestaurantPOS14\RestaurantPOS14\RPOS_DBDataSet.vb(932,20): error BC30456: 'CategoryRowChangedEvent' is not a member of 'RPOS_DBDataSet.CategoryDataTable'. [L:\New Restauraunt Pos\src\RestaurantPOS14\RestaurantPOS14.vbproj]
L:\New Restauraunt Pos\src\RestaurantPOS14\RestaurantPOS14\RPOS_DBDataSet.vb(933,32): error BC30451: 'CategoryRowChanged' is not declared. It may be inaccessible due to its protection level. [L:\New Restauraunt Pos\src\RestaurantPOS14\RestaurantPOS14.vbproj]
L:\New Restauraunt Pos\src\RestaurantPOS14\RestaurantPOS14\RPOS_DBDataSet.vb(941,20): error BC30456: 'CategoryRowChangingEvent' is not a member of 'RPOS_DBDataSet.CategoryDataTable'. [L:\New Restauraunt Pos\src\RestaurantPOS14\RestaurantPOS14.vbproj]
L:\New Restauraunt Pos\src\RestaurantPOS14\RestaurantPOS14\RPOS_DBDataSet.vb(942,32): error BC30451: 'CategoryRowChanging' is not declared. It may be inaccessible due to its protection level. [L:\New Restauraunt Pos\src\RestaurantPOS14\RestaurantPOS14.vbproj]
L:\New Restauraunt Pos\src\RestaurantPOS14\RestaurantPOS14\RPOS_DBDataSet.vb(950,20): error BC30456: 'CategoryRowDeletedEvent' is not a member of 'RPOS_DBDataSet.CategoryDataTable'. [L:\New Restauraunt Pos\src\RestaurantPOS14\RestaurantPOS14.vbproj]
L:\New Restauraunt Pos\src\RestaurantPOS14\RestaurantPOS14\RPOS_DBDataSet.vb(951,32): error BC30451: 'CategoryRowDeleted' is not declared. It may be inaccessible due to its protection level. [L:\New Restauraunt Pos\src\RestaurantPOS14\RestaurantPOS14.vbproj]
L:\New Restauraunt Pos\src\RestaurantPOS14\RestaurantPOS14\RPOS_DBDataSet.vb(959,20): error BC30456: 'CategoryRowDeletingEvent' is not a member of 'RPOS_DBDataSet.CategoryDataTable'. [L:\New Restauraunt Pos\src\RestaurantPOS14\RestaurantPOS14.vbproj]
L:\New Restauraunt Pos\src\RestaurantPOS14\RestaurantPOS14\RPOS_DBDataSet.vb(960,32): error BC30451: 'CategoryRowDeleting' is not declared. It may be inaccessible due to its protection level. [L:\New Restauraunt Pos\src\RestaurantPOS14\RestaurantPOS14.vbproj]
L:\New Restauraunt Pos\src\RestaurantPOS14\RestaurantPOS14\RPOS_DBDataSet.vb(3523,20): error BC30456: 'EmailSettingRowChangedEvent' is not a member of 'RPOS_DBDataSet.EmailSettingDataTable'. [L:\New Restauraunt Pos\src\RestaurantPOS14\RestaurantPOS14.vbproj]
L:\New Restauraunt Pos\src\RestaurantPOS14\RestaurantPOS14\RPOS_DBDataSet.vb(3524,32): error BC30451: 'EmailSettingRowChanged' is not declared. It may be inaccessible due to its protection level. [L:\New Restauraunt Pos\src\RestaurantPOS14\RestaurantPOS14.vbproj]
L:\New Restauraunt Pos\src\RestaurantPOS14\RestaurantPOS14\RPOS_DBDataSet.vb(3532,20): error BC30456: 'EmailSettingRowChangingEvent' is not a member of 'RPOS_DBDataSet.EmailSettingDataTable'. [L:\New Restauraunt Pos\src\RestaurantPOS14\RestaurantPOS14.vbproj]
L:\New Restauraunt Pos\src\RestaurantPOS14\RestaurantPOS14\RPOS_DBDataSet.vb(3533,32): error BC30451: 'EmailSettingRowChanging' is not declared. It may be inaccessible due to its protection level. [L:\New Restauraunt Pos\src\RestaurantPOS14\RestaurantPOS14.vbproj]
L:\New Restauraunt Pos\src\RestaurantPOS14\RestaurantPOS14\RPOS_DBDataSet.vb(3541,20): error BC30456: 'EmailSettingRowDeletedEvent' is not a member of 'RPOS_DBDataSet.EmailSettingDataTable'. [L:\New Restauraunt Pos\src\RestaurantPOS14\RestaurantPOS14.vbproj]
L:\New Restauraunt Pos\src\RestaurantPOS14\RestaurantPOS14\RPOS_DBDataSet.vb(3542,32): error BC30451: 'EmailSettingRowDeleted' is not declared. It may be inaccessible due to its protection level. [L:\New Restauraunt Pos\src\RestaurantPOS14\RestaurantPOS14.vbproj]
L:\New Restauraunt Pos\src\RestaurantPOS14\RestaurantPOS14\RPOS_DBDataSet.vb(3550,20): error BC30456: 'EmailSettingRowDeletingEvent' is not a member of 'RPOS_DBDataSet.EmailSettingDataTable'. [L:\New Restauraunt Pos\src\RestaurantPOS14\RestaurantPOS14.vbproj]
L:\New Restauraunt Pos\src\RestaurantPOS14\RestaurantPOS14\RPOS_DBDataSet.vb(3551,32): error BC30451: 'EmailSettingRowDeleting' is not declared. It may be inaccessible due to its protection level. [L:\New Restauraunt Pos\src\RestaurantPOS14\RestaurantPOS14.vbproj]
L:\New Restauraunt Pos\src\RestaurantPOS14\RestaurantPOS14\RPOS_DBDataSet.vb(3990,20): error BC30456: 'EmployeeRegistrationRowChangedEvent' is not a member of 'RPOS_DBDataSet.EmployeeRegistrationDataTable'. [L:\New Restauraunt Pos\src\RestaurantPOS14\RestaurantPOS14.vbproj]
L:\New Restauraunt Pos\src\RestaurantPOS14\RestaurantPOS14\RPOS_DBDataSet.vb(3991,32): error BC30451: 'EmployeeRegistrationRowChanged' is not declared. It may be inaccessible due to its protection level. [L:\New Restauraunt Pos\src\RestaurantPOS14\RestaurantPOS14.vbproj]
L:\New Restauraunt Pos\src\RestaurantPOS14\RestaurantPOS14\RPOS_DBDataSet.vb(3999,20): error BC30456: 'EmployeeRegistrationRowChangingEvent' is not a member of 'RPOS_DBDataSet.EmployeeRegistrationDataTable'. [L:\New Restauraunt Pos\src\RestaurantPOS14\RestaurantPOS14.vbproj]
L:\New Restauraunt Pos\src\RestaurantPOS14\RestaurantPOS14\RPOS_DBDataSet.vb(4000,32): error BC30451: 'EmployeeRegistrationRowChanging' is not declared. It may be inaccessible due to its protection level. [L:\New Restauraunt Pos\src\RestaurantPOS14\RestaurantPOS14.vbproj]
L:\New Restauraunt Pos\src\RestaurantPOS14\RestaurantPOS14\RPOS_DBDataSet.vb(4008,20): error BC30456: 'EmployeeRegistrationRowDeletedEvent' is not a member of 'RPOS_DBDataSet.EmployeeRegistrationDataTable'. [L:\New Restauraunt Pos\src\RestaurantPOS14\RestaurantPOS14.vbproj]
L:\New Restauraunt Pos\src\RestaurantPOS14\RestaurantPOS14\RPOS_DBDataSet.vb(4009,32): error BC30451: 'EmployeeRegistrationRowDeleted' is not declared. It may be inaccessible due to its protection level. [L:\New Restauraunt Pos\src\RestaurantPOS14\RestaurantPOS14.vbproj]
L:\New Restauraunt Pos\src\RestaurantPOS14\RestaurantPOS14\RPOS_DBDataSet.vb(4017,20): error BC30456: 'EmployeeRegistrationRowDeletingEvent' is not a member of 'RPOS_DBDataSet.EmployeeRegistrationDataTable'. [L:\New Restauraunt Pos\src\RestaurantPOS14\RestaurantPOS14.vbproj]
L:\New Restauraunt Pos\src\RestaurantPOS14\RestaurantPOS14\RPOS_DBDataSet.vb(4018,32): error BC30451: 'EmployeeRegistrationRowDeleting' is not declared. It may be inaccessible due to its protection level. [L:\New Restauraunt Pos\src\RestaurantPOS14\RestaurantPOS14.vbproj]
L:\New Restauraunt Pos\src\RestaurantPOS14\RestaurantPOS14\RPOS_DBDataSet.vb(4348,20): error BC30456: 'ExpenseRowChangedEvent' is not a member of 'RPOS_DBDataSet.ExpenseDataTable'. [L:\New Restauraunt Pos\src\RestaurantPOS14\RestaurantPOS14.vbproj]
L:\New Restauraunt Pos\src\RestaurantPOS14\RestaurantPOS14\RPOS_DBDataSet.vb(4349,32): error BC30451: 'ExpenseRowChanged' is not declared. It may be inaccessible due to its protection level. [L:\New Restauraunt Pos\src\RestaurantPOS14\RestaurantPOS14.vbproj]
L:\New Restauraunt Pos\src\RestaurantPOS14\RestaurantPOS14\RPOS_DBDataSet.vb(4357,20): error BC30456: 'ExpenseRowChangingEvent' is not a member of 'RPOS_DBDataSet.ExpenseDataTable'. [L:\New Restauraunt Pos\src\RestaurantPOS14\RestaurantPOS14.vbproj]
L:\New Restauraunt Pos\src\RestaurantPOS14\RestaurantPOS14\RPOS_DBDataSet.vb(4358,32): error BC30451: 'ExpenseRowChanging' is not declared. It may be inaccessible due to its protection level. [L:\New Restauraunt Pos\src\RestaurantPOS14\RestaurantPOS14.vbproj]
L:\New Restauraunt Pos\src\RestaurantPOS14\RestaurantPOS14\RPOS_DBDataSet.vb(4366,20): error BC30456: 'ExpenseRowDeletedEvent' is not a member of 'RPOS_DBDataSet.ExpenseDataTable'. [L:\New Restauraunt Pos\src\RestaurantPOS14\RestaurantPOS14.vbproj]
L:\New Restauraunt Pos\src\RestaurantPOS14\RestaurantPOS14\RPOS_DBDataSet.vb(4367,32): error BC30451: 'ExpenseRowDeleted' is not declared. It may be inaccessible due to its protection level. [L:\New Restauraunt Pos\src\RestaurantPOS14\RestaurantPOS14.vbproj]
L:\New Restauraunt Pos\src\RestaurantPOS14\RestaurantPOS14\RPOS_DBDataSet.vb(4375,20): error BC30456: 'ExpenseRowDeletingEvent' is not a member of 'RPOS_DBDataSet.ExpenseDataTable'. [L:\New Restauraunt Pos\src\RestaurantPOS14\RestaurantPOS14.vbproj]
L:\New Restauraunt Pos\src\RestaurantPOS14\RestaurantPOS14\RPOS_DBDataSet.vb(4376,32): error BC30451: 'ExpenseRowDeleting' is not declared. It may be inaccessible due to its protection level. [L:\New Restauraunt Pos\src\RestaurantPOS14\RestaurantPOS14.vbproj]
L:\New Restauraunt Pos\src\RestaurantPOS14\RestaurantPOS14\RPOS_DBDataSet.vb(2615,20): error BC30456: 'CurrencyRowChangedEvent' is not a member of 'RPOS_DBDataSet.CurrencyDataTable'. [L:\New Restauraunt Pos\src\RestaurantPOS14\RestaurantPOS14.vbproj]
L:\New Restauraunt Pos\src\RestaurantPOS14\RestaurantPOS14\RPOS_DBDataSet.vb(2616,32): error BC30451: 'CurrencyRowChanged' is not declared. It may be inaccessible due to its protection level. [L:\New Restauraunt Pos\src\RestaurantPOS14\RestaurantPOS14.vbproj]
L:\New Restauraunt Pos\src\RestaurantPOS14\RestaurantPOS14\RPOS_DBDataSet.vb(2624,20): error BC30456: 'CurrencyRowChangingEvent' is not a member of 'RPOS_DBDataSet.CurrencyDataTable'. [L:\New Restauraunt Pos\src\RestaurantPOS14\RestaurantPOS14.vbproj]
L:\New Restauraunt Pos\src\RestaurantPOS14\RestaurantPOS14\RPOS_DBDataSet.vb(2625,32): error BC30451: 'CurrencyRowChanging' is not declared. It may be inaccessible due to its protection level. [L:\New Restauraunt Pos\src\RestaurantPOS14\RestaurantPOS14.vbproj]
L:\New Restauraunt Pos\src\RestaurantPOS14\RestaurantPOS14\RPOS_DBDataSet.vb(2633,20): error BC30456: 'CurrencyRowDeletedEvent' is not a member of 'RPOS_DBDataSet.CurrencyDataTable'. [L:\New Restauraunt Pos\src\RestaurantPOS14\RestaurantPOS14.vbproj]
L:\New Restauraunt Pos\src\RestaurantPOS14\RestaurantPOS14\RPOS_DBDataSet.vb(2634,32): error BC30451: 'CurrencyRowDeleted' is not declared. It may be inaccessible due to its protection level. [L:\New Restauraunt Pos\src\RestaurantPOS14\RestaurantPOS14.vbproj]
L:\New Restauraunt Pos\src\RestaurantPOS14\RestaurantPOS14\RPOS_DBDataSet.vb(2642,20): error BC30456: 'CurrencyRowDeletingEvent' is not a member of 'RPOS_DBDataSet.CurrencyDataTable'. [L:\New Restauraunt Pos\src\RestaurantPOS14\RestaurantPOS14.vbproj]
L:\New Restauraunt Pos\src\RestaurantPOS14\RestaurantPOS14\RPOS_DBDataSet.vb(2643,32): error BC30451: 'CurrencyRowDeleting' is not declared. It may be inaccessible due to its protection level. [L:\New Restauraunt Pos\src\RestaurantPOS14\RestaurantPOS14.vbproj]
L:\New Restauraunt Pos\src\RestaurantPOS14\RestaurantPOS14\RPOS_DBDataSet.vb(1378,20): error BC30456: 'CreditCustomerRowChangedEvent' is not a member of 'RPOS_DBDataSet.CreditCustomerDataTable'. [L:\New Restauraunt Pos\src\RestaurantPOS14\RestaurantPOS14.vbproj]
L:\New Restauraunt Pos\src\RestaurantPOS14\RestaurantPOS14\RPOS_DBDataSet.vb(1379,32): error BC30451: 'CreditCustomerRowChanged' is not declared. It may be inaccessible due to its protection level. [L:\New Restauraunt Pos\src\RestaurantPOS14\RestaurantPOS14.vbproj]
L:\New Restauraunt Pos\src\RestaurantPOS14\RestaurantPOS14\RPOS_DBDataSet.vb(1387,20): error BC30456: 'CreditCustomerRowChangingEvent' is not a member of 'RPOS_DBDataSet.CreditCustomerDataTable'. [L:\New Restauraunt Pos\src\RestaurantPOS14\RestaurantPOS14.vbproj]
L:\New Restauraunt Pos\src\RestaurantPOS14\RestaurantPOS14\RPOS_DBDataSet.vb(1388,32): error BC30451: 'CreditCustomerRowChanging' is not declared. It may be inaccessible due to its protection level. [L:\New Restauraunt Pos\src\RestaurantPOS14\RestaurantPOS14.vbproj]
L:\New Restauraunt Pos\src\RestaurantPOS14\RestaurantPOS14\RPOS_DBDataSet.vb(1396,20): error BC30456: 'CreditCustomerRowDeletedEvent' is not a member of 'RPOS_DBDataSet.CreditCustomerDataTable'. [L:\New Restauraunt Pos\src\RestaurantPOS14\RestaurantPOS14.vbproj]
L:\New Restauraunt Pos\src\RestaurantPOS14\RestaurantPOS14\RPOS_DBDataSet.vb(1397,32): error BC30451: 'CreditCustomerRowDeleted' is not declared. It may be inaccessible due to its protection level. [L:\New Restauraunt Pos\src\RestaurantPOS14\RestaurantPOS14.vbproj]
L:\New Restauraunt Pos\src\RestaurantPOS14\RestaurantPOS14\RPOS_DBDataSet.vb(1405,20): error BC30456: 'CreditCustomerRowDeletingEvent' is not a member of 'RPOS_DBDataSet.CreditCustomerDataTable'. [L:\New Restauraunt Pos\src\RestaurantPOS14\RestaurantPOS14.vbproj]
L:\New Restauraunt Pos\src\RestaurantPOS14\RestaurantPOS14\RPOS_DBDataSet.vb(1406,32): error BC30451: 'CreditCustomerRowDeleting' is not declared. It may be inaccessible due to its protection level. [L:\New Restauraunt Pos\src\RestaurantPOS14\RestaurantPOS14.vbproj]
L:\New Restauraunt Pos\src\RestaurantPOS14\RestaurantPOS14\RPOS_DBDataSet1.vb(607,20): error BC30456: 'ActivationRowChangedEvent' is not a member of 'RPOS_DBDataSet1.ActivationDataTable'. [L:\New Restauraunt Pos\src\RestaurantPOS14\RestaurantPOS14.vbproj]
L:\New Restauraunt Pos\src\RestaurantPOS14\RestaurantPOS14\RPOS_DBDataSet1.vb(608,32): error BC30451: 'ActivationRowChanged' is not declared. It may be inaccessible due to its protection level. [L:\New Restauraunt Pos\src\RestaurantPOS14\RestaurantPOS14.vbproj]
L:\New Restauraunt Pos\src\RestaurantPOS14\RestaurantPOS14\RPOS_DBDataSet1.vb(616,20): error BC30456: 'ActivationRowChangingEvent' is not a member of 'RPOS_DBDataSet1.ActivationDataTable'. [L:\New Restauraunt Pos\src\RestaurantPOS14\RestaurantPOS14.vbproj]
L:\New Restauraunt Pos\src\RestaurantPOS14\RestaurantPOS14\RPOS_DBDataSet1.vb(617,32): error BC30451: 'ActivationRowChanging' is not declared. It may be inaccessible due to its protection level. [L:\New Restauraunt Pos\src\RestaurantPOS14\RestaurantPOS14.vbproj]
L:\New Restauraunt Pos\src\RestaurantPOS14\RestaurantPOS14\RPOS_DBDataSet1.vb(625,20): error BC30456: 'ActivationRowDeletedEvent' is not a member of 'RPOS_DBDataSet1.ActivationDataTable'. [L:\New Restauraunt Pos\src\RestaurantPOS14\RestaurantPOS14.vbproj]
L:\New Restauraunt Pos\src\RestaurantPOS14\RestaurantPOS14\RPOS_DBDataSet1.vb(626,32): error BC30451: 'ActivationRowDeleted' is not declared. It may be inaccessible due to its protection level. [L:\New Restauraunt Pos\src\RestaurantPOS14\RestaurantPOS14.vbproj]
L:\New Restauraunt Pos\src\RestaurantPOS14\RestaurantPOS14\RPOS_DBDataSet1.vb(634,20): error BC30456: 'ActivationRowDeletingEvent' is not a member of 'RPOS_DBDataSet1.ActivationDataTable'. [L:\New Restauraunt Pos\src\RestaurantPOS14\RestaurantPOS14.vbproj]
L:\New Restauraunt Pos\src\RestaurantPOS14\RestaurantPOS14\RPOS_DBDataSet1.vb(635,32): error BC30451: 'ActivationRowDeleting' is not declared. It may be inaccessible due to its protection level. [L:\New Restauraunt Pos\src\RestaurantPOS14\RestaurantPOS14.vbproj]
L:\New Restauraunt Pos\src\RestaurantPOS14\RestaurantPOS14\RPOS_DBDataSet1.vb(932,20): error BC30456: 'BankRowChangedEvent' is not a member of 'RPOS_DBDataSet1.BankDataTable'. [L:\New Restauraunt Pos\src\RestaurantPOS14\RestaurantPOS14.vbproj]
L:\New Restauraunt Pos\src\RestaurantPOS14\RestaurantPOS14\RPOS_DBDataSet1.vb(933,32): error BC30451: 'BankRowChanged' is not declared. It may be inaccessible due to its protection level. [L:\New Restauraunt Pos\src\RestaurantPOS14\RestaurantPOS14.vbproj]
L:\New Restauraunt Pos\src\RestaurantPOS14\RestaurantPOS14\RPOS_DBDataSet1.vb(941,20): error BC30456: 'BankRowChangingEvent' is not a member of 'RPOS_DBDataSet1.BankDataTable'. [L:\New Restauraunt Pos\src\RestaurantPOS14\RestaurantPOS14.vbproj]
L:\New Restauraunt Pos\src\RestaurantPOS14\RestaurantPOS14\RPOS_DBDataSet1.vb(942,32): error BC30451: 'BankRowChanging' is not declared. It may be inaccessible due to its protection level. [L:\New Restauraunt Pos\src\RestaurantPOS14\RestaurantPOS14.vbproj]
L:\New Restauraunt Pos\src\RestaurantPOS14\RestaurantPOS14\RPOS_DBDataSet1.vb(950,20): error BC30456: 'BankRowDeletedEvent' is not a member of 'RPOS_DBDataSet1.BankDataTable'. [L:\New Restauraunt Pos\src\RestaurantPOS14\RestaurantPOS14.vbproj]
L:\New Restauraunt Pos\src\RestaurantPOS14\RestaurantPOS14\RPOS_DBDataSet1.vb(951,32): error BC30451: 'BankRowDeleted' is not declared. It may be inaccessible due to its protection level. [L:\New Restauraunt Pos\src\RestaurantPOS14\RestaurantPOS14.vbproj]
L:\New Restauraunt Pos\src\RestaurantPOS14\RestaurantPOS14\RPOS_DBDataSet1.vb(959,20): error BC30456: 'BankRowDeletingEvent' is not a member of 'RPOS_DBDataSet1.BankDataTable'. [L:\New Restauraunt Pos\src\RestaurantPOS14\RestaurantPOS14.vbproj]
L:\New Restauraunt Pos\src\RestaurantPOS14\RestaurantPOS14\RPOS_DBDataSet1.vb(960,32): error BC30451: 'BankRowDeleting' is not declared. It may be inaccessible due to its protection level. [L:\New Restauraunt Pos\src\RestaurantPOS14\RestaurantPOS14.vbproj]
L:\New Restauraunt Pos\src\RestaurantPOS14\RestaurantPOS14\RPOS_DBDataSet1.vb(1351,20): error BC30456: 'BankAccountLedgerRowChangedEvent' is not a member of 'RPOS_DBDataSet1.BankAccountLedgerDataTable'. [L:\New Restauraunt Pos\src\RestaurantPOS14\RestaurantPOS14.vbproj]
L:\New Restauraunt Pos\src\RestaurantPOS14\RestaurantPOS14\RPOS_DBDataSet1.vb(1352,32): error BC30451: 'BankAccountLedgerRowChanged' is not declared. It may be inaccessible due to its protection level. [L:\New Restauraunt Pos\src\RestaurantPOS14\RestaurantPOS14.vbproj]
L:\New Restauraunt Pos\src\RestaurantPOS14\RestaurantPOS14\RPOS_DBDataSet1.vb(1360,20): error BC30456: 'BankAccountLedgerRowChangingEvent' is not a member of 'RPOS_DBDataSet1.BankAccountLedgerDataTable'. [L:\New Restauraunt Pos\src\RestaurantPOS14\RestaurantPOS14.vbproj]
L:\New Restauraunt Pos\src\RestaurantPOS14\RestaurantPOS14\RPOS_DBDataSet1.vb(1361,32): error BC30451: 'BankAccountLedgerRowChanging' is not declared. It may be inaccessible due to its protection level. [L:\New Restauraunt Pos\src\RestaurantPOS14\RestaurantPOS14.vbproj]
L:\New Restauraunt Pos\src\RestaurantPOS14\RestaurantPOS14\RPOS_DBDataSet1.vb(1369,20): error BC30456: 'BankAccountLedgerRowDeletedEvent' is not a member of 'RPOS_DBDataSet1.BankAccountLedgerDataTable'. [L:\New Restauraunt Pos\src\RestaurantPOS14\RestaurantPOS14.vbproj]
L:\New Restauraunt Pos\src\RestaurantPOS14\RestaurantPOS14\RPOS_DBDataSet1.vb(1370,32): error BC30451: 'BankAccountLedgerRowDeleted' is not declared. It may be inaccessible due to its protection level. [L:\New Restauraunt Pos\src\RestaurantPOS14\RestaurantPOS14.vbproj]
L:\New Restauraunt Pos\src\RestaurantPOS14\RestaurantPOS14\RPOS_DBDataSet1.vb(1378,20): error BC30456: 'BankAccountLedgerRowDeletingEvent' is not a member of 'RPOS_DBDataSet1.BankAccountLedgerDataTable'. [L:\New Restauraunt Pos\src\RestaurantPOS14\RestaurantPOS14.vbproj]
L:\New Restauraunt Pos\src\RestaurantPOS14\RestaurantPOS14\RPOS_DBDataSet1.vb(1379,32): error BC30451: 'BankAccountLedgerRowDeleting' is not declared. It may be inaccessible due to its protection level. [L:\New Restauraunt Pos\src\RestaurantPOS14\RestaurantPOS14.vbproj]
L:\New Restauraunt Pos\src\RestaurantPOS14\RestaurantPOS14\RPOS_DBDataSet1.vb(1774,20): error BC30456: 'BankAccountRegistrationRowChangedEvent' is not a member of 'RPOS_DBDataSet1.BankAccountRegistrationDataTable'. [L:\New Restauraunt Pos\src\RestaurantPOS14\RestaurantPOS14.vbproj]
L:\New Restauraunt Pos\src\RestaurantPOS14\RestaurantPOS14\RPOS_DBDataSet1.vb(1775,32): error BC30451: 'BankAccountRegistrationRowChanged' is not declared. It may be inaccessible due to its protection level. [L:\New Restauraunt Pos\src\RestaurantPOS14\RestaurantPOS14.vbproj]
L:\New Restauraunt Pos\src\RestaurantPOS14\RestaurantPOS14\RPOS_DBDataSet1.vb(1783,20): error BC30456: 'BankAccountRegistrationRowChangingEvent' is not a member of 'RPOS_DBDataSet1.BankAccountRegistrationDataTable'. [L:\New Restauraunt Pos\src\RestaurantPOS14\RestaurantPOS14.vbproj]
L:\New Restauraunt Pos\src\RestaurantPOS14\RestaurantPOS14\RPOS_DBDataSet1.vb(1784,32): error BC30451: 'BankAccountRegistrationRowChanging' is not declared. It may be inaccessible due to its protection level. [L:\New Restauraunt Pos\src\RestaurantPOS14\RestaurantPOS14.vbproj]
L:\New Restauraunt Pos\src\RestaurantPOS14\RestaurantPOS14\RPOS_DBDataSet1.vb(1792,20): error BC30456: 'BankAccountRegistrationRowDeletedEvent' is not a member of 'RPOS_DBDataSet1.BankAccountRegistrationDataTable'. [L:\New Restauraunt Pos\src\RestaurantPOS14\RestaurantPOS14.vbproj]
L:\New Restauraunt Pos\src\RestaurantPOS14\RestaurantPOS14\RPOS_DBDataSet1.vb(1793,32): error BC30451: 'BankAccountRegistrationRowDeleted' is not declared. It may be inaccessible due to its protection level. [L:\New Restauraunt Pos\src\RestaurantPOS14\RestaurantPOS14.vbproj]
L:\New Restauraunt Pos\src\RestaurantPOS14\RestaurantPOS14\RPOS_DBDataSet1.vb(1801,20): error BC30456: 'BankAccountRegistrationRowDeletingEvent' is not a member of 'RPOS_DBDataSet1.BankAccountRegistrationDataTable'. [L:\New Restauraunt Pos\src\RestaurantPOS14\RestaurantPOS14.vbproj]
L:\New Restauraunt Pos\src\RestaurantPOS14\RestaurantPOS14\RPOS_DBDataSet1.vb(1802,32): error BC30451: 'BankAccountRegistrationRowDeleting' is not declared. It may be inaccessible due to its protection level. [L:\New Restauraunt Pos\src\RestaurantPOS14\RestaurantPOS14.vbproj]
L:\New Restauraunt Pos\src\RestaurantPOS14\RestaurantPOS14\RPOS_DBDataSet1.vb(2965,20): error BC30456: 'ClockINRowChangedEvent' is not a member of 'RPOS_DBDataSet1.ClockINDataTable'. [L:\New Restauraunt Pos\src\RestaurantPOS14\RestaurantPOS14.vbproj]
L:\New Restauraunt Pos\src\RestaurantPOS14\RestaurantPOS14\RPOS_DBDataSet1.vb(2966,32): error BC30451: 'ClockINRowChanged' is not declared. It may be inaccessible due to its protection level. [L:\New Restauraunt Pos\src\RestaurantPOS14\RestaurantPOS14.vbproj]
L:\New Restauraunt Pos\src\RestaurantPOS14\RestaurantPOS14\RPOS_DBDataSet1.vb(2974,20): error BC30456: 'ClockINRowChangingEvent' is not a member of 'RPOS_DBDataSet1.ClockINDataTable'. [L:\New Restauraunt Pos\src\RestaurantPOS14\RestaurantPOS14.vbproj]
L:\New Restauraunt Pos\src\RestaurantPOS14\RestaurantPOS14\RPOS_DBDataSet1.vb(2975,32): error BC30451: 'ClockINRowChanging' is not declared. It may be inaccessible due to its protection level. [L:\New Restauraunt Pos\src\RestaurantPOS14\RestaurantPOS14.vbproj]
L:\New Restauraunt Pos\src\RestaurantPOS14\RestaurantPOS14\RPOS_DBDataSet1.vb(2983,20): error BC30456: 'ClockINRowDeletedEvent' is not a member of 'RPOS_DBDataSet1.ClockINDataTable'. [L:\New Restauraunt Pos\src\RestaurantPOS14\RestaurantPOS14.vbproj]
L:\New Restauraunt Pos\src\RestaurantPOS14\RestaurantPOS14\RPOS_DBDataSet1.vb(2984,32): error BC30451: 'ClockINRowDeleted' is not declared. It may be inaccessible due to its protection level. [L:\New Restauraunt Pos\src\RestaurantPOS14\RestaurantPOS14.vbproj]
L:\New Restauraunt Pos\src\RestaurantPOS14\RestaurantPOS14\RPOS_DBDataSet1.vb(2992,20): error BC30456: 'ClockINRowDeletingEvent' is not a member of 'RPOS_DBDataSet1.ClockINDataTable'. [L:\New Restauraunt Pos\src\RestaurantPOS14\RestaurantPOS14.vbproj]
L:\New Restauraunt Pos\src\RestaurantPOS14\RestaurantPOS14\RPOS_DBDataSet1.vb(2993,32): error BC30451: 'ClockINRowDeleting' is not declared. It may be inaccessible due to its protection level. [L:\New Restauraunt Pos\src\RestaurantPOS14\RestaurantPOS14.vbproj]
L:\New Restauraunt Pos\src\RestaurantPOS14\RestaurantPOS14\RPOS_DBDataSet1.vb(3323,20): error BC30456: 'ClockOUTRowChangedEvent' is not a member of 'RPOS_DBDataSet1.ClockOUTDataTable'. [L:\New Restauraunt Pos\src\RestaurantPOS14\RestaurantPOS14.vbproj]
L:\New Restauraunt Pos\src\RestaurantPOS14\RestaurantPOS14\RPOS_DBDataSet1.vb(3324,32): error BC30451: 'ClockOUTRowChanged' is not declared. It may be inaccessible due to its protection level. [L:\New Restauraunt Pos\src\RestaurantPOS14\RestaurantPOS14.vbproj]
L:\New Restauraunt Pos\src\RestaurantPOS14\RestaurantPOS14\RPOS_DBDataSet1.vb(3332,20): error BC30456: 'ClockOUTRowChangingEvent' is not a member of 'RPOS_DBDataSet1.ClockOUTDataTable'. [L:\New Restauraunt Pos\src\RestaurantPOS14\RestaurantPOS14.vbproj]
L:\New Restauraunt Pos\src\RestaurantPOS14\RestaurantPOS14\RPOS_DBDataSet1.vb(3333,32): error BC30451: 'ClockOUTRowChanging' is not declared. It may be inaccessible due to its protection level. [L:\New Restauraunt Pos\src\RestaurantPOS14\RestaurantPOS14.vbproj]
L:\New Restauraunt Pos\src\RestaurantPOS14\RestaurantPOS14\RPOS_DBDataSet1.vb(3341,20): error BC30456: 'ClockOUTRowDeletedEvent' is not a member of 'RPOS_DBDataSet1.ClockOUTDataTable'. [L:\New Restauraunt Pos\src\RestaurantPOS14\RestaurantPOS14.vbproj]
L:\New Restauraunt Pos\src\RestaurantPOS14\RestaurantPOS14\RPOS_DBDataSet1.vb(3342,32): error BC30451: 'ClockOUTRowDeleted' is not declared. It may be inaccessible due to its protection level. [L:\New Restauraunt Pos\src\RestaurantPOS14\RestaurantPOS14.vbproj]
L:\New Restauraunt Pos\src\RestaurantPOS14\RestaurantPOS14\RPOS_DBDataSet1.vb(3350,20): error BC30456: 'ClockOUTRowDeletingEvent' is not a member of 'RPOS_DBDataSet1.ClockOUTDataTable'. [L:\New Restauraunt Pos\src\RestaurantPOS14\RestaurantPOS14.vbproj]
L:\New Restauraunt Pos\src\RestaurantPOS14\RestaurantPOS14\RPOS_DBDataSet1.vb(3351,32): error BC30451: 'ClockOUTRowDeleting' is not declared. It may be inaccessible due to its protection level. [L:\New Restauraunt Pos\src\RestaurantPOS14\RestaurantPOS14.vbproj]
L:\New Restauraunt Pos\src\RestaurantPOS14\RestaurantPOS14\RPOS_DBDataSet1.vb(4128,20): error BC30456: 'CreditCustomerRowChangedEvent' is not a member of 'RPOS_DBDataSet1.CreditCustomerDataTable'. [L:\New Restauraunt Pos\src\RestaurantPOS14\RestaurantPOS14.vbproj]
L:\New Restauraunt Pos\src\RestaurantPOS14\RestaurantPOS14\RPOS_DBDataSet1.vb(4129,32): error BC30451: 'CreditCustomerRowChanged' is not declared. It may be inaccessible due to its protection level. [L:\New Restauraunt Pos\src\RestaurantPOS14\RestaurantPOS14.vbproj]
L:\New Restauraunt Pos\src\RestaurantPOS14\RestaurantPOS14\RPOS_DBDataSet1.vb(4137,20): error BC30456: 'CreditCustomerRowChangingEvent' is not a member of 'RPOS_DBDataSet1.CreditCustomerDataTable'. [L:\New Restauraunt Pos\src\RestaurantPOS14\RestaurantPOS14.vbproj]
L:\New Restauraunt Pos\src\RestaurantPOS14\RestaurantPOS14\RPOS_DBDataSet1.vb(4138,32): error BC30451: 'CreditCustomerRowChanging' is not declared. It may be inaccessible due to its protection level. [L:\New Restauraunt Pos\src\RestaurantPOS14\RestaurantPOS14.vbproj]
L:\New Restauraunt Pos\src\RestaurantPOS14\RestaurantPOS14\RPOS_DBDataSet1.vb(4146,20): error BC30456: 'CreditCustomerRowDeletedEvent' is not a member of 'RPOS_DBDataSet1.CreditCustomerDataTable'. [L:\New Restauraunt Pos\src\RestaurantPOS14\RestaurantPOS14.vbproj]
L:\New Restauraunt Pos\src\RestaurantPOS14\RestaurantPOS14\RPOS_DBDataSet1.vb(4147,32): error BC30451: 'CreditCustomerRowDeleted' is not declared. It may be inaccessible due to its protection level. [L:\New Restauraunt Pos\src\RestaurantPOS14\RestaurantPOS14.vbproj]
L:\New Restauraunt Pos\src\RestaurantPOS14\RestaurantPOS14\RPOS_DBDataSet1.vb(4155,20): error BC30456: 'CreditCustomerRowDeletingEvent' is not a member of 'RPOS_DBDataSet1.CreditCustomerDataTable'. [L:\New Restauraunt Pos\src\RestaurantPOS14\RestaurantPOS14.vbproj]
L:\New Restauraunt Pos\src\RestaurantPOS14\RestaurantPOS14\RPOS_DBDataSet1.vb(4156,32): error BC30451: 'CreditCustomerRowDeleting' is not declared. It may be inaccessible due to its protection level. [L:\New Restauraunt Pos\src\RestaurantPOS14\RestaurantPOS14.vbproj]
L:\New Restauraunt Pos\src\RestaurantPOS14\RestaurantPOS14\RPOS_DBDataSet1.vb(2603,20): error BC30456: 'CategoryRowChangedEvent' is not a member of 'RPOS_DBDataSet1.CategoryDataTable'. [L:\New Restauraunt Pos\src\RestaurantPOS14\RestaurantPOS14.vbproj]
L:\New Restauraunt Pos\src\RestaurantPOS14\RestaurantPOS14\RPOS_DBDataSet1.vb(2604,32): error BC30451: 'CategoryRowChanged' is not declared. It may be inaccessible due to its protection level. [L:\New Restauraunt Pos\src\RestaurantPOS14\RestaurantPOS14.vbproj]
L:\New Restauraunt Pos\src\RestaurantPOS14\RestaurantPOS14\RPOS_DBDataSet1.vb(2612,20): error BC30456: 'CategoryRowChangingEvent' is not a member of 'RPOS_DBDataSet1.CategoryDataTable'. [L:\New Restauraunt Pos\src\RestaurantPOS14\RestaurantPOS14.vbproj]
L:\New Restauraunt Pos\src\RestaurantPOS14\RestaurantPOS14\RPOS_DBDataSet1.vb(2613,32): error BC30451: 'CategoryRowChanging' is not declared. It may be inaccessible due to its protection level. [L:\New Restauraunt Pos\src\RestaurantPOS14\RestaurantPOS14.vbproj]
L:\New Restauraunt Pos\src\RestaurantPOS14\RestaurantPOS14\RPOS_DBDataSet1.vb(2621,20): error BC30456: 'CategoryRowDeletedEvent' is not a member of 'RPOS_DBDataSet1.CategoryDataTable'. [L:\New Restauraunt Pos\src\RestaurantPOS14\RestaurantPOS14.vbproj]
L:\New Restauraunt Pos\src\RestaurantPOS14\RestaurantPOS14\RPOS_DBDataSet1.vb(2622,32): error BC30451: 'CategoryRowDeleted' is not declared. It may be inaccessible due to its protection level. [L:\New Restauraunt Pos\src\RestaurantPOS14\RestaurantPOS14.vbproj]
L:\New Restauraunt Pos\src\RestaurantPOS14\RestaurantPOS14\RPOS_DBDataSet1.vb(2630,20): error BC30456: 'CategoryRowDeletingEvent' is not a member of 'RPOS_DBDataSet1.CategoryDataTable'. [L:\New Restauraunt Pos\src\RestaurantPOS14\RestaurantPOS14.vbproj]
L:\New Restauraunt Pos\src\RestaurantPOS14\RestaurantPOS14\RPOS_DBDataSet1.vb(2631,32): error BC30451: 'CategoryRowDeleting' is not declared. It may be inaccessible due to its protection level. [L:\New Restauraunt Pos\src\RestaurantPOS14\RestaurantPOS14.vbproj]
L:\New Restauraunt Pos\src\RestaurantPOS14\RestaurantPOS14\RPOS_DBDataSet1.vb(4546,20): error BC30456: 'CreditCustomerLedgerRowChangedEvent' is not a member of 'RPOS_DBDataSet1.CreditCustomerLedgerDataTable'. [L:\New Restauraunt Pos\src\RestaurantPOS14\RestaurantPOS14.vbproj]
L:\New Restauraunt Pos\src\RestaurantPOS14\RestaurantPOS14\RPOS_DBDataSet1.vb(4547,32): error BC30451: 'CreditCustomerLedgerRowChanged' is not declared. It may be inaccessible due to its protection level. [L:\New Restauraunt Pos\src\RestaurantPOS14\RestaurantPOS14.vbproj]
L:\New Restauraunt Pos\src\RestaurantPOS14\RestaurantPOS14\RPOS_DBDataSet1.vb(4555,20): error BC30456: 'CreditCustomerLedgerRowChangingEvent' is not a member of 'RPOS_DBDataSet1.CreditCustomerLedgerDataTable'. [L:\New Restauraunt Pos\src\RestaurantPOS14\RestaurantPOS14.vbproj]
L:\New Restauraunt Pos\src\RestaurantPOS14\RestaurantPOS14\RPOS_DBDataSet1.vb(4556,32): error BC30451: 'CreditCustomerLedgerRowChanging' is not declared. It may be inaccessible due to its protection level. [L:\New Restauraunt Pos\src\RestaurantPOS14\RestaurantPOS14.vbproj]
L:\New Restauraunt Pos\src\RestaurantPOS14\RestaurantPOS14\RPOS_DBDataSet1.vb(4564,20): error BC30456: 'CreditCustomerLedgerRowDeletedEvent' is not a member of 'RPOS_DBDataSet1.CreditCustomerLedgerDataTable'. [L:\New Restauraunt Pos\src\RestaurantPOS14\RestaurantPOS14.vbproj]
L:\New Restauraunt Pos\src\RestaurantPOS14\RestaurantPOS14\RPOS_DBDataSet1.vb(4565,32): error BC30451: 'CreditCustomerLedgerRowDeleted' is not declared. It may be inaccessible due to its protection level. [L:\New Restauraunt Pos\src\RestaurantPOS14\RestaurantPOS14.vbproj]
L:\New Restauraunt Pos\src\RestaurantPOS14\RestaurantPOS14\RPOS_DBDataSet1.vb(4573,20): error BC30456: 'CreditCustomerLedgerRowDeletingEvent' is not a member of 'RPOS_DBDataSet1.CreditCustomerLedgerDataTable'. [L:\New Restauraunt Pos\src\RestaurantPOS14\RestaurantPOS14.vbproj]
L:\New Restauraunt Pos\src\RestaurantPOS14\RestaurantPOS14\RPOS_DBDataSet1.vb(4574,32): error BC30451: 'CreditCustomerLedgerRowDeleting' is not declared. It may be inaccessible due to its protection level. [L:\New Restauraunt Pos\src\RestaurantPOS14\RestaurantPOS14.vbproj]
L:\New Restauraunt Pos\src\RestaurantPOS14\RestaurantPOS14\RPOS_DBDataSet1.vb(5332,20): error BC30456: 'CurrencyRowChangedEvent' is not a member of 'RPOS_DBDataSet1.CurrencyDataTable'. [L:\New Restauraunt Pos\src\RestaurantPOS14\RestaurantPOS14.vbproj]
L:\New Restauraunt Pos\src\RestaurantPOS14\RestaurantPOS14\RPOS_DBDataSet1.vb(5333,32): error BC30451: 'CurrencyRowChanged' is not declared. It may be inaccessible due to its protection level. [L:\New Restauraunt Pos\src\RestaurantPOS14\RestaurantPOS14.vbproj]
L:\New Restauraunt Pos\src\RestaurantPOS14\RestaurantPOS14\RPOS_DBDataSet1.vb(5341,20): error BC30456: 'CurrencyRowChangingEvent' is not a member of 'RPOS_DBDataSet1.CurrencyDataTable'. [L:\New Restauraunt Pos\src\RestaurantPOS14\RestaurantPOS14.vbproj]
L:\New Restauraunt Pos\src\RestaurantPOS14\RestaurantPOS14\RPOS_DBDataSet1.vb(5342,32): error BC30451: 'CurrencyRowChanging' is not declared. It may be inaccessible due to its protection level. [L:\New Restauraunt Pos\src\RestaurantPOS14\RestaurantPOS14.vbproj]
L:\New Restauraunt Pos\src\RestaurantPOS14\RestaurantPOS14\RPOS_DBDataSet1.vb(5350,20): error BC30456: 'CurrencyRowDeletedEvent' is not a member of 'RPOS_DBDataSet1.CurrencyDataTable'. [L:\New Restauraunt Pos\src\RestaurantPOS14\RestaurantPOS14.vbproj]
L:\New Restauraunt Pos\src\RestaurantPOS14\RestaurantPOS14\RPOS_DBDataSet1.vb(5351,32): error BC30451: 'CurrencyRowDeleted' is not declared. It may be inaccessible due to its protection level. [L:\New Restauraunt Pos\src\RestaurantPOS14\RestaurantPOS14.vbproj]
L:\New Restauraunt Pos\src\RestaurantPOS14\RestaurantPOS14\RPOS_DBDataSet1.vb(5359,20): error BC30456: 'CurrencyRowDeletingEvent' is not a member of 'RPOS_DBDataSet1.CurrencyDataTable'. [L:\New Restauraunt Pos\src\RestaurantPOS14\RestaurantPOS14.vbproj]
L:\New Restauraunt Pos\src\RestaurantPOS14\RestaurantPOS14\RPOS_DBDataSet1.vb(5360,32): error BC30451: 'CurrencyRowDeleting' is not declared. It may be inaccessible due to its protection level. [L:\New Restauraunt Pos\src\RestaurantPOS14\RestaurantPOS14.vbproj]
L:\New Restauraunt Pos\src\RestaurantPOS14\RestaurantPOS14\RPOS_DBDataSet1.vb(4975,20): error BC30456: 'CreditCustomerPaymentRowChangedEvent' is not a member of 'RPOS_DBDataSet1.CreditCustomerPaymentDataTable'. [L:\New Restauraunt Pos\src\RestaurantPOS14\RestaurantPOS14.vbproj]
L:\New Restauraunt Pos\src\RestaurantPOS14\RestaurantPOS14\RPOS_DBDataSet1.vb(4976,32): error BC30451: 'CreditCustomerPaymentRowChanged' is not declared. It may be inaccessible due to its protection level. [L:\New Restauraunt Pos\src\RestaurantPOS14\RestaurantPOS14.vbproj]
L:\New Restauraunt Pos\src\RestaurantPOS14\RestaurantPOS14\RPOS_DBDataSet1.vb(4984,20): error BC30456: 'CreditCustomerPaymentRowChangingEvent' is not a member of 'RPOS_DBDataSet1.CreditCustomerPaymentDataTable'. [L:\New Restauraunt Pos\src\RestaurantPOS14\RestaurantPOS14.vbproj]
L:\New Restauraunt Pos\src\RestaurantPOS14\RestaurantPOS14\RPOS_DBDataSet1.vb(4985,32): error BC30451: 'CreditCustomerPaymentRowChanging' is not declared. It may be inaccessible due to its protection level. [L:\New Restauraunt Pos\src\RestaurantPOS14\RestaurantPOS14.vbproj]
L:\New Restauraunt Pos\src\RestaurantPOS14\RestaurantPOS14\RPOS_DBDataSet1.vb(4993,20): error BC30456: 'CreditCustomerPaymentRowDeletedEvent' is not a member of 'RPOS_DBDataSet1.CreditCustomerPaymentDataTable'. [L:\New Restauraunt Pos\src\RestaurantPOS14\RestaurantPOS14.vbproj]
L:\New Restauraunt Pos\src\RestaurantPOS14\RestaurantPOS14\RPOS_DBDataSet1.vb(4994,32): error BC30451: 'CreditCustomerPaymentRowDeleted' is not declared. It may be inaccessible due to its protection level. [L:\New Restauraunt Pos\src\RestaurantPOS14\RestaurantPOS14.vbproj]
L:\New Restauraunt Pos\src\RestaurantPOS14\RestaurantPOS14\RPOS_DBDataSet1.vb(5002,20): error BC30456: 'CreditCustomerPaymentRowDeletingEvent' is not a member of 'RPOS_DBDataSet1.CreditCustomerPaymentDataTable'. [L:\New Restauraunt Pos\src\RestaurantPOS14\RestaurantPOS14.vbproj]
L:\New Restauraunt Pos\src\RestaurantPOS14\RestaurantPOS14\RPOS_DBDataSet1.vb(5003,32): error BC30451: 'CreditCustomerPaymentRowDeleting' is not declared. It may be inaccessible due to its protection level. [L:\New Restauraunt Pos\src\RestaurantPOS14\RestaurantPOS14.vbproj]
L:\New Restauraunt Pos\src\RestaurantPOS14\RestaurantPOS14\RPOS_DBDataSet1.vb(6171,20): error BC30456: 'DeletedInvoices_JoinRowChangedEvent' is not a member of 'RPOS_DBDataSet1.DeletedInvoices_JoinDataTable'. [L:\New Restauraunt Pos\src\RestaurantPOS14\RestaurantPOS14.vbproj]
L:\New Restauraunt Pos\src\RestaurantPOS14\RestaurantPOS14\RPOS_DBDataSet1.vb(6172,32): error BC30451: 'DeletedInvoices_JoinRowChanged' is not declared. It may be inaccessible due to its protection level. [L:\New Restauraunt Pos\src\RestaurantPOS14\RestaurantPOS14.vbproj]
L:\New Restauraunt Pos\src\RestaurantPOS14\RestaurantPOS14\RPOS_DBDataSet1.vb(5786,20): error BC30456: 'DeletedInvoicesRowChangedEvent' is not a member of 'RPOS_DBDataSet1.DeletedInvoicesDataTable'. [L:\New Restauraunt Pos\src\RestaurantPOS14\RestaurantPOS14.vbproj]
L:\New Restauraunt Pos\src\RestaurantPOS14\RestaurantPOS14\RPOS_DBDataSet1.vb(5787,32): error BC30451: 'DeletedInvoicesRowChanged' is not declared. It may be inaccessible due to its protection level. [L:\New Restauraunt Pos\src\RestaurantPOS14\RestaurantPOS14.vbproj]
L:\New Restauraunt Pos\src\RestaurantPOS14\RestaurantPOS14\RPOS_DBDataSet1.vb(6180,20): error BC30456: 'DeletedInvoices_JoinRowChangingEvent' is not a member of 'RPOS_DBDataSet1.DeletedInvoices_JoinDataTable'. [L:\New Restauraunt Pos\src\RestaurantPOS14\RestaurantPOS14.vbproj]
L:\New Restauraunt Pos\src\RestaurantPOS14\RestaurantPOS14\RPOS_DBDataSet1.vb(6181,32): error BC30451: 'DeletedInvoices_JoinRowChanging' is not declared. It may be inaccessible due to its protection level. [L:\New Restauraunt Pos\src\RestaurantPOS14\RestaurantPOS14.vbproj]
L:\New Restauraunt Pos\src\RestaurantPOS14\RestaurantPOS14\RPOS_DBDataSet1.vb(5795,20): error BC30456: 'DeletedInvoicesRowChangingEvent' is not a member of 'RPOS_DBDataSet1.DeletedInvoicesDataTable'. [L:\New Restauraunt Pos\src\RestaurantPOS14\RestaurantPOS14.vbproj]
L:\New Restauraunt Pos\src\RestaurantPOS14\RestaurantPOS14\RPOS_DBDataSet1.vb(5796,32): error BC30451: 'DeletedInvoicesRowChanging' is not declared. It may be inaccessible due to its protection level. [L:\New Restauraunt Pos\src\RestaurantPOS14\RestaurantPOS14.vbproj]
L:\New Restauraunt Pos\src\RestaurantPOS14\RestaurantPOS14\RPOS_DBDataSet1.vb(6189,20): error BC30456: 'DeletedInvoices_JoinRowDeletedEvent' is not a member of 'RPOS_DBDataSet1.DeletedInvoices_JoinDataTable'. [L:\New Restauraunt Pos\src\RestaurantPOS14\RestaurantPOS14.vbproj]
L:\New Restauraunt Pos\src\RestaurantPOS14\RestaurantPOS14\RPOS_DBDataSet1.vb(6190,32): error BC30451: 'DeletedInvoices_JoinRowDeleted' is not declared. It may be inaccessible due to its protection level. [L:\New Restauraunt Pos\src\RestaurantPOS14\RestaurantPOS14.vbproj]
L:\New Restauraunt Pos\src\RestaurantPOS14\RestaurantPOS14\RPOS_DBDataSet1.vb(5804,20): error BC30456: 'DeletedInvoicesRowDeletedEvent' is not a member of 'RPOS_DBDataSet1.DeletedInvoicesDataTable'. [L:\New Restauraunt Pos\src\RestaurantPOS14\RestaurantPOS14.vbproj]
L:\New Restauraunt Pos\src\RestaurantPOS14\RestaurantPOS14\RPOS_DBDataSet1.vb(5805,32): error BC30451: 'DeletedInvoicesRowDeleted' is not declared. It may be inaccessible due to its protection level. [L:\New Restauraunt Pos\src\RestaurantPOS14\RestaurantPOS14.vbproj]
L:\New Restauraunt Pos\src\RestaurantPOS14\RestaurantPOS14\RPOS_DBDataSet1.vb(6198,20): error BC30456: 'DeletedInvoices_JoinRowDeletingEvent' is not a member of 'RPOS_DBDataSet1.DeletedInvoices_JoinDataTable'. [L:\New Restauraunt Pos\src\RestaurantPOS14\RestaurantPOS14.vbproj]
L:\New Restauraunt Pos\src\RestaurantPOS14\RestaurantPOS14\RPOS_DBDataSet1.vb(6199,32): error BC30451: 'DeletedInvoices_JoinRowDeleting' is not declared. It may be inaccessible due to its protection level. [L:\New Restauraunt Pos\src\RestaurantPOS14\RestaurantPOS14.vbproj]
L:\New Restauraunt Pos\src\RestaurantPOS14\RestaurantPOS14\RPOS_DBDataSet1.vb(5813,20): error BC30456: 'DeletedInvoicesRowDeletingEvent' is not a member of 'RPOS_DBDataSet1.DeletedInvoicesDataTable'. [L:\New Restauraunt Pos\src\RestaurantPOS14\RestaurantPOS14.vbproj]
L:\New Restauraunt Pos\src\RestaurantPOS14\RestaurantPOS14\RPOS_DBDataSet1.vb(5814,32): error BC30451: 'DeletedInvoicesRowDeleting' is not declared. It may be inaccessible due to its protection level. [L:\New Restauraunt Pos\src\RestaurantPOS14\RestaurantPOS14.vbproj]
L:\New Restauraunt Pos\src\RestaurantPOS14\RestaurantPOS14\RPOS_DBDataSet1.vb(7099,20): error BC30456: 'EmailSettingRowChangedEvent' is not a member of 'RPOS_DBDataSet1.EmailSettingDataTable'. [L:\New Restauraunt Pos\src\RestaurantPOS14\RestaurantPOS14.vbproj]
L:\New Restauraunt Pos\src\RestaurantPOS14\RestaurantPOS14\RPOS_DBDataSet1.vb(7100,32): error BC30451: 'EmailSettingRowChanged' is not declared. It may be inaccessible due to its protection level. [L:\New Restauraunt Pos\src\RestaurantPOS14\RestaurantPOS14.vbproj]
L:\New Restauraunt Pos\src\RestaurantPOS14\RestaurantPOS14\RPOS_DBDataSet1.vb(7108,20): error BC30456: 'EmailSettingRowChangingEvent' is not a member of 'RPOS_DBDataSet1.EmailSettingDataTable'. [L:\New Restauraunt Pos\src\RestaurantPOS14\RestaurantPOS14.vbproj]
L:\New Restauraunt Pos\src\RestaurantPOS14\RestaurantPOS14\RPOS_DBDataSet1.vb(7109,32): error BC30451: 'EmailSettingRowChanging' is not declared. It may be inaccessible due to its protection level. [L:\New Restauraunt Pos\src\RestaurantPOS14\RestaurantPOS14.vbproj]
L:\New Restauraunt Pos\src\RestaurantPOS14\RestaurantPOS14\RPOS_DBDataSet1.vb(8227,20): error BC30456: 'ExpenseTypeRowChangedEvent' is not a member of 'RPOS_DBDataSet1.ExpenseTypeDataTable'. [L:\New Restauraunt Pos\src\RestaurantPOS14\RestaurantPOS14.vbproj]
L:\New Restauraunt Pos\src\RestaurantPOS14\RestaurantPOS14\RPOS_DBDataSet1.vb(8228,32): error BC30451: 'ExpenseTypeRowChanged' is not declared. It may be inaccessible due to its protection level. [L:\New Restauraunt Pos\src\RestaurantPOS14\RestaurantPOS14.vbproj]
L:\New Restauraunt Pos\src\RestaurantPOS14\RestaurantPOS14\RPOS_DBDataSet1.vb(7117,20): error BC30456: 'EmailSettingRowDeletedEvent' is not a member of 'RPOS_DBDataSet1.EmailSettingDataTable'. [L:\New Restauraunt Pos\src\RestaurantPOS14\RestaurantPOS14.vbproj]
L:\New Restauraunt Pos\src\RestaurantPOS14\RestaurantPOS14\RPOS_DBDataSet1.vb(7118,32): error BC30451: 'EmailSettingRowDeleted' is not declared. It may be inaccessible due to its protection level. [L:\New Restauraunt Pos\src\RestaurantPOS14\RestaurantPOS14.vbproj]
L:\New Restauraunt Pos\src\RestaurantPOS14\RestaurantPOS14\RPOS_DBDataSet1.vb(7902,20): error BC30456: 'ExpenseRowChangedEvent' is not a member of 'RPOS_DBDataSet1.ExpenseDataTable'. [L:\New Restauraunt Pos\src\RestaurantPOS14\RestaurantPOS14.vbproj]
L:\New Restauraunt Pos\src\RestaurantPOS14\RestaurantPOS14\RPOS_DBDataSet1.vb(7903,32): error BC30451: 'ExpenseRowChanged' is not declared. It may be inaccessible due to its protection level. [L:\New Restauraunt Pos\src\RestaurantPOS14\RestaurantPOS14.vbproj]
L:\New Restauraunt Pos\src\RestaurantPOS14\RestaurantPOS14\RPOS_DBDataSet1.vb(8236,20): error BC30456: 'ExpenseTypeRowChangingEvent' is not a member of 'RPOS_DBDataSet1.ExpenseTypeDataTable'. [L:\New Restauraunt Pos\src\RestaurantPOS14\RestaurantPOS14.vbproj]
L:\New Restauraunt Pos\src\RestaurantPOS14\RestaurantPOS14\RPOS_DBDataSet1.vb(8237,32): error BC30451: 'ExpenseTypeRowChanging' is not declared. It may be inaccessible due to its protection level. [L:\New Restauraunt Pos\src\RestaurantPOS14\RestaurantPOS14.vbproj]
L:\New Restauraunt Pos\src\RestaurantPOS14\RestaurantPOS14\RPOS_DBDataSet1.vb(7126,20): error BC30456: 'EmailSettingRowDeletingEvent' is not a member of 'RPOS_DBDataSet1.EmailSettingDataTable'. [L:\New Restauraunt Pos\src\RestaurantPOS14\RestaurantPOS14.vbproj]
L:\New Restauraunt Pos\src\RestaurantPOS14\RestaurantPOS14\RPOS_DBDataSet1.vb(7127,32): error BC30451: 'EmailSettingRowDeleting' is not declared. It may be inaccessible due to its protection level. [L:\New Restauraunt Pos\src\RestaurantPOS14\RestaurantPOS14.vbproj]
L:\New Restauraunt Pos\src\RestaurantPOS14\RestaurantPOS14\RPOS_DBDataSet1.vb(7911,20): error BC30456: 'ExpenseRowChangingEvent' is not a member of 'RPOS_DBDataSet1.ExpenseDataTable'. [L:\New Restauraunt Pos\src\RestaurantPOS14\RestaurantPOS14.vbproj]
L:\New Restauraunt Pos\src\RestaurantPOS14\RestaurantPOS14\RPOS_DBDataSet1.vb(7912,32): error BC30451: 'ExpenseRowChanging' is not declared. It may be inaccessible due to its protection level. [L:\New Restauraunt Pos\src\RestaurantPOS14\RestaurantPOS14.vbproj]
L:\New Restauraunt Pos\src\RestaurantPOS14\RestaurantPOS14\RPOS_DBDataSet1.vb(8245,20): error BC30456: 'ExpenseTypeRowDeletedEvent' is not a member of 'RPOS_DBDataSet1.ExpenseTypeDataTable'. [L:\New Restauraunt Pos\src\RestaurantPOS14\RestaurantPOS14.vbproj]
L:\New Restauraunt Pos\src\RestaurantPOS14\RestaurantPOS14\RPOS_DBDataSet1.vb(8246,32): error BC30451: 'ExpenseTypeRowDeleted' is not declared. It may be inaccessible due to its protection level. [L:\New Restauraunt Pos\src\RestaurantPOS14\RestaurantPOS14.vbproj]
L:\New Restauraunt Pos\src\RestaurantPOS14\RestaurantPOS14\RPOS_DBDataSet1.vb(7920,20): error BC30456: 'ExpenseRowDeletedEvent' is not a member of 'RPOS_DBDataSet1.ExpenseDataTable'. [L:\New Restauraunt Pos\src\RestaurantPOS14\RestaurantPOS14.vbproj]
L:\New Restauraunt Pos\src\RestaurantPOS14\RestaurantPOS14\RPOS_DBDataSet1.vb(7921,32): error BC30451: 'ExpenseRowDeleted' is not declared. It may be inaccessible due to its protection level. [L:\New Restauraunt Pos\src\RestaurantPOS14\RestaurantPOS14.vbproj]
L:\New Restauraunt Pos\src\RestaurantPOS14\RestaurantPOS14\RPOS_DBDataSet1.vb(8254,20): error BC30456: 'ExpenseTypeRowDeletingEvent' is not a member of 'RPOS_DBDataSet1.ExpenseTypeDataTable'. [L:\New Restauraunt Pos\src\RestaurantPOS14\RestaurantPOS14.vbproj]
L:\New Restauraunt Pos\src\RestaurantPOS14\RestaurantPOS14\RPOS_DBDataSet1.vb(8255,32): error BC30451: 'ExpenseTypeRowDeleting' is not declared. It may be inaccessible due to its protection level. [L:\New Restauraunt Pos\src\RestaurantPOS14\RestaurantPOS14.vbproj]
L:\New Restauraunt Pos\src\RestaurantPOS14\RestaurantPOS14\RPOS_DBDataSet1.vb(7929,20): error BC30456: 'ExpenseRowDeletingEvent' is not a member of 'RPOS_DBDataSet1.ExpenseDataTable'. [L:\New Restauraunt Pos\src\RestaurantPOS14\RestaurantPOS14.vbproj]
L:\New Restauraunt Pos\src\RestaurantPOS14\RestaurantPOS14\RPOS_DBDataSet1.vb(7930,32): error BC30451: 'ExpenseRowDeleting' is not declared. It may be inaccessible due to its protection level. [L:\New Restauraunt Pos\src\RestaurantPOS14\RestaurantPOS14.vbproj]
L:\New Restauraunt Pos\src\RestaurantPOS14\RestaurantPOS14\RPOS_DBDataSet1.vb(7555,20): error BC30456: 'EmployeeRegistrationRowChangedEvent' is not a member of 'RPOS_DBDataSet1.EmployeeRegistrationDataTable'. [L:\New Restauraunt Pos\src\RestaurantPOS14\RestaurantPOS14.vbproj]
L:\New Restauraunt Pos\src\RestaurantPOS14\RestaurantPOS14\RPOS_DBDataSet1.vb(7556,32): error BC30451: 'EmployeeRegistrationRowChanged' is not declared. It may be inaccessible due to its protection level. [L:\New Restauraunt Pos\src\RestaurantPOS14\RestaurantPOS14.vbproj]
L:\New Restauraunt Pos\src\RestaurantPOS14\RestaurantPOS14\RPOS_DBDataSet1.vb(7564,20): error BC30456: 'EmployeeRegistrationRowChangingEvent' is not a member of 'RPOS_DBDataSet1.EmployeeRegistrationDataTable'. [L:\New Restauraunt Pos\src\RestaurantPOS14\RestaurantPOS14.vbproj]
L:\New Restauraunt Pos\src\RestaurantPOS14\RestaurantPOS14\RPOS_DBDataSet1.vb(7565,32): error BC30451: 'EmployeeRegistrationRowChanging' is not declared. It may be inaccessible due to its protection level. [L:\New Restauraunt Pos\src\RestaurantPOS14\RestaurantPOS14.vbproj]
L:\New Restauraunt Pos\src\RestaurantPOS14\RestaurantPOS14\RPOS_DBDataSet1.vb(7573,20): error BC30456: 'EmployeeRegistrationRowDeletedEvent' is not a member of 'RPOS_DBDataSet1.EmployeeRegistrationDataTable'. [L:\New Restauraunt Pos\src\RestaurantPOS14\RestaurantPOS14.vbproj]
L:\New Restauraunt Pos\src\RestaurantPOS14\RestaurantPOS14\RPOS_DBDataSet1.vb(7574,32): error BC30451: 'EmployeeRegistrationRowDeleted' is not declared. It may be inaccessible due to its protection level. [L:\New Restauraunt Pos\src\RestaurantPOS14\RestaurantPOS14.vbproj]
L:\New Restauraunt Pos\src\RestaurantPOS14\RestaurantPOS14\RPOS_DBDataSet1.vb(7582,20): error BC30456: 'EmployeeRegistrationRowDeletingEvent' is not a member of 'RPOS_DBDataSet1.EmployeeRegistrationDataTable'. [L:\New Restauraunt Pos\src\RestaurantPOS14\RestaurantPOS14.vbproj]
L:\New Restauraunt Pos\src\RestaurantPOS14\RestaurantPOS14\RPOS_DBDataSet1.vb(7583,32): error BC30451: 'EmployeeRegistrationRowDeleting' is not declared. It may be inaccessible due to its protection level. [L:\New Restauraunt Pos\src\RestaurantPOS14\RestaurantPOS14.vbproj]
L:\New Restauraunt Pos\src\RestaurantPOS14\RestaurantPOS14\RPOS_DBDataSet1.vb(6649,20): error BC30456: 'DishRowChangedEvent' is not a member of 'RPOS_DBDataSet1.DishDataTable'. [L:\New Restauraunt Pos\src\RestaurantPOS14\RestaurantPOS14.vbproj]
L:\New Restauraunt Pos\src\RestaurantPOS14\RestaurantPOS14\RPOS_DBDataSet1.vb(6650,32): error BC30451: 'DishRowChanged' is not declared. It may be inaccessible due to its protection level. [L:\New Restauraunt Pos\src\RestaurantPOS14\RestaurantPOS14.vbproj]
L:\New Restauraunt Pos\src\RestaurantPOS14\RestaurantPOS14\RPOS_DBDataSet1.vb(6658,20): error BC30456: 'DishRowChangingEvent' is not a member of 'RPOS_DBDataSet1.DishDataTable'. [L:\New Restauraunt Pos\src\RestaurantPOS14\RestaurantPOS14.vbproj]
L:\New Restauraunt Pos\src\RestaurantPOS14\RestaurantPOS14\RPOS_DBDataSet1.vb(6659,32): error BC30451: 'DishRowChanging' is not declared. It may be inaccessible due to its protection level. [L:\New Restauraunt Pos\src\RestaurantPOS14\RestaurantPOS14.vbproj]
L:\New Restauraunt Pos\src\RestaurantPOS14\RestaurantPOS14\RPOS_DBDataSet1.vb(6667,20): error BC30456: 'DishRowDeletedEvent' is not a member of 'RPOS_DBDataSet1.DishDataTable'. [L:\New Restauraunt Pos\src\RestaurantPOS14\RestaurantPOS14.vbproj]
L:\New Restauraunt Pos\src\RestaurantPOS14\RestaurantPOS14\RPOS_DBDataSet1.vb(6668,32): error BC30451: 'DishRowDeleted' is not declared. It may be inaccessible due to its protection level. [L:\New Restauraunt Pos\src\RestaurantPOS14\RestaurantPOS14.vbproj]
L:\New Restauraunt Pos\src\RestaurantPOS14\RestaurantPOS14\RPOS_DBDataSet1.vb(6676,20): error BC30456: 'DishRowDeletingEvent' is not a member of 'RPOS_DBDataSet1.DishDataTable'. [L:\New Restauraunt Pos\src\RestaurantPOS14\RestaurantPOS14.vbproj]
L:\New Restauraunt Pos\src\RestaurantPOS14\RestaurantPOS14\RPOS_DBDataSet1.vb(6677,32): error BC30451: 'DishRowDeleting' is not declared. It may be inaccessible due to its protection level. [L:\New Restauraunt Pos\src\RestaurantPOS14\RestaurantPOS14.vbproj]
L:\New Restauraunt Pos\src\RestaurantPOS14\RestaurantPOS14\RPOS_DBDataSet1.vb(8629,20): error BC30456: 'FundDepositRowChangedEvent' is not a member of 'RPOS_DBDataSet1.FundDepositDataTable'. [L:\New Restauraunt Pos\src\RestaurantPOS14\RestaurantPOS14.vbproj]
L:\New Restauraunt Pos\src\RestaurantPOS14\RestaurantPOS14\RPOS_DBDataSet1.vb(8630,32): error BC30451: 'FundDepositRowChanged' is not declared. It may be inaccessible due to its protection level. [L:\New Restauraunt Pos\src\RestaurantPOS14\RestaurantPOS14.vbproj]
L:\New Restauraunt Pos\src\RestaurantPOS14\RestaurantPOS14\RPOS_DBDataSet1.vb(8638,20): error BC30456: 'FundDepositRowChangingEvent' is not a member of 'RPOS_DBDataSet1.FundDepositDataTable'. [L:\New Restauraunt Pos\src\RestaurantPOS14\RestaurantPOS14.vbproj]
L:\New Restauraunt Pos\src\RestaurantPOS14\RestaurantPOS14\RPOS_DBDataSet1.vb(8639,32): error BC30451: 'FundDepositRowChanging' is not declared. It may be inaccessible due to its protection level. [L:\New Restauraunt Pos\src\RestaurantPOS14\RestaurantPOS14.vbproj]
L:\New Restauraunt Pos\src\RestaurantPOS14\RestaurantPOS14\RPOS_DBDataSet1.vb(8647,20): error BC30456: 'FundDepositRowDeletedEvent' is not a member of 'RPOS_DBDataSet1.FundDepositDataTable'. [L:\New Restauraunt Pos\src\RestaurantPOS14\RestaurantPOS14.vbproj]
L:\New Restauraunt Pos\src\RestaurantPOS14\RestaurantPOS14\RPOS_DBDataSet1.vb(8648,32): error BC30451: 'FundDepositRowDeleted' is not declared. It may be inaccessible due to its protection level. [L:\New Restauraunt Pos\src\RestaurantPOS14\RestaurantPOS14.vbproj]
L:\New Restauraunt Pos\src\RestaurantPOS14\RestaurantPOS14\RPOS_DBDataSet1.vb(9409,20): error BC30456: 'GiftCardRowChangedEvent' is not a member of 'RPOS_DBDataSet1.GiftCardDataTable'. [L:\New Restauraunt Pos\src\RestaurantPOS14\RestaurantPOS14.vbproj]
L:\New Restauraunt Pos\src\RestaurantPOS14\RestaurantPOS14\RPOS_DBDataSet1.vb(9410,32): error BC30451: 'GiftCardRowChanged' is not declared. It may be inaccessible due to its protection level. [L:\New Restauraunt Pos\src\RestaurantPOS14\RestaurantPOS14.vbproj]
L:\New Restauraunt Pos\src\RestaurantPOS14\RestaurantPOS14\RPOS_DBDataSet1.vb(9418,20): error BC30456: 'GiftCardRowChangingEvent' is not a member of 'RPOS_DBDataSet1.GiftCardDataTable'. [L:\New Restauraunt Pos\src\RestaurantPOS14\RestaurantPOS14.vbproj]
L:\New Restauraunt Pos\src\RestaurantPOS14\RestaurantPOS14\RPOS_DBDataSet1.vb(9419,32): error BC30451: 'GiftCardRowChanging' is not declared. It may be inaccessible due to its protection level. [L:\New Restauraunt Pos\src\RestaurantPOS14\RestaurantPOS14.vbproj]
L:\New Restauraunt Pos\src\RestaurantPOS14\RestaurantPOS14\RPOS_DBDataSet1.vb(9041,20): error BC30456: 'FundTransferRowChangedEvent' is not a member of 'RPOS_DBDataSet1.FundTransferDataTable'. [L:\New Restauraunt Pos\src\RestaurantPOS14\RestaurantPOS14.vbproj]
L:\New Restauraunt Pos\src\RestaurantPOS14\RestaurantPOS14\RPOS_DBDataSet1.vb(9042,32): error BC30451: 'FundTransferRowChanged' is not declared. It may be inaccessible due to its protection level. [L:\New Restauraunt Pos\src\RestaurantPOS14\RestaurantPOS14.vbproj]
L:\New Restauraunt Pos\src\RestaurantPOS14\RestaurantPOS14\RPOS_DBDataSet1.vb(9427,20): error BC30456: 'GiftCardRowDeletedEvent' is not a member of 'RPOS_DBDataSet1.GiftCardDataTable'. [L:\New Restauraunt Pos\src\RestaurantPOS14\RestaurantPOS14.vbproj]
L:\New Restauraunt Pos\src\RestaurantPOS14\RestaurantPOS14\RPOS_DBDataSet1.vb(9428,32): error BC30451: 'GiftCardRowDeleted' is not declared. It may be inaccessible due to its protection level. [L:\New Restauraunt Pos\src\RestaurantPOS14\RestaurantPOS14.vbproj]
L:\New Restauraunt Pos\src\RestaurantPOS14\RestaurantPOS14\RPOS_DBDataSet1.vb(9050,20): error BC30456: 'FundTransferRowChangingEvent' is not a member of 'RPOS_DBDataSet1.FundTransferDataTable'. [L:\New Restauraunt Pos\src\RestaurantPOS14\RestaurantPOS14.vbproj]
L:\New Restauraunt Pos\src\RestaurantPOS14\RestaurantPOS14\RPOS_DBDataSet1.vb(9051,32): error BC30451: 'FundTransferRowChanging' is not declared. It may be inaccessible due to its protection level. [L:\New Restauraunt Pos\src\RestaurantPOS14\RestaurantPOS14.vbproj]
L:\New Restauraunt Pos\src\RestaurantPOS14\RestaurantPOS14\RPOS_DBDataSet1.vb(9436,20): error BC30456: 'GiftCardRowDeletingEvent' is not a member of 'RPOS_DBDataSet1.GiftCardDataTable'. [L:\New Restauraunt Pos\src\RestaurantPOS14\RestaurantPOS14.vbproj]
L:\New Restauraunt Pos\src\RestaurantPOS14\RestaurantPOS14\RPOS_DBDataSet1.vb(9437,32): error BC30451: 'GiftCardRowDeleting' is not declared. It may be inaccessible due to its protection level. [L:\New Restauraunt Pos\src\RestaurantPOS14\RestaurantPOS14.vbproj]
L:\New Restauraunt Pos\src\RestaurantPOS14\RestaurantPOS14\RPOS_DBDataSet1.vb(9059,20): error BC30456: 'FundTransferRowDeletedEvent' is not a member of 'RPOS_DBDataSet1.FundTransferDataTable'. [L:\New Restauraunt Pos\src\RestaurantPOS14\RestaurantPOS14.vbproj]
L:\New Restauraunt Pos\src\RestaurantPOS14\RestaurantPOS14\RPOS_DBDataSet1.vb(9060,32): error BC30451: 'FundTransferRowDeleted' is not declared. It may be inaccessible due to its protection level. [L:\New Restauraunt Pos\src\RestaurantPOS14\RestaurantPOS14.vbproj]
L:\New Restauraunt Pos\src\RestaurantPOS14\RestaurantPOS14\RPOS_DBDataSet1.vb(9068,20): error BC30456: 'FundTransferRowDeletingEvent' is not a member of 'RPOS_DBDataSet1.FundTransferDataTable'. [L:\New Restauraunt Pos\src\RestaurantPOS14\RestaurantPOS14.vbproj]
L:\New Restauraunt Pos\src\RestaurantPOS14\RestaurantPOS14\RPOS_DBDataSet1.vb(9069,32): error BC30451: 'FundTransferRowDeleting' is not declared. It may be inaccessible due to its protection level. [L:\New Restauraunt Pos\src\RestaurantPOS14\RestaurantPOS14.vbproj]
L:\New Restauraunt Pos\src\RestaurantPOS14\RestaurantPOS14\RPOS_DBDataSet1.vb(10135,20): error BC30456: 'HDCustomerRowChangedEvent' is not a member of 'RPOS_DBDataSet1.HDCustomerDataTable'. [L:\New Restauraunt Pos\src\RestaurantPOS14\RestaurantPOS14.vbproj]
L:\New Restauraunt Pos\src\RestaurantPOS14\RestaurantPOS14\RPOS_DBDataSet1.vb(10136,32): error BC30451: 'HDCustomerRowChanged' is not declared. It may be inaccessible due to its protection level. [L:\New Restauraunt Pos\src\RestaurantPOS14\RestaurantPOS14.vbproj]
L:\New Restauraunt Pos\src\RestaurantPOS14\RestaurantPOS14\RPOS_DBDataSet1.vb(9762,20): error BC30456: 'GridGroupingRowChangedEvent' is not a member of 'RPOS_DBDataSet1.GridGroupingDataTable'. [L:\New Restauraunt Pos\src\RestaurantPOS14\RestaurantPOS14.vbproj]
L:\New Restauraunt Pos\src\RestaurantPOS14\RestaurantPOS14\RPOS_DBDataSet1.vb(9763,32): error BC30451: 'GridGroupingRowChanged' is not declared. It may be inaccessible due to its protection level. [L:\New Restauraunt Pos\src\RestaurantPOS14\RestaurantPOS14.vbproj]
L:\New Restauraunt Pos\src\RestaurantPOS14\RestaurantPOS14\RPOS_DBDataSet1.vb(10144,20): error BC30456: 'HDCustomerRowChangingEvent' is not a member of 'RPOS_DBDataSet1.HDCustomerDataTable'. [L:\New Restauraunt Pos\src\RestaurantPOS14\RestaurantPOS14.vbproj]
L:\New Restauraunt Pos\src\RestaurantPOS14\RestaurantPOS14\RPOS_DBDataSet1.vb(10145,32): error BC30451: 'HDCustomerRowChanging' is not declared. It may be inaccessible due to its protection level. [L:\New Restauraunt Pos\src\RestaurantPOS14\RestaurantPOS14.vbproj]
L:\New Restauraunt Pos\src\RestaurantPOS14\RestaurantPOS14\RPOS_DBDataSet1.vb(9771,20): error BC30456: 'GridGroupingRowChangingEvent' is not a member of 'RPOS_DBDataSet1.GridGroupingDataTable'. [L:\New Restauraunt Pos\src\RestaurantPOS14\RestaurantPOS14.vbproj]
L:\New Restauraunt Pos\src\RestaurantPOS14\RestaurantPOS14\RPOS_DBDataSet1.vb(9772,32): error BC30451: 'GridGroupingRowChanging' is not declared. It may be inaccessible due to its protection level. [L:\New Restauraunt Pos\src\RestaurantPOS14\RestaurantPOS14.vbproj]
L:\New Restauraunt Pos\src\RestaurantPOS14\RestaurantPOS14\RPOS_DBDataSet1.vb(10153,20): error BC30456: 'HDCustomerRowDeletedEvent' is not a member of 'RPOS_DBDataSet1.HDCustomerDataTable'. [L:\New Restauraunt Pos\src\RestaurantPOS14\RestaurantPOS14.vbproj]
L:\New Restauraunt Pos\src\RestaurantPOS14\RestaurantPOS14\RPOS_DBDataSet1.vb(10154,32): error BC30451: 'HDCustomerRowDeleted' is not declared. It may be inaccessible due to its protection level. [L:\New Restauraunt Pos\src\RestaurantPOS14\RestaurantPOS14.vbproj]
L:\New Restauraunt Pos\src\RestaurantPOS14\RestaurantPOS14\RPOS_DBDataSet1.vb(9780,20): error BC30456: 'GridGroupingRowDeletedEvent' is not a member of 'RPOS_DBDataSet1.GridGroupingDataTable'. [L:\New Restauraunt Pos\src\RestaurantPOS14\RestaurantPOS14.vbproj]
L:\New Restauraunt Pos\src\RestaurantPOS14\RestaurantPOS14\RPOS_DBDataSet1.vb(9781,32): error BC30451: 'GridGroupingRowDeleted' is not declared. It may be inaccessible due to its protection level. [L:\New Restauraunt Pos\src\RestaurantPOS14\RestaurantPOS14.vbproj]
L:\New Restauraunt Pos\src\RestaurantPOS14\RestaurantPOS14\RPOS_DBDataSet1.vb(10162,20): error BC30456: 'HDCustomerRowDeletingEvent' is not a member of 'RPOS_DBDataSet1.HDCustomerDataTable'. [L:\New Restauraunt Pos\src\RestaurantPOS14\RestaurantPOS14.vbproj]
L:\New Restauraunt Pos\src\RestaurantPOS14\RestaurantPOS14\RPOS_DBDataSet1.vb(10163,32): error BC30451: 'HDCustomerRowDeleting' is not declared. It may be inaccessible due to its protection level. [L:\New Restauraunt Pos\src\RestaurantPOS14\RestaurantPOS14.vbproj]
L:\New Restauraunt Pos\src\RestaurantPOS14\RestaurantPOS14\RPOS_DBDataSet1.vb(9789,20): error BC30456: 'GridGroupingRowDeletingEvent' is not a member of 'RPOS_DBDataSet1.GridGroupingDataTable'. [L:\New Restauraunt Pos\src\RestaurantPOS14\RestaurantPOS14.vbproj]
L:\New Restauraunt Pos\src\RestaurantPOS14\RestaurantPOS14\RPOS_DBDataSet1.vb(9790,32): error BC30451: 'GridGroupingRowDeleting' is not declared. It may be inaccessible due to its protection level. [L:\New Restauraunt Pos\src\RestaurantPOS14\RestaurantPOS14.vbproj]
L:\New Restauraunt Pos\src\RestaurantPOS14\RestaurantPOS14\RPOS_DBDataSet1.vb(10574,20): error BC30456: 'HoldBillRowChangedEvent' is not a member of 'RPOS_DBDataSet1.HoldBillDataTable'. [L:\New Restauraunt Pos\src\RestaurantPOS14\RestaurantPOS14.vbproj]
L:\New Restauraunt Pos\src\RestaurantPOS14\RestaurantPOS14\RPOS_DBDataSet1.vb(10575,32): error BC30451: 'HoldBillRowChanged' is not declared. It may be inaccessible due to its protection level. [L:\New Restauraunt Pos\src\RestaurantPOS14\RestaurantPOS14.vbproj]
L:\New Restauraunt Pos\src\RestaurantPOS14\RestaurantPOS14\RPOS_DBDataSet1.vb(10583,20): error BC30456: 'HoldBillRowChangingEvent' is not a member of 'RPOS_DBDataSet1.HoldBillDataTable'. [L:\New Restauraunt Pos\src\RestaurantPOS14\RestaurantPOS14.vbproj]
L:\New Restauraunt Pos\src\RestaurantPOS14\RestaurantPOS14\RPOS_DBDataSet1.vb(10584,32): error BC30451: 'HoldBillRowChanging' is not declared. It may be inaccessible due to its protection level. [L:\New Restauraunt Pos\src\RestaurantPOS14\RestaurantPOS14.vbproj]
L:\New Restauraunt Pos\src\RestaurantPOS14\RestaurantPOS14\RPOS_DBDataSet1.vb(10592,20): error BC30456: 'HoldBillRowDeletedEvent' is not a member of 'RPOS_DBDataSet1.HoldBillDataTable'. [L:\New Restauraunt Pos\src\RestaurantPOS14\RestaurantPOS14.vbproj]
L:\New Restauraunt Pos\src\RestaurantPOS14\RestaurantPOS14\RPOS_DBDataSet1.vb(10593,32): error BC30451: 'HoldBillRowDeleted' is not declared. It may be inaccessible due to its protection level. [L:\New Restauraunt Pos\src\RestaurantPOS14\RestaurantPOS14.vbproj]
L:\New Restauraunt Pos\src\RestaurantPOS14\RestaurantPOS14\RPOS_DBDataSet1.vb(10601,20): error BC30456: 'HoldBillRowDeletingEvent' is not a member of 'RPOS_DBDataSet1.HoldBillDataTable'. [L:\New Restauraunt Pos\src\RestaurantPOS14\RestaurantPOS14.vbproj]
L:\New Restauraunt Pos\src\RestaurantPOS14\RestaurantPOS14\RPOS_DBDataSet1.vb(10602,32): error BC30451: 'HoldBillRowDeleting' is not declared. It may be inaccessible due to its protection level. [L:\New Restauraunt Pos\src\RestaurantPOS14\RestaurantPOS14.vbproj]
L:\New Restauraunt Pos\src\RestaurantPOS14\RestaurantPOS14\RPOS_DBDataSet1.vb(3693,20): error BC30456: 'CMISettingRowChangedEvent' is not a member of 'RPOS_DBDataSet1.CMISettingDataTable'. [L:\New Restauraunt Pos\src\RestaurantPOS14\RestaurantPOS14.vbproj]
L:\New Restauraunt Pos\src\RestaurantPOS14\RestaurantPOS14\RPOS_DBDataSet1.vb(3694,32): error BC30451: 'CMISettingRowChanged' is not declared. It may be inaccessible due to its protection level. [L:\New Restauraunt Pos\src\RestaurantPOS14\RestaurantPOS14.vbproj]
L:\New Restauraunt Pos\src\RestaurantPOS14\RestaurantPOS14\RPOS_DBDataSet1.vb(3702,20): error BC30456: 'CMISettingRowChangingEvent' is not a member of 'RPOS_DBDataSet1.CMISettingDataTable'. [L:\New Restauraunt Pos\src\RestaurantPOS14\RestaurantPOS14.vbproj]
L:\New Restauraunt Pos\src\RestaurantPOS14\RestaurantPOS14\RPOS_DBDataSet1.vb(3703,32): error BC30451: 'CMISettingRowChanging' is not declared. It may be inaccessible due to its protection level. [L:\New Restauraunt Pos\src\RestaurantPOS14\RestaurantPOS14.vbproj]
L:\New Restauraunt Pos\src\RestaurantPOS14\RestaurantPOS14\RPOS_DBDataSet1.vb(3711,20): error BC30456: 'CMISettingRowDeletedEvent' is not a member of 'RPOS_DBDataSet1.CMISettingDataTable'. [L:\New Restauraunt Pos\src\RestaurantPOS14\RestaurantPOS14.vbproj]
L:\New Restauraunt Pos\src\RestaurantPOS14\RestaurantPOS14\RPOS_DBDataSet1.vb(3712,32): error BC30451: 'CMISettingRowDeleted' is not declared. It may be inaccessible due to its protection level. [L:\New Restauraunt Pos\src\RestaurantPOS14\RestaurantPOS14.vbproj]
L:\New Restauraunt Pos\src\RestaurantPOS14\RestaurantPOS14\RPOS_DBDataSet1.vb(3720,20): error BC30456: 'CMISettingRowDeletingEvent' is not a member of 'RPOS_DBDataSet1.CMISettingDataTable'. [L:\New Restauraunt Pos\src\RestaurantPOS14\RestaurantPOS14.vbproj]
L:\New Restauraunt Pos\src\RestaurantPOS14\RestaurantPOS14\RPOS_DBDataSet1.vb(3721,32): error BC30451: 'CMISettingRowDeleting' is not declared. It may be inaccessible due to its protection level. [L:\New Restauraunt Pos\src\RestaurantPOS14\RestaurantPOS14.vbproj]
L:\New Restauraunt Pos\src\RestaurantPOS14\RestaurantPOS14\RPOS_DBDataSet1.vb(12093,20): error BC30456: 'JournalRowChangedEvent' is not a member of 'RPOS_DBDataSet1.JournalDataTable'. [L:\New Restauraunt Pos\src\RestaurantPOS14\RestaurantPOS14.vbproj]
L:\New Restauraunt Pos\src\RestaurantPOS14\RestaurantPOS14\RPOS_DBDataSet1.vb(12094,32): error BC30451: 'JournalRowChanged' is not declared. It may be inaccessible due to its protection level. [L:\New Restauraunt Pos\src\RestaurantPOS14\RestaurantPOS14.vbproj]
L:\New Restauraunt Pos\src\RestaurantPOS14\RestaurantPOS14\RPOS_DBDataSet1.vb(12102,20): error BC30456: 'JournalRowChangingEvent' is not a member of 'RPOS_DBDataSet1.JournalDataTable'. [L:\New Restauraunt Pos\src\RestaurantPOS14\RestaurantPOS14.vbproj]
L:\New Restauraunt Pos\src\RestaurantPOS14\RestaurantPOS14\RPOS_DBDataSet1.vb(12103,32): error BC30451: 'JournalRowChanging' is not declared. It may be inaccessible due to its protection level. [L:\New Restauraunt Pos\src\RestaurantPOS14\RestaurantPOS14.vbproj]
L:\New Restauraunt Pos\src\RestaurantPOS14\RestaurantPOS14\RPOS_DBDataSet1.vb(12111,20): error BC30456: 'JournalRowDeletedEvent' is not a member of 'RPOS_DBDataSet1.JournalDataTable'. [L:\New Restauraunt Pos\src\RestaurantPOS14\RestaurantPOS14.vbproj]
L:\New Restauraunt Pos\src\RestaurantPOS14\RestaurantPOS14\RPOS_DBDataSet1.vb(12112,32): error BC30451: 'JournalRowDeleted' is not declared. It may be inaccessible due to its protection level. [L:\New Restauraunt Pos\src\RestaurantPOS14\RestaurantPOS14.vbproj]
L:\New Restauraunt Pos\src\RestaurantPOS14\RestaurantPOS14\RPOS_DBDataSet1.vb(12120,20): error BC30456: 'JournalRowDeletingEvent' is not a member of 'RPOS_DBDataSet1.JournalDataTable'. [L:\New Restauraunt Pos\src\RestaurantPOS14\RestaurantPOS14.vbproj]
L:\New Restauraunt Pos\src\RestaurantPOS14\RestaurantPOS14\RPOS_DBDataSet1.vb(12121,32): error BC30451: 'JournalRowDeleting' is not declared. It may be inaccessible due to its protection level. [L:\New Restauraunt Pos\src\RestaurantPOS14\RestaurantPOS14.vbproj]
L:\New Restauraunt Pos\src\RestaurantPOS14\RestaurantPOS14\RPOS_DBDataSet1.vb(2190,20): error BC30456: 'BankBranchRowChangedEvent' is not a member of 'RPOS_DBDataSet1.BankBranchDataTable'. [L:\New Restauraunt Pos\src\RestaurantPOS14\RestaurantPOS14.vbproj]
L:\New Restauraunt Pos\src\RestaurantPOS14\RestaurantPOS14\RPOS_DBDataSet1.vb(2191,32): error BC30451: 'BankBranchRowChanged' is not declared. It may be inaccessible due to its protection level. [L:\New Restauraunt Pos\src\RestaurantPOS14\RestaurantPOS14.vbproj]
L:\New Restauraunt Pos\src\RestaurantPOS14\RestaurantPOS14\RPOS_DBDataSet1.vb(2199,20): error BC30456: 'BankBranchRowChangingEvent' is not a member of 'RPOS_DBDataSet1.BankBranchDataTable'. [L:\New Restauraunt Pos\src\RestaurantPOS14\RestaurantPOS14.vbproj]
L:\New Restauraunt Pos\src\RestaurantPOS14\RestaurantPOS14\RPOS_DBDataSet1.vb(2200,32): error BC30451: 'BankBranchRowChanging' is not declared. It may be inaccessible due to its protection level. [L:\New Restauraunt Pos\src\RestaurantPOS14\RestaurantPOS14.vbproj]
L:\New Restauraunt Pos\src\RestaurantPOS14\RestaurantPOS14\RPOS_DBDataSet1.vb(2208,20): error BC30456: 'BankBranchRowDeletedEvent' is not a member of 'RPOS_DBDataSet1.BankBranchDataTable'. [L:\New Restauraunt Pos\src\RestaurantPOS14\RestaurantPOS14.vbproj]
L:\New Restauraunt Pos\src\RestaurantPOS14\RestaurantPOS14\RPOS_DBDataSet1.vb(2209,32): error BC30451: 'BankBranchRowDeleted' is not declared. It may be inaccessible due to its protection level. [L:\New Restauraunt Pos\src\RestaurantPOS14\RestaurantPOS14.vbproj]
L:\New Restauraunt Pos\src\RestaurantPOS14\RestaurantPOS14\RPOS_DBDataSet1.vb(2217,20): error BC30456: 'BankBranchRowDeletingEvent' is not a member of 'RPOS_DBDataSet1.BankBranchDataTable'. [L:\New Restauraunt Pos\src\RestaurantPOS14\RestaurantPOS14.vbproj]
L:\New Restauraunt Pos\src\RestaurantPOS14\RestaurantPOS14\RPOS_DBDataSet1.vb(2218,32): error BC30451: 'BankBranchRowDeleting' is not declared. It may be inaccessible due to its protection level. [L:\New Restauraunt Pos\src\RestaurantPOS14\RestaurantPOS14.vbproj]
L:\New Restauraunt Pos\src\RestaurantPOS14\RestaurantPOS14\RPOS_DBDataSet1.vb(8656,20): error BC30456: 'FundDepositRowDeletingEvent' is not a member of 'RPOS_DBDataSet1.FundDepositDataTable'. [L:\New Restauraunt Pos\src\RestaurantPOS14\RestaurantPOS14.vbproj]
L:\New Restauraunt Pos\src\RestaurantPOS14\RestaurantPOS14\RPOS_DBDataSet1.vb(8657,32): error BC30451: 'FundDepositRowDeleting' is not declared. It may be inaccessible due to its protection level. [L:\New Restauraunt Pos\src\RestaurantPOS14\RestaurantPOS14.vbproj]
L:\New Restauraunt Pos\src\RestaurantPOS14\RestaurantPOS14\RPOS_DBDataSet1.vb(14847,20): error BC30456: 'MemberRowChangedEvent' is not a member of 'RPOS_DBDataSet1.MemberDataTable'. [L:\New Restauraunt Pos\src\RestaurantPOS14\RestaurantPOS14.vbproj]
L:\New Restauraunt Pos\src\RestaurantPOS14\RestaurantPOS14\RPOS_DBDataSet1.vb(14848,32): error BC30451: 'MemberRowChanged' is not declared. It may be inaccessible due to its protection level. [L:\New Restauraunt Pos\src\RestaurantPOS14\RestaurantPOS14.vbproj]
L:\New Restauraunt Pos\src\RestaurantPOS14\RestaurantPOS14\RPOS_DBDataSet1.vb(14856,20): error BC30456: 'MemberRowChangingEvent' is not a member of 'RPOS_DBDataSet1.MemberDataTable'. [L:\New Restauraunt Pos\src\RestaurantPOS14\RestaurantPOS14.vbproj]
L:\New Restauraunt Pos\src\RestaurantPOS14\RestaurantPOS14\RPOS_DBDataSet1.vb(14857,32): error BC30451: 'MemberRowChanging' is not declared. It may be inaccessible due to its protection level. [L:\New Restauraunt Pos\src\RestaurantPOS14\RestaurantPOS14.vbproj]
L:\New Restauraunt Pos\src\RestaurantPOS14\RestaurantPOS14\RPOS_DBDataSet1.vb(14865,20): error BC30456: 'MemberRowDeletedEvent' is not a member of 'RPOS_DBDataSet1.MemberDataTable'. [L:\New Restauraunt Pos\src\RestaurantPOS14\RestaurantPOS14.vbproj]
L:\New Restauraunt Pos\src\RestaurantPOS14\RestaurantPOS14\RPOS_DBDataSet1.vb(14866,32): error BC30451: 'MemberRowDeleted' is not declared. It may be inaccessible due to its protection level. [L:\New Restauraunt Pos\src\RestaurantPOS14\RestaurantPOS14.vbproj]
L:\New Restauraunt Pos\src\RestaurantPOS14\RestaurantPOS14\RPOS_DBDataSet1.vb(14874,20): error BC30456: 'MemberRowDeletingEvent' is not a member of 'RPOS_DBDataSet1.MemberDataTable'. [L:\New Restauraunt Pos\src\RestaurantPOS14\RestaurantPOS14.vbproj]
L:\New Restauraunt Pos\src\RestaurantPOS14\RestaurantPOS14\RPOS_DBDataSet1.vb(14875,32): error BC30451: 'MemberRowDeleting' is not declared. It may be inaccessible due to its protection level. [L:\New Restauraunt Pos\src\RestaurantPOS14\RestaurantPOS14.vbproj]
L:\New Restauraunt Pos\src\RestaurantPOS14\RestaurantPOS14\RPOS_DBDataSet1.vb(11695,20): error BC30456: 'HotelRowChangedEvent' is not a member of 'RPOS_DBDataSet1.HotelDataTable'. [L:\New Restauraunt Pos\src\RestaurantPOS14\RestaurantPOS14.vbproj]
L:\New Restauraunt Pos\src\RestaurantPOS14\RestaurantPOS14\RPOS_DBDataSet1.vb(11696,32): error BC30451: 'HotelRowChanged' is not declared. It may be inaccessible due to its protection level. [L:\New Restauraunt Pos\src\RestaurantPOS14\RestaurantPOS14.vbproj]
L:\New Restauraunt Pos\src\RestaurantPOS14\RestaurantPOS14\RPOS_DBDataSet1.vb(11704,20): error BC30456: 'HotelRowChangingEvent' is not a member of 'RPOS_DBDataSet1.HotelDataTable'. [L:\New Restauraunt Pos\src\RestaurantPOS14\RestaurantPOS14.vbproj]
L:\New Restauraunt Pos\src\RestaurantPOS14\RestaurantPOS14\RPOS_DBDataSet1.vb(11705,32): error BC30451: 'HotelRowChanging' is not declared. It may be inaccessible due to its protection level. [L:\New Restauraunt Pos\src\RestaurantPOS14\RestaurantPOS14.vbproj]
L:\New Restauraunt Pos\src\RestaurantPOS14\RestaurantPOS14\RPOS_DBDataSet1.vb(11713,20): error BC30456: 'HotelRowDeletedEvent' is not a member of 'RPOS_DBDataSet1.HotelDataTable'. [L:\New Restauraunt Pos\src\RestaurantPOS14\RestaurantPOS14.vbproj]
L:\New Restauraunt Pos\src\RestaurantPOS14\RestaurantPOS14\RPOS_DBDataSet1.vb(11714,32): error BC30451: 'HotelRowDeleted' is not declared. It may be inaccessible due to its protection level. [L:\New Restauraunt Pos\src\RestaurantPOS14\RestaurantPOS14.vbproj]
L:\New Restauraunt Pos\src\RestaurantPOS14\RestaurantPOS14\RPOS_DBDataSet1.vb(11722,20): error BC30456: 'HotelRowDeletingEvent' is not a member of 'RPOS_DBDataSet1.HotelDataTable'. [L:\New Restauraunt Pos\src\RestaurantPOS14\RestaurantPOS14.vbproj]
L:\New Restauraunt Pos\src\RestaurantPOS14\RestaurantPOS14\RPOS_DBDataSet1.vb(11723,32): error BC30451: 'HotelRowDeleting' is not declared. It may be inaccessible due to its protection level. [L:\New Restauraunt Pos\src\RestaurantPOS14\RestaurantPOS14.vbproj]
L:\New Restauraunt Pos\src\RestaurantPOS14\RestaurantPOS14\RPOS_DBDataSet1.vb(11145,20): error BC30456: 'HoldItemsRowChangedEvent' is not a member of 'RPOS_DBDataSet1.HoldItemsDataTable'. [L:\New Restauraunt Pos\src\RestaurantPOS14\RestaurantPOS14.vbproj]
L:\New Restauraunt Pos\src\RestaurantPOS14\RestaurantPOS14\RPOS_DBDataSet1.vb(11146,32): error BC30451: 'HoldItemsRowChanged' is not declared. It may be inaccessible due to its protection level. [L:\New Restauraunt Pos\src\RestaurantPOS14\RestaurantPOS14.vbproj]
L:\New Restauraunt Pos\src\RestaurantPOS14\RestaurantPOS14\RPOS_DBDataSet1.vb(14454,20): error BC30456: 'LoyaltySettingRowChangedEvent' is not a member of 'RPOS_DBDataSet1.LoyaltySettingDataTable'. [L:\New Restauraunt Pos\src\RestaurantPOS14\RestaurantPOS14.vbproj]
L:\New Restauraunt Pos\src\RestaurantPOS14\RestaurantPOS14\RPOS_DBDataSet1.vb(14455,32): error BC30451: 'LoyaltySettingRowChanged' is not declared. It may be inaccessible due to its protection level. [L:\New Restauraunt Pos\src\RestaurantPOS14\RestaurantPOS14.vbproj]
L:\New Restauraunt Pos\src\RestaurantPOS14\RestaurantPOS14\RPOS_DBDataSet1.vb(11154,20): error BC30456: 'HoldItemsRowChangingEvent' is not a member of 'RPOS_DBDataSet1.HoldItemsDataTable'. [L:\New Restauraunt Pos\src\RestaurantPOS14\RestaurantPOS14.vbproj]
L:\New Restauraunt Pos\src\RestaurantPOS14\RestaurantPOS14\RPOS_DBDataSet1.vb(11155,32): error BC30451: 'HoldItemsRowChanging' is not declared. It may be inaccessible due to its protection level. [L:\New Restauraunt Pos\src\RestaurantPOS14\RestaurantPOS14.vbproj]
L:\New Restauraunt Pos\src\RestaurantPOS14\RestaurantPOS14\RPOS_DBDataSet1.vb(14463,20): error BC30456: 'LoyaltySettingRowChangingEvent' is not a member of 'RPOS_DBDataSet1.LoyaltySettingDataTable'. [L:\New Restauraunt Pos\src\RestaurantPOS14\RestaurantPOS14.vbproj]
L:\New Restauraunt Pos\src\RestaurantPOS14\RestaurantPOS14\RPOS_DBDataSet1.vb(14464,32): error BC30451: 'LoyaltySettingRowChanging' is not declared. It may be inaccessible due to its protection level. [L:\New Restauraunt Pos\src\RestaurantPOS14\RestaurantPOS14.vbproj]
L:\New Restauraunt Pos\src\RestaurantPOS14\RestaurantPOS14\RPOS_DBDataSet1.vb(12448,20): error BC30456: 'KitchenRowChangedEvent' is not a member of 'RPOS_DBDataSet1.KitchenDataTable'. [L:\New Restauraunt Pos\src\RestaurantPOS14\RestaurantPOS14.vbproj]
L:\New Restauraunt Pos\src\RestaurantPOS14\RestaurantPOS14\RPOS_DBDataSet1.vb(12449,32): error BC30451: 'KitchenRowChanged' is not declared. It may be inaccessible due to its protection level. [L:\New Restauraunt Pos\src\RestaurantPOS14\RestaurantPOS14.vbproj]
L:\New Restauraunt Pos\src\RestaurantPOS14\RestaurantPOS14\RPOS_DBDataSet1.vb(11163,20): error BC30456: 'HoldItemsRowDeletedEvent' is not a member of 'RPOS_DBDataSet1.HoldItemsDataTable'. [L:\New Restauraunt Pos\src\RestaurantPOS14\RestaurantPOS14.vbproj]
L:\New Restauraunt Pos\src\RestaurantPOS14\RestaurantPOS14\RPOS_DBDataSet1.vb(11164,32): error BC30451: 'HoldItemsRowDeleted' is not declared. It may be inaccessible due to its protection level. [L:\New Restauraunt Pos\src\RestaurantPOS14\RestaurantPOS14.vbproj]
L:\New Restauraunt Pos\src\RestaurantPOS14\RestaurantPOS14\RPOS_DBDataSet1.vb(14472,20): error BC30456: 'LoyaltySettingRowDeletedEvent' is not a member of 'RPOS_DBDataSet1.LoyaltySettingDataTable'. [L:\New Restauraunt Pos\src\RestaurantPOS14\RestaurantPOS14.vbproj]
L:\New Restauraunt Pos\src\RestaurantPOS14\RestaurantPOS14\RPOS_DBDataSet1.vb(14473,32): error BC30451: 'LoyaltySettingRowDeleted' is not declared. It may be inaccessible due to its protection level. [L:\New Restauraunt Pos\src\RestaurantPOS14\RestaurantPOS14.vbproj]
L:\New Restauraunt Pos\src\RestaurantPOS14\RestaurantPOS14\RPOS_DBDataSet1.vb(12457,20): error BC30456: 'KitchenRowChangingEvent' is not a member of 'RPOS_DBDataSet1.KitchenDataTable'. [L:\New Restauraunt Pos\src\RestaurantPOS14\RestaurantPOS14.vbproj]
L:\New Restauraunt Pos\src\RestaurantPOS14\RestaurantPOS14\RPOS_DBDataSet1.vb(12458,32): error BC30451: 'KitchenRowChanging' is not declared. It may be inaccessible due to its protection level. [L:\New Restauraunt Pos\src\RestaurantPOS14\RestaurantPOS14.vbproj]
L:\New Restauraunt Pos\src\RestaurantPOS14\RestaurantPOS14\RPOS_DBDataSet1.vb(14481,20): error BC30456: 'LoyaltySettingRowDeletingEvent' is not a member of 'RPOS_DBDataSet1.LoyaltySettingDataTable'. [L:\New Restauraunt Pos\src\RestaurantPOS14\RestaurantPOS14.vbproj]
L:\New Restauraunt Pos\src\RestaurantPOS14\RestaurantPOS14\RPOS_DBDataSet1.vb(14482,32): error BC30451: 'LoyaltySettingRowDeleting' is not declared. It may be inaccessible due to its protection level. [L:\New Restauraunt Pos\src\RestaurantPOS14\RestaurantPOS14.vbproj]
L:\New Restauraunt Pos\src\RestaurantPOS14\RestaurantPOS14\RPOS_DBDataSet1.vb(11172,20): error BC30456: 'HoldItemsRowDeletingEvent' is not a member of 'RPOS_DBDataSet1.HoldItemsDataTable'. [L:\New Restauraunt Pos\src\RestaurantPOS14\RestaurantPOS14.vbproj]
L:\New Restauraunt Pos\src\RestaurantPOS14\RestaurantPOS14\RPOS_DBDataSet1.vb(11173,32): error BC30451: 'HoldItemsRowDeleting' is not declared. It may be inaccessible due to its protection level. [L:\New Restauraunt Pos\src\RestaurantPOS14\RestaurantPOS14.vbproj]
L:\New Restauraunt Pos\src\RestaurantPOS14\RestaurantPOS14\RPOS_DBDataSet1.vb(12466,20): error BC30456: 'KitchenRowDeletedEvent' is not a member of 'RPOS_DBDataSet1.KitchenDataTable'. [L:\New Restauraunt Pos\src\RestaurantPOS14\RestaurantPOS14.vbproj]
L:\New Restauraunt Pos\src\RestaurantPOS14\RestaurantPOS14\RPOS_DBDataSet1.vb(12467,32): error BC30451: 'KitchenRowDeleted' is not declared. It may be inaccessible due to its protection level. [L:\New Restauraunt Pos\src\RestaurantPOS14\RestaurantPOS14.vbproj]
L:\New Restauraunt Pos\src\RestaurantPOS14\RestaurantPOS14\RPOS_DBDataSet1.vb(12475,20): error BC30456: 'KitchenRowDeletingEvent' is not a member of 'RPOS_DBDataSet1.KitchenDataTable'. [L:\New Restauraunt Pos\src\RestaurantPOS14\RestaurantPOS14.vbproj]
L:\New Restauraunt Pos\src\RestaurantPOS14\RestaurantPOS14\RPOS_DBDataSet1.vb(12476,32): error BC30451: 'KitchenRowDeleting' is not declared. It may be inaccessible due to its protection level. [L:\New Restauraunt Pos\src\RestaurantPOS14\RestaurantPOS14.vbproj]
L:\New Restauraunt Pos\src\RestaurantPOS14\RestaurantPOS14\RPOS_DBDataSet1.vb(14100,20): error BC30456: 'LoyaltyMemberLedgerBookRowChangedEvent' is not a member of 'RPOS_DBDataSet1.LoyaltyMemberLedgerBookDataTable'. [L:\New Restauraunt Pos\src\RestaurantPOS14\RestaurantPOS14.vbproj]
L:\New Restauraunt Pos\src\RestaurantPOS14\RestaurantPOS14\RPOS_DBDataSet1.vb(14101,32): error BC30451: 'LoyaltyMemberLedgerBookRowChanged' is not declared. It may be inaccessible due to its protection level. [L:\New Restauraunt Pos\src\RestaurantPOS14\RestaurantPOS14.vbproj]
L:\New Restauraunt Pos\src\RestaurantPOS14\RestaurantPOS14\RPOS_DBDataSet1.vb(14109,20): error BC30456: 'LoyaltyMemberLedgerBookRowChangingEvent' is not a member of 'RPOS_DBDataSet1.LoyaltyMemberLedgerBookDataTable'. [L:\New Restauraunt Pos\src\RestaurantPOS14\RestaurantPOS14.vbproj]
L:\New Restauraunt Pos\src\RestaurantPOS14\RestaurantPOS14\RPOS_DBDataSet1.vb(14110,32): error BC30451: 'LoyaltyMemberLedgerBookRowChanging' is not declared. It may be inaccessible due to its protection level. [L:\New Restauraunt Pos\src\RestaurantPOS14\RestaurantPOS14.vbproj]
L:\New Restauraunt Pos\src\RestaurantPOS14\RestaurantPOS14\RPOS_DBDataSet1.vb(13270,20): error BC30456: 'LogsRowChangedEvent' is not a member of 'RPOS_DBDataSet1.LogsDataTable'. [L:\New Restauraunt Pos\src\RestaurantPOS14\RestaurantPOS14.vbproj]
L:\New Restauraunt Pos\src\RestaurantPOS14\RestaurantPOS14\RPOS_DBDataSet1.vb(13271,32): error BC30451: 'LogsRowChanged' is not declared. It may be inaccessible due to its protection level. [L:\New Restauraunt Pos\src\RestaurantPOS14\RestaurantPOS14.vbproj]
L:\New Restauraunt Pos\src\RestaurantPOS14\RestaurantPOS14\RPOS_DBDataSet1.vb(13680,20): error BC30456: 'LoyaltyMemberRowChangedEvent' is not a member of 'RPOS_DBDataSet1.LoyaltyMemberDataTable'. [L:\New Restauraunt Pos\src\RestaurantPOS14\RestaurantPOS14.vbproj]
L:\New Restauraunt Pos\src\RestaurantPOS14\RestaurantPOS14\RPOS_DBDataSet1.vb(13681,32): error BC30451: 'LoyaltyMemberRowChanged' is not declared. It may be inaccessible due to its protection level. [L:\New Restauraunt Pos\src\RestaurantPOS14\RestaurantPOS14.vbproj]
L:\New Restauraunt Pos\src\RestaurantPOS14\RestaurantPOS14\RPOS_DBDataSet1.vb(14118,20): error BC30456: 'LoyaltyMemberLedgerBookRowDeletedEvent' is not a member of 'RPOS_DBDataSet1.LoyaltyMemberLedgerBookDataTable'. [L:\New Restauraunt Pos\src\RestaurantPOS14\RestaurantPOS14.vbproj]
L:\New Restauraunt Pos\src\RestaurantPOS14\RestaurantPOS14\RPOS_DBDataSet1.vb(14119,32): error BC30451: 'LoyaltyMemberLedgerBookRowDeleted' is not declared. It may be inaccessible due to its protection level. [L:\New Restauraunt Pos\src\RestaurantPOS14\RestaurantPOS14.vbproj]
L:\New Restauraunt Pos\src\RestaurantPOS14\RestaurantPOS14\RPOS_DBDataSet1.vb(13279,20): error BC30456: 'LogsRowChangingEvent' is not a member of 'RPOS_DBDataSet1.LogsDataTable'. [L:\New Restauraunt Pos\src\RestaurantPOS14\RestaurantPOS14.vbproj]
L:\New Restauraunt Pos\src\RestaurantPOS14\RestaurantPOS14\RPOS_DBDataSet1.vb(13280,32): error BC30451: 'LogsRowChanging' is not declared. It may be inaccessible due to its protection level. [L:\New Restauraunt Pos\src\RestaurantPOS14\RestaurantPOS14.vbproj]
L:\New Restauraunt Pos\src\RestaurantPOS14\RestaurantPOS14\RPOS_DBDataSet1.vb(14127,20): error BC30456: 'LoyaltyMemberLedgerBookRowDeletingEvent' is not a member of 'RPOS_DBDataSet1.LoyaltyMemberLedgerBookDataTable'. [L:\New Restauraunt Pos\src\RestaurantPOS14\RestaurantPOS14.vbproj]
L:\New Restauraunt Pos\src\RestaurantPOS14\RestaurantPOS14\RPOS_DBDataSet1.vb(14128,32): error BC30451: 'LoyaltyMemberLedgerBookRowDeleting' is not declared. It may be inaccessible due to its protection level. [L:\New Restauraunt Pos\src\RestaurantPOS14\RestaurantPOS14.vbproj]
L:\New Restauraunt Pos\src\RestaurantPOS14\RestaurantPOS14\RPOS_DBDataSet1.vb(13288,20): error BC30456: 'LogsRowDeletedEvent' is not a member of 'RPOS_DBDataSet1.LogsDataTable'. [L:\New Restauraunt Pos\src\RestaurantPOS14\RestaurantPOS14.vbproj]
L:\New Restauraunt Pos\src\RestaurantPOS14\RestaurantPOS14\RPOS_DBDataSet1.vb(13289,32): error BC30451: 'LogsRowDeleted' is not declared. It may be inaccessible due to its protection level. [L:\New Restauraunt Pos\src\RestaurantPOS14\RestaurantPOS14.vbproj]
L:\New Restauraunt Pos\src\RestaurantPOS14\RestaurantPOS14\RPOS_DBDataSet1.vb(13297,20): error BC30456: 'LogsRowDeletingEvent' is not a member of 'RPOS_DBDataSet1.LogsDataTable'. [L:\New Restauraunt Pos\src\RestaurantPOS14\RestaurantPOS14.vbproj]
L:\New Restauraunt Pos\src\RestaurantPOS14\RestaurantPOS14\RPOS_DBDataSet1.vb(13298,32): error BC30451: 'LogsRowDeleting' is not declared. It may be inaccessible due to its protection level. [L:\New Restauraunt Pos\src\RestaurantPOS14\RestaurantPOS14.vbproj]
L:\New Restauraunt Pos\src\RestaurantPOS14\RestaurantPOS14\RPOS_DBDataSet1.vb(13689,20): error BC30456: 'LoyaltyMemberRowChangingEvent' is not a member of 'RPOS_DBDataSet1.LoyaltyMemberDataTable'. [L:\New Restauraunt Pos\src\RestaurantPOS14\RestaurantPOS14.vbproj]
L:\New Restauraunt Pos\src\RestaurantPOS14\RestaurantPOS14\RPOS_DBDataSet1.vb(13690,32): error BC30451: 'LoyaltyMemberRowChanging' is not declared. It may be inaccessible due to its protection level. [L:\New Restauraunt Pos\src\RestaurantPOS14\RestaurantPOS14.vbproj]
L:\New Restauraunt Pos\src\RestaurantPOS14\RestaurantPOS14\RPOS_DBDataSet1.vb(13698,20): error BC30456: 'LoyaltyMemberRowDeletedEvent' is not a member of 'RPOS_DBDataSet1.LoyaltyMemberDataTable'. [L:\New Restauraunt Pos\src\RestaurantPOS14\RestaurantPOS14.vbproj]
L:\New Restauraunt Pos\src\RestaurantPOS14\RestaurantPOS14\RPOS_DBDataSet1.vb(13699,32): error BC30451: 'LoyaltyMemberRowDeleted' is not declared. It may be inaccessible due to its protection level. [L:\New Restauraunt Pos\src\RestaurantPOS14\RestaurantPOS14.vbproj]
L:\New Restauraunt Pos\src\RestaurantPOS14\RestaurantPOS14\RPOS_DBDataSet1.vb(12891,20): error BC30456: 'LedgerBookRowChangedEvent' is not a member of 'RPOS_DBDataSet1.LedgerBookDataTable'. [L:\New Restauraunt Pos\src\RestaurantPOS14\RestaurantPOS14.vbproj]
L:\New Restauraunt Pos\src\RestaurantPOS14\RestaurantPOS14\RPOS_DBDataSet1.vb(12892,32): error BC30451: 'LedgerBookRowChanged' is not declared. It may be inaccessible due to its protection level. [L:\New Restauraunt Pos\src\RestaurantPOS14\RestaurantPOS14.vbproj]
L:\New Restauraunt Pos\src\RestaurantPOS14\RestaurantPOS14\RPOS_DBDataSet1.vb(13707,20): error BC30456: 'LoyaltyMemberRowDeletingEvent' is not a member of 'RPOS_DBDataSet1.LoyaltyMemberDataTable'. [L:\New Restauraunt Pos\src\RestaurantPOS14\RestaurantPOS14.vbproj]
L:\New Restauraunt Pos\src\RestaurantPOS14\RestaurantPOS14\RPOS_DBDataSet1.vb(13708,32): error BC30451: 'LoyaltyMemberRowDeleting' is not declared. It may be inaccessible due to its protection level. [L:\New Restauraunt Pos\src\RestaurantPOS14\RestaurantPOS14.vbproj]
L:\New Restauraunt Pos\src\RestaurantPOS14\RestaurantPOS14\RPOS_DBDataSet1.vb(12900,20): error BC30456: 'LedgerBookRowChangingEvent' is not a member of 'RPOS_DBDataSet1.LedgerBookDataTable'. [L:\New Restauraunt Pos\src\RestaurantPOS14\RestaurantPOS14.vbproj]
L:\New Restauraunt Pos\src\RestaurantPOS14\RestaurantPOS14\RPOS_DBDataSet1.vb(12901,32): error BC30451: 'LedgerBookRowChanging' is not declared. It may be inaccessible due to its protection level. [L:\New Restauraunt Pos\src\RestaurantPOS14\RestaurantPOS14.vbproj]
L:\New Restauraunt Pos\src\RestaurantPOS14\RestaurantPOS14\RPOS_DBDataSet1.vb(12909,20): error BC30456: 'LedgerBookRowDeletedEvent' is not a member of 'RPOS_DBDataSet1.LedgerBookDataTable'. [L:\New Restauraunt Pos\src\RestaurantPOS14\RestaurantPOS14.vbproj]
L:\New Restauraunt Pos\src\RestaurantPOS14\RestaurantPOS14\RPOS_DBDataSet1.vb(12910,32): error BC30451: 'LedgerBookRowDeleted' is not declared. It may be inaccessible due to its protection level. [L:\New Restauraunt Pos\src\RestaurantPOS14\RestaurantPOS14.vbproj]
L:\New Restauraunt Pos\src\RestaurantPOS14\RestaurantPOS14\RPOS_DBDataSet1.vb(12918,20): error BC30456: 'LedgerBookRowDeletingEvent' is not a member of 'RPOS_DBDataSet1.LedgerBookDataTable'. [L:\New Restauraunt Pos\src\RestaurantPOS14\RestaurantPOS14.vbproj]
L:\New Restauraunt Pos\src\RestaurantPOS14\RestaurantPOS14\RPOS_DBDataSet1.vb(12919,32): error BC30451: 'LedgerBookRowDeleting' is not declared. It may be inaccessible due to its protection level. [L:\New Restauraunt Pos\src\RestaurantPOS14\RestaurantPOS14.vbproj]
L:\New Restauraunt Pos\src\RestaurantPOS14\RestaurantPOS14\RPOS_DBDataSet.vb(28616,20): error BC30456: 'WarehouseTypeRowChangedEvent' is not a member of 'RPOS_DBDataSet.WarehouseTypeDataTable'. [L:\New Restauraunt Pos\src\RestaurantPOS14\RestaurantPOS14.vbproj]
L:\New Restauraunt Pos\src\RestaurantPOS14\RestaurantPOS14\RPOS_DBDataSet.vb(28617,32): error BC30451: 'WarehouseTypeRowChanged' is not declared. It may be inaccessible due to its protection level. [L:\New Restauraunt Pos\src\RestaurantPOS14\RestaurantPOS14.vbproj]
L:\New Restauraunt Pos\src\RestaurantPOS14\RestaurantPOS14\RPOS_DBDataSet.vb(28625,20): error BC30456: 'WarehouseTypeRowChangingEvent' is not a member of 'RPOS_DBDataSet.WarehouseTypeDataTable'. [L:\New Restauraunt Pos\src\RestaurantPOS14\RestaurantPOS14.vbproj]
L:\New Restauraunt Pos\src\RestaurantPOS14\RestaurantPOS14\RPOS_DBDataSet.vb(28626,32): error BC30451: 'WarehouseTypeRowChanging' is not declared. It may be inaccessible due to its protection level. [L:\New Restauraunt Pos\src\RestaurantPOS14\RestaurantPOS14.vbproj]
L:\New Restauraunt Pos\src\RestaurantPOS14\RestaurantPOS14\RPOS_DBDataSet.vb(29340,20): error BC30456: 'WorkPeriodStartRowChangedEvent' is not a member of 'RPOS_DBDataSet.WorkPeriodStartDataTable'. [L:\New Restauraunt Pos\src\RestaurantPOS14\RestaurantPOS14.vbproj]
L:\New Restauraunt Pos\src\RestaurantPOS14\RestaurantPOS14\RPOS_DBDataSet.vb(29341,32): error BC30451: 'WorkPeriodStartRowChanged' is not declared. It may be inaccessible due to its protection level. [L:\New Restauraunt Pos\src\RestaurantPOS14\RestaurantPOS14.vbproj]
L:\New Restauraunt Pos\src\RestaurantPOS14\RestaurantPOS14\RPOS_DBDataSet.vb(28634,20): error BC30456: 'WarehouseTypeRowDeletedEvent' is not a member of 'RPOS_DBDataSet.WarehouseTypeDataTable'. [L:\New Restauraunt Pos\src\RestaurantPOS14\RestaurantPOS14.vbproj]
L:\New Restauraunt Pos\src\RestaurantPOS14\RestaurantPOS14\RPOS_DBDataSet.vb(28635,32): error BC30451: 'WarehouseTypeRowDeleted' is not declared. It may be inaccessible due to its protection level. [L:\New Restauraunt Pos\src\RestaurantPOS14\RestaurantPOS14.vbproj]
L:\New Restauraunt Pos\src\RestaurantPOS14\RestaurantPOS14\RPOS_DBDataSet.vb(29349,20): error BC30456: 'WorkPeriodStartRowChangingEvent' is not a member of 'RPOS_DBDataSet.WorkPeriodStartDataTable'. [L:\New Restauraunt Pos\src\RestaurantPOS14\RestaurantPOS14.vbproj]
L:\New Restauraunt Pos\src\RestaurantPOS14\RestaurantPOS14\RPOS_DBDataSet.vb(29350,32): error BC30451: 'WorkPeriodStartRowChanging' is not declared. It may be inaccessible due to its protection level. [L:\New Restauraunt Pos\src\RestaurantPOS14\RestaurantPOS14.vbproj]
L:\New Restauraunt Pos\src\RestaurantPOS14\RestaurantPOS14\RPOS_DBDataSet.vb(28643,20): error BC30456: 'WarehouseTypeRowDeletingEvent' is not a member of 'RPOS_DBDataSet.WarehouseTypeDataTable'. [L:\New Restauraunt Pos\src\RestaurantPOS14\RestaurantPOS14.vbproj]
L:\New Restauraunt Pos\src\RestaurantPOS14\RestaurantPOS14\RPOS_DBDataSet.vb(28644,32): error BC30451: 'WarehouseTypeRowDeleting' is not declared. It may be inaccessible due to its protection level. [L:\New Restauraunt Pos\src\RestaurantPOS14\RestaurantPOS14.vbproj]
L:\New Restauraunt Pos\src\RestaurantPOS14\RestaurantPOS14\RPOS_DBDataSet.vb(29358,20): error BC30456: 'WorkPeriodStartRowDeletedEvent' is not a member of 'RPOS_DBDataSet.WorkPeriodStartDataTable'. [L:\New Restauraunt Pos\src\RestaurantPOS14\RestaurantPOS14.vbproj]
L:\New Restauraunt Pos\src\RestaurantPOS14\RestaurantPOS14\RPOS_DBDataSet.vb(29359,32): error BC30451: 'WorkPeriodStartRowDeleted' is not declared. It may be inaccessible due to its protection level. [L:\New Restauraunt Pos\src\RestaurantPOS14\RestaurantPOS14.vbproj]
L:\New Restauraunt Pos\src\RestaurantPOS14\RestaurantPOS14\RPOS_DBDataSet.vb(29367,20): error BC30456: 'WorkPeriodStartRowDeletingEvent' is not a member of 'RPOS_DBDataSet.WorkPeriodStartDataTable'. [L:\New Restauraunt Pos\src\RestaurantPOS14\RestaurantPOS14.vbproj]
L:\New Restauraunt Pos\src\RestaurantPOS14\RestaurantPOS14\RPOS_DBDataSet.vb(29368,32): error BC30451: 'WorkPeriodStartRowDeleting' is not declared. It may be inaccessible due to its protection level. [L:\New Restauraunt Pos\src\RestaurantPOS14\RestaurantPOS14.vbproj]
L:\New Restauraunt Pos\src\RestaurantPOS14\RestaurantPOS14\RPOS_DBDataSet.vb(28280,20): error BC30456: 'WarehouseRowChangedEvent' is not a member of 'RPOS_DBDataSet.WarehouseDataTable'. [L:\New Restauraunt Pos\src\RestaurantPOS14\RestaurantPOS14.vbproj]
L:\New Restauraunt Pos\src\RestaurantPOS14\RestaurantPOS14\RPOS_DBDataSet.vb(28281,32): error BC30451: 'WarehouseRowChanged' is not declared. It may be inaccessible due to its protection level. [L:\New Restauraunt Pos\src\RestaurantPOS14\RestaurantPOS14.vbproj]
L:\New Restauraunt Pos\src\RestaurantPOS14\RestaurantPOS14\RPOS_DBDataSet.vb(28289,20): error BC30456: 'WarehouseRowChangingEvent' is not a member of 'RPOS_DBDataSet.WarehouseDataTable'. [L:\New Restauraunt Pos\src\RestaurantPOS14\RestaurantPOS14.vbproj]
L:\New Restauraunt Pos\src\RestaurantPOS14\RestaurantPOS14\RPOS_DBDataSet.vb(28290,32): error BC30451: 'WarehouseRowChanging' is not declared. It may be inaccessible due to its protection level. [L:\New Restauraunt Pos\src\RestaurantPOS14\RestaurantPOS14.vbproj]
L:\New Restauraunt Pos\src\RestaurantPOS14\RestaurantPOS14\RPOS_DBDataSet.vb(27892,20): error BC30456: 'WalletRowChangedEvent' is not a member of 'RPOS_DBDataSet.WalletDataTable'. [L:\New Restauraunt Pos\src\RestaurantPOS14\RestaurantPOS14.vbproj]
L:\New Restauraunt Pos\src\RestaurantPOS14\RestaurantPOS14\RPOS_DBDataSet.vb(27893,32): error BC30451: 'WalletRowChanged' is not declared. It may be inaccessible due to its protection level. [L:\New Restauraunt Pos\src\RestaurantPOS14\RestaurantPOS14.vbproj]
L:\New Restauraunt Pos\src\RestaurantPOS14\RestaurantPOS14\RPOS_DBDataSet.vb(28298,20): error BC30456: 'WarehouseRowDeletedEvent' is not a member of 'RPOS_DBDataSet.WarehouseDataTable'. [L:\New Restauraunt Pos\src\RestaurantPOS14\RestaurantPOS14.vbproj]
L:\New Restauraunt Pos\src\RestaurantPOS14\RestaurantPOS14\RPOS_DBDataSet.vb(28299,32): error BC30451: 'WarehouseRowDeleted' is not declared. It may be inaccessible due to its protection level. [L:\New Restauraunt Pos\src\RestaurantPOS14\RestaurantPOS14.vbproj]
L:\New Restauraunt Pos\src\RestaurantPOS14\RestaurantPOS14\RPOS_DBDataSet.vb(27901,20): error BC30456: 'WalletRowChangingEvent' is not a member of 'RPOS_DBDataSet.WalletDataTable'. [L:\New Restauraunt Pos\src\RestaurantPOS14\RestaurantPOS14.vbproj]
L:\New Restauraunt Pos\src\RestaurantPOS14\RestaurantPOS14\RPOS_DBDataSet.vb(27902,32): error BC30451: 'WalletRowChanging' is not declared. It may be inaccessible due to its protection level. [L:\New Restauraunt Pos\src\RestaurantPOS14\RestaurantPOS14.vbproj]
L:\New Restauraunt Pos\src\RestaurantPOS14\RestaurantPOS14\RPOS_DBDataSet.vb(28307,20): error BC30456: 'WarehouseRowDeletingEvent' is not a member of 'RPOS_DBDataSet.WarehouseDataTable'. [L:\New Restauraunt Pos\src\RestaurantPOS14\RestaurantPOS14.vbproj]
L:\New Restauraunt Pos\src\RestaurantPOS14\RestaurantPOS14\RPOS_DBDataSet.vb(28308,32): error BC30451: 'WarehouseRowDeleting' is not declared. It may be inaccessible due to its protection level. [L:\New Restauraunt Pos\src\RestaurantPOS14\RestaurantPOS14.vbproj]
L:\New Restauraunt Pos\src\RestaurantPOS14\RestaurantPOS14\RPOS_DBDataSet.vb(27910,20): error BC30456: 'WalletRowDeletedEvent' is not a member of 'RPOS_DBDataSet.WalletDataTable'. [L:\New Restauraunt Pos\src\RestaurantPOS14\RestaurantPOS14.vbproj]
L:\New Restauraunt Pos\src\RestaurantPOS14\RestaurantPOS14\RPOS_DBDataSet.vb(27911,32): error BC30451: 'WalletRowDeleted' is not declared. It may be inaccessible due to its protection level. [L:\New Restauraunt Pos\src\RestaurantPOS14\RestaurantPOS14.vbproj]
L:\New Restauraunt Pos\src\RestaurantPOS14\RestaurantPOS14\RPOS_DBDataSet.vb(27919,20): error BC30456: 'WalletRowDeletingEvent' is not a member of 'RPOS_DBDataSet.WalletDataTable'. [L:\New Restauraunt Pos\src\RestaurantPOS14\RestaurantPOS14.vbproj]
L:\New Restauraunt Pos\src\RestaurantPOS14\RestaurantPOS14\RPOS_DBDataSet.vb(27920,32): error BC30451: 'WalletRowDeleting' is not declared. It may be inaccessible due to its protection level. [L:\New Restauraunt Pos\src\RestaurantPOS14\RestaurantPOS14.vbproj]
L:\New Restauraunt Pos\src\RestaurantPOS14\RestaurantPOS14\RPOS_DBDataSet.vb(27556,20): error BC30456: 'Voucher_OtherDetailsRowChangedEvent' is not a member of 'RPOS_DBDataSet.Voucher_OtherDetailsDataTable'. [L:\New Restauraunt Pos\src\RestaurantPOS14\RestaurantPOS14.vbproj]
L:\New Restauraunt Pos\src\RestaurantPOS14\RestaurantPOS14\RPOS_DBDataSet.vb(27557,32): error BC30451: 'Voucher_OtherDetailsRowChanged' is not declared. It may be inaccessible due to its protection level. [L:\New Restauraunt Pos\src\RestaurantPOS14\RestaurantPOS14.vbproj]
L:\New Restauraunt Pos\src\RestaurantPOS14\RestaurantPOS14\RPOS_DBDataSet.vb(27565,20): error BC30456: 'Voucher_OtherDetailsRowChangingEvent' is not a member of 'RPOS_DBDataSet.Voucher_OtherDetailsDataTable'. [L:\New Restauraunt Pos\src\RestaurantPOS14\RestaurantPOS14.vbproj]
L:\New Restauraunt Pos\src\RestaurantPOS14\RestaurantPOS14\RPOS_DBDataSet.vb(27566,32): error BC30451: 'Voucher_OtherDetailsRowChanging' is not declared. It may be inaccessible due to its protection level. [L:\New Restauraunt Pos\src\RestaurantPOS14\RestaurantPOS14.vbproj]
L:\New Restauraunt Pos\src\RestaurantPOS14\RestaurantPOS14\RPOS_DBDataSet.vb(27574,20): error BC30456: 'Voucher_OtherDetailsRowDeletedEvent' is not a member of 'RPOS_DBDataSet.Voucher_OtherDetailsDataTable'. [L:\New Restauraunt Pos\src\RestaurantPOS14\RestaurantPOS14.vbproj]
L:\New Restauraunt Pos\src\RestaurantPOS14\RestaurantPOS14\RPOS_DBDataSet.vb(27575,32): error BC30451: 'Voucher_OtherDetailsRowDeleted' is not declared. It may be inaccessible due to its protection level. [L:\New Restauraunt Pos\src\RestaurantPOS14\RestaurantPOS14.vbproj]
L:\New Restauraunt Pos\src\RestaurantPOS14\RestaurantPOS14\RPOS_DBDataSet.vb(27583,20): error BC30456: 'Voucher_OtherDetailsRowDeletingEvent' is not a member of 'RPOS_DBDataSet.Voucher_OtherDetailsDataTable'. [L:\New Restauraunt Pos\src\RestaurantPOS14\RestaurantPOS14.vbproj]
L:\New Restauraunt Pos\src\RestaurantPOS14\RestaurantPOS14\RPOS_DBDataSet.vb(27584,32): error BC30451: 'Voucher_OtherDetailsRowDeleting' is not declared. It may be inaccessible due to its protection level. [L:\New Restauraunt Pos\src\RestaurantPOS14\RestaurantPOS14.vbproj]
L:\New Restauraunt Pos\src\RestaurantPOS14\RestaurantPOS14\RPOS_DBDataSet.vb(26725,20): error BC30456: 'Temp_Stock_StoreRowChangedEvent' is not a member of 'RPOS_DBDataSet.Temp_Stock_StoreDataTable'. [L:\New Restauraunt Pos\src\RestaurantPOS14\RestaurantPOS14.vbproj]
L:\New Restauraunt Pos\src\RestaurantPOS14\RestaurantPOS14\RPOS_DBDataSet.vb(26726,32): error BC30451: 'Temp_Stock_StoreRowChanged' is not declared. It may be inaccessible due to its protection level. [L:\New Restauraunt Pos\src\RestaurantPOS14\RestaurantPOS14.vbproj]
L:\New Restauraunt Pos\src\RestaurantPOS14\RestaurantPOS14\RPOS_DBDataSet.vb(26734,20): error BC30456: 'Temp_Stock_StoreRowChangingEvent' is not a member of 'RPOS_DBDataSet.Temp_Stock_StoreDataTable'. [L:\New Restauraunt Pos\src\RestaurantPOS14\RestaurantPOS14.vbproj]
L:\New Restauraunt Pos\src\RestaurantPOS14\RestaurantPOS14\RPOS_DBDataSet.vb(26735,32): error BC30451: 'Temp_Stock_StoreRowChanging' is not declared. It may be inaccessible due to its protection level. [L:\New Restauraunt Pos\src\RestaurantPOS14\RestaurantPOS14.vbproj]
L:\New Restauraunt Pos\src\RestaurantPOS14\RestaurantPOS14\RPOS_DBDataSet.vb(26743,20): error BC30456: 'Temp_Stock_StoreRowDeletedEvent' is not a member of 'RPOS_DBDataSet.Temp_Stock_StoreDataTable'. [L:\New Restauraunt Pos\src\RestaurantPOS14\RestaurantPOS14.vbproj]
L:\New Restauraunt Pos\src\RestaurantPOS14\RestaurantPOS14\RPOS_DBDataSet.vb(26744,32): error BC30451: 'Temp_Stock_StoreRowDeleted' is not declared. It may be inaccessible due to its protection level. [L:\New Restauraunt Pos\src\RestaurantPOS14\RestaurantPOS14.vbproj]
L:\New Restauraunt Pos\src\RestaurantPOS14\RestaurantPOS14\RPOS_DBDataSet.vb(26752,20): error BC30456: 'Temp_Stock_StoreRowDeletingEvent' is not a member of 'RPOS_DBDataSet.Temp_Stock_StoreDataTable'. [L:\New Restauraunt Pos\src\RestaurantPOS14\RestaurantPOS14.vbproj]
L:\New Restauraunt Pos\src\RestaurantPOS14\RestaurantPOS14\RPOS_DBDataSet.vb(26753,32): error BC30451: 'Temp_Stock_StoreRowDeleting' is not declared. It may be inaccessible due to its protection level. [L:\New Restauraunt Pos\src\RestaurantPOS14\RestaurantPOS14.vbproj]
L:\New Restauraunt Pos\src\RestaurantPOS14\RestaurantPOS14\RPOS_DBDataSet.vb(27149,20): error BC30456: 'VoucherRowChangedEvent' is not a member of 'RPOS_DBDataSet.VoucherDataTable'. [L:\New Restauraunt Pos\src\RestaurantPOS14\RestaurantPOS14.vbproj]
L:\New Restauraunt Pos\src\RestaurantPOS14\RestaurantPOS14\RPOS_DBDataSet.vb(27150,32): error BC30451: 'VoucherRowChanged' is not declared. It may be inaccessible due to its protection level. [L:\New Restauraunt Pos\src\RestaurantPOS14\RestaurantPOS14.vbproj]
L:\New Restauraunt Pos\src\RestaurantPOS14\RestaurantPOS14\RPOS_DBDataSet.vb(25558,20): error BC30456: 'tblOrderRowChangedEvent' is not a member of 'RPOS_DBDataSet.tblOrderDataTable'. [L:\New Restauraunt Pos\src\RestaurantPOS14\RestaurantPOS14.vbproj]
L:\New Restauraunt Pos\src\RestaurantPOS14\RestaurantPOS14\RPOS_DBDataSet.vb(25559,32): error BC30451: 'tblOrderRowChanged' is not declared. It may be inaccessible due to its protection level. [L:\New Restauraunt Pos\src\RestaurantPOS14\RestaurantPOS14.vbproj]
L:\New Restauraunt Pos\src\RestaurantPOS14\RestaurantPOS14\RPOS_DBDataSet.vb(27158,20): error BC30456: 'VoucherRowChangingEvent' is not a member of 'RPOS_DBDataSet.VoucherDataTable'. [L:\New Restauraunt Pos\src\RestaurantPOS14\RestaurantPOS14.vbproj]
L:\New Restauraunt Pos\src\RestaurantPOS14\RestaurantPOS14\RPOS_DBDataSet.vb(27159,32): error BC30451: 'VoucherRowChanging' is not declared. It may be inaccessible due to its protection level. [L:\New Restauraunt Pos\src\RestaurantPOS14\RestaurantPOS14.vbproj]
L:\New Restauraunt Pos\src\RestaurantPOS14\RestaurantPOS14\RPOS_DBDataSet.vb(25979,20): error BC30456: 'Temp_StockRowChangedEvent' is not a member of 'RPOS_DBDataSet.Temp_StockDataTable'. [L:\New Restauraunt Pos\src\RestaurantPOS14\RestaurantPOS14.vbproj]
L:\New Restauraunt Pos\src\RestaurantPOS14\RestaurantPOS14\RPOS_DBDataSet.vb(25980,32): error BC30451: 'Temp_StockRowChanged' is not declared. It may be inaccessible due to its protection level. [L:\New Restauraunt Pos\src\RestaurantPOS14\RestaurantPOS14.vbproj]
L:\New Restauraunt Pos\src\RestaurantPOS14\RestaurantPOS14\RPOS_DBDataSet.vb(25567,20): error BC30456: 'tblOrderRowChangingEvent' is not a member of 'RPOS_DBDataSet.tblOrderDataTable'. [L:\New Restauraunt Pos\src\RestaurantPOS14\RestaurantPOS14.vbproj]
L:\New Restauraunt Pos\src\RestaurantPOS14\RestaurantPOS14\RPOS_DBDataSet.vb(25568,32): error BC30451: 'tblOrderRowChanging' is not declared. It may be inaccessible due to its protection level. [L:\New Restauraunt Pos\src\RestaurantPOS14\RestaurantPOS14.vbproj]
L:\New Restauraunt Pos\src\RestaurantPOS14\RestaurantPOS14\RPOS_DBDataSet.vb(27167,20): error BC30456: 'VoucherRowDeletedEvent' is not a member of 'RPOS_DBDataSet.VoucherDataTable'. [L:\New Restauraunt Pos\src\RestaurantPOS14\RestaurantPOS14.vbproj]
L:\New Restauraunt Pos\src\RestaurantPOS14\RestaurantPOS14\RPOS_DBDataSet.vb(27168,32): error BC30451: 'VoucherRowDeleted' is not declared. It may be inaccessible due to its protection level. [L:\New Restauraunt Pos\src\RestaurantPOS14\RestaurantPOS14.vbproj]
L:\New Restauraunt Pos\src\RestaurantPOS14\RestaurantPOS14\RPOS_DBDataSet.vb(25988,20): error BC30456: 'Temp_StockRowChangingEvent' is not a member of 'RPOS_DBDataSet.Temp_StockDataTable'. [L:\New Restauraunt Pos\src\RestaurantPOS14\RestaurantPOS14.vbproj]
L:\New Restauraunt Pos\src\RestaurantPOS14\RestaurantPOS14\RPOS_DBDataSet.vb(25989,32): error BC30451: 'Temp_StockRowChanging' is not declared. It may be inaccessible due to its protection level. [L:\New Restauraunt Pos\src\RestaurantPOS14\RestaurantPOS14.vbproj]
L:\New Restauraunt Pos\src\RestaurantPOS14\RestaurantPOS14\RPOS_DBDataSet.vb(25576,20): error BC30456: 'tblOrderRowDeletedEvent' is not a member of 'RPOS_DBDataSet.tblOrderDataTable'. [L:\New Restauraunt Pos\src\RestaurantPOS14\RestaurantPOS14.vbproj]
L:\New Restauraunt Pos\src\RestaurantPOS14\RestaurantPOS14\RPOS_DBDataSet.vb(25577,32): error BC30451: 'tblOrderRowDeleted' is not declared. It may be inaccessible due to its protection level. [L:\New Restauraunt Pos\src\RestaurantPOS14\RestaurantPOS14.vbproj]
L:\New Restauraunt Pos\src\RestaurantPOS14\RestaurantPOS14\RPOS_DBDataSet.vb(27176,20): error BC30456: 'VoucherRowDeletingEvent' is not a member of 'RPOS_DBDataSet.VoucherDataTable'. [L:\New Restauraunt Pos\src\RestaurantPOS14\RestaurantPOS14.vbproj]
L:\New Restauraunt Pos\src\RestaurantPOS14\RestaurantPOS14\RPOS_DBDataSet.vb(27177,32): error BC30451: 'VoucherRowDeleting' is not declared. It may be inaccessible due to its protection level. [L:\New Restauraunt Pos\src\RestaurantPOS14\RestaurantPOS14.vbproj]
L:\New Restauraunt Pos\src\RestaurantPOS14\RestaurantPOS14\RPOS_DBDataSet.vb(25997,20): error BC30456: 'Temp_StockRowDeletedEvent' is not a member of 'RPOS_DBDataSet.Temp_StockDataTable'. [L:\New Restauraunt Pos\src\RestaurantPOS14\RestaurantPOS14.vbproj]
L:\New Restauraunt Pos\src\RestaurantPOS14\RestaurantPOS14\RPOS_DBDataSet.vb(25998,32): error BC30451: 'Temp_StockRowDeleted' is not declared. It may be inaccessible due to its protection level. [L:\New Restauraunt Pos\src\RestaurantPOS14\RestaurantPOS14.vbproj]
L:\New Restauraunt Pos\src\RestaurantPOS14\RestaurantPOS14\RPOS_DBDataSet.vb(25585,20): error BC30456: 'tblOrderRowDeletingEvent' is not a member of 'RPOS_DBDataSet.tblOrderDataTable'. [L:\New Restauraunt Pos\src\RestaurantPOS14\RestaurantPOS14.vbproj]
L:\New Restauraunt Pos\src\RestaurantPOS14\RestaurantPOS14\RPOS_DBDataSet.vb(25586,32): error BC30451: 'tblOrderRowDeleting' is not declared. It may be inaccessible due to its protection level. [L:\New Restauraunt Pos\src\RestaurantPOS14\RestaurantPOS14.vbproj]
L:\New Restauraunt Pos\src\RestaurantPOS14\RestaurantPOS14\RPOS_DBDataSet.vb(26006,20): error BC30456: 'Temp_StockRowDeletingEvent' is not a member of 'RPOS_DBDataSet.Temp_StockDataTable'. [L:\New Restauraunt Pos\src\RestaurantPOS14\RestaurantPOS14.vbproj]
L:\New Restauraunt Pos\src\RestaurantPOS14\RestaurantPOS14\RPOS_DBDataSet.vb(26007,32): error BC30451: 'Temp_StockRowDeleting' is not declared. It may be inaccessible due to its protection level. [L:\New Restauraunt Pos\src\RestaurantPOS14\RestaurantPOS14.vbproj]
L:\New Restauraunt Pos\src\RestaurantPOS14\RestaurantPOS14\RPOS_DBDataSet.vb(26350,20): error BC30456: 'Temp_Stock_RMRowChangedEvent' is not a member of 'RPOS_DBDataSet.Temp_Stock_RMDataTable'. [L:\New Restauraunt Pos\src\RestaurantPOS14\RestaurantPOS14.vbproj]
L:\New Restauraunt Pos\src\RestaurantPOS14\RestaurantPOS14\RPOS_DBDataSet.vb(26351,32): error BC30451: 'Temp_Stock_RMRowChanged' is not declared. It may be inaccessible due to its protection level. [L:\New Restauraunt Pos\src\RestaurantPOS14\RestaurantPOS14.vbproj]
L:\New Restauraunt Pos\src\RestaurantPOS14\RestaurantPOS14\RPOS_DBDataSet.vb(26359,20): error BC30456: 'Temp_Stock_RMRowChangingEvent' is not a member of 'RPOS_DBDataSet.Temp_Stock_RMDataTable'. [L:\New Restauraunt Pos\src\RestaurantPOS14\RestaurantPOS14.vbproj]
L:\New Restauraunt Pos\src\RestaurantPOS14\RestaurantPOS14\RPOS_DBDataSet.vb(26360,32): error BC30451: 'Temp_Stock_RMRowChanging' is not declared. It may be inaccessible due to its protection level. [L:\New Restauraunt Pos\src\RestaurantPOS14\RestaurantPOS14.vbproj]
L:\New Restauraunt Pos\src\RestaurantPOS14\RestaurantPOS14\RPOS_DBDataSet.vb(26368,20): error BC30456: 'Temp_Stock_RMRowDeletedEvent' is not a member of 'RPOS_DBDataSet.Temp_Stock_RMDataTable'. [L:\New Restauraunt Pos\src\RestaurantPOS14\RestaurantPOS14.vbproj]
L:\New Restauraunt Pos\src\RestaurantPOS14\RestaurantPOS14\RPOS_DBDataSet.vb(26369,32): error BC30451: 'Temp_Stock_RMRowDeleted' is not declared. It may be inaccessible due to its protection level. [L:\New Restauraunt Pos\src\RestaurantPOS14\RestaurantPOS14.vbproj]
L:\New Restauraunt Pos\src\RestaurantPOS14\RestaurantPOS14\RPOS_DBDataSet.vb(26377,20): error BC30456: 'Temp_Stock_RMRowDeletingEvent' is not a member of 'RPOS_DBDataSet.Temp_Stock_RMDataTable'. [L:\New Restauraunt Pos\src\RestaurantPOS14\RestaurantPOS14.vbproj]
L:\New Restauraunt Pos\src\RestaurantPOS14\RestaurantPOS14\RPOS_DBDataSet.vb(26378,32): error BC30451: 'Temp_Stock_RMRowDeleting' is not declared. It may be inaccessible due to its protection level. [L:\New Restauraunt Pos\src\RestaurantPOS14\RestaurantPOS14.vbproj]
L:\New Restauraunt Pos\src\RestaurantPOS14\RestaurantPOS14\RPOS_DBDataSet.vb(23705,20): error BC30456: 'StockTransferRowChangedEvent' is not a member of 'RPOS_DBDataSet.StockTransferDataTable'. [L:\New Restauraunt Pos\src\RestaurantPOS14\RestaurantPOS14.vbproj]
L:\New Restauraunt Pos\src\RestaurantPOS14\RestaurantPOS14\RPOS_DBDataSet.vb(23706,32): error BC30451: 'StockTransferRowChanged' is not declared. It may be inaccessible due to its protection level. [L:\New Restauraunt Pos\src\RestaurantPOS14\RestaurantPOS14.vbproj]
L:\New Restauraunt Pos\src\RestaurantPOS14\RestaurantPOS14\RPOS_DBDataSet.vb(23714,20): error BC30456: 'StockTransferRowChangingEvent' is not a member of 'RPOS_DBDataSet.StockTransferDataTable'. [L:\New Restauraunt Pos\src\RestaurantPOS14\RestaurantPOS14.vbproj]
L:\New Restauraunt Pos\src\RestaurantPOS14\RestaurantPOS14\RPOS_DBDataSet.vb(23715,32): error BC30451: 'StockTransferRowChanging' is not declared. It may be inaccessible due to its protection level. [L:\New Restauraunt Pos\src\RestaurantPOS14\RestaurantPOS14.vbproj]
L:\New Restauraunt Pos\src\RestaurantPOS14\RestaurantPOS14\RPOS_DBDataSet.vb(23723,20): error BC30456: 'StockTransferRowDeletedEvent' is not a member of 'RPOS_DBDataSet.StockTransferDataTable'. [L:\New Restauraunt Pos\src\RestaurantPOS14\RestaurantPOS14.vbproj]
L:\New Restauraunt Pos\src\RestaurantPOS14\RestaurantPOS14\RPOS_DBDataSet.vb(23724,32): error BC30451: 'StockTransferRowDeleted' is not declared. It may be inaccessible due to its protection level. [L:\New Restauraunt Pos\src\RestaurantPOS14\RestaurantPOS14.vbproj]
L:\New Restauraunt Pos\src\RestaurantPOS14\RestaurantPOS14\RPOS_DBDataSet.vb(25191,20): error BC30456: 'SupplierLedgerBookRowChangedEvent' is not a member of 'RPOS_DBDataSet.SupplierLedgerBookDataTable'. [L:\New Restauraunt Pos\src\RestaurantPOS14\RestaurantPOS14.vbproj]
L:\New Restauraunt Pos\src\RestaurantPOS14\RestaurantPOS14\RPOS_DBDataSet.vb(25192,32): error BC30451: 'SupplierLedgerBookRowChanged' is not declared. It may be inaccessible due to its protection level. [L:\New Restauraunt Pos\src\RestaurantPOS14\RestaurantPOS14.vbproj]
L:\New Restauraunt Pos\src\RestaurantPOS14\RestaurantPOS14\RPOS_DBDataSet.vb(23732,20): error BC30456: 'StockTransferRowDeletingEvent' is not a member of 'RPOS_DBDataSet.StockTransferDataTable'. [L:\New Restauraunt Pos\src\RestaurantPOS14\RestaurantPOS14.vbproj]
L:\New Restauraunt Pos\src\RestaurantPOS14\RestaurantPOS14\RPOS_DBDataSet.vb(23733,32): error BC30451: 'StockTransferRowDeleting' is not declared. It may be inaccessible due to its protection level. [L:\New Restauraunt Pos\src\RestaurantPOS14\RestaurantPOS14.vbproj]
L:\New Restauraunt Pos\src\RestaurantPOS14\RestaurantPOS14\RPOS_DBDataSet.vb(25200,20): error BC30456: 'SupplierLedgerBookRowChangingEvent' is not a member of 'RPOS_DBDataSet.SupplierLedgerBookDataTable'. [L:\New Restauraunt Pos\src\RestaurantPOS14\RestaurantPOS14.vbproj]
L:\New Restauraunt Pos\src\RestaurantPOS14\RestaurantPOS14\RPOS_DBDataSet.vb(25201,32): error BC30451: 'SupplierLedgerBookRowChanging' is not declared. It may be inaccessible due to its protection level. [L:\New Restauraunt Pos\src\RestaurantPOS14\RestaurantPOS14.vbproj]
L:\New Restauraunt Pos\src\RestaurantPOS14\RestaurantPOS14\RPOS_DBDataSet.vb(25209,20): error BC30456: 'SupplierLedgerBookRowDeletedEvent' is not a member of 'RPOS_DBDataSet.SupplierLedgerBookDataTable'. [L:\New Restauraunt Pos\src\RestaurantPOS14\RestaurantPOS14.vbproj]
L:\New Restauraunt Pos\src\RestaurantPOS14\RestaurantPOS14\RPOS_DBDataSet.vb(25210,32): error BC30451: 'SupplierLedgerBookRowDeleted' is not declared. It may be inaccessible due to its protection level. [L:\New Restauraunt Pos\src\RestaurantPOS14\RestaurantPOS14.vbproj]
L:\New Restauraunt Pos\src\RestaurantPOS14\RestaurantPOS14\RPOS_DBDataSet.vb(25218,20): error BC30456: 'SupplierLedgerBookRowDeletingEvent' is not a member of 'RPOS_DBDataSet.SupplierLedgerBookDataTable'. [L:\New Restauraunt Pos\src\RestaurantPOS14\RestaurantPOS14.vbproj]
L:\New Restauraunt Pos\src\RestaurantPOS14\RestaurantPOS14\RPOS_DBDataSet.vb(25219,32): error BC30451: 'SupplierLedgerBookRowDeleting' is not declared. It may be inaccessible due to its protection level. [L:\New Restauraunt Pos\src\RestaurantPOS14\RestaurantPOS14.vbproj]
L:\New Restauraunt Pos\src\RestaurantPOS14\RestaurantPOS14\RPOS_DBDataSet.vb(24130,20): error BC30456: 'StockTransfer_JoinRowChangedEvent' is not a member of 'RPOS_DBDataSet.StockTransfer_JoinDataTable'. [L:\New Restauraunt Pos\src\RestaurantPOS14\RestaurantPOS14.vbproj]
L:\New Restauraunt Pos\src\RestaurantPOS14\RestaurantPOS14\RPOS_DBDataSet.vb(24131,32): error BC30451: 'StockTransfer_JoinRowChanged' is not declared. It may be inaccessible due to its protection level. [L:\New Restauraunt Pos\src\RestaurantPOS14\RestaurantPOS14.vbproj]
L:\New Restauraunt Pos\src\RestaurantPOS14\RestaurantPOS14\RPOS_DBDataSet.vb(23334,20): error BC30456: 'Stock_Store_JoinRowChangedEvent' is not a member of 'RPOS_DBDataSet.Stock_Store_JoinDataTable'. [L:\New Restauraunt Pos\src\RestaurantPOS14\RestaurantPOS14.vbproj]
L:\New Restauraunt Pos\src\RestaurantPOS14\RestaurantPOS14\RPOS_DBDataSet.vb(23335,32): error BC30451: 'Stock_Store_JoinRowChanged' is not declared. It may be inaccessible due to its protection level. [L:\New Restauraunt Pos\src\RestaurantPOS14\RestaurantPOS14.vbproj]
L:\New Restauraunt Pos\src\RestaurantPOS14\RestaurantPOS14\RPOS_DBDataSet.vb(24139,20): error BC30456: 'StockTransfer_JoinRowChangingEvent' is not a member of 'RPOS_DBDataSet.StockTransfer_JoinDataTable'. [L:\New Restauraunt Pos\src\RestaurantPOS14\RestaurantPOS14.vbproj]
L:\New Restauraunt Pos\src\RestaurantPOS14\RestaurantPOS14\RPOS_DBDataSet.vb(24140,32): error BC30451: 'StockTransfer_JoinRowChanging' is not declared. It may be inaccessible due to its protection level. [L:\New Restauraunt Pos\src\RestaurantPOS14\RestaurantPOS14.vbproj]
L:\New Restauraunt Pos\src\RestaurantPOS14\RestaurantPOS14\RPOS_DBDataSet.vb(23343,20): error BC30456: 'Stock_Store_JoinRowChangingEvent' is not a member of 'RPOS_DBDataSet.Stock_Store_JoinDataTable'. [L:\New Restauraunt Pos\src\RestaurantPOS14\RestaurantPOS14.vbproj]
L:\New Restauraunt Pos\src\RestaurantPOS14\RestaurantPOS14\RPOS_DBDataSet.vb(23344,32): error BC30451: 'Stock_Store_JoinRowChanging' is not declared. It may be inaccessible due to its protection level. [L:\New Restauraunt Pos\src\RestaurantPOS14\RestaurantPOS14.vbproj]
L:\New Restauraunt Pos\src\RestaurantPOS14\RestaurantPOS14\RPOS_DBDataSet.vb(24148,20): error BC30456: 'StockTransfer_JoinRowDeletedEvent' is not a member of 'RPOS_DBDataSet.StockTransfer_JoinDataTable'. [L:\New Restauraunt Pos\src\RestaurantPOS14\RestaurantPOS14.vbproj]
L:\New Restauraunt Pos\src\RestaurantPOS14\RestaurantPOS14\RPOS_DBDataSet.vb(24149,32): error BC30451: 'StockTransfer_JoinRowDeleted' is not declared. It may be inaccessible due to its protection level. [L:\New Restauraunt Pos\src\RestaurantPOS14\RestaurantPOS14.vbproj]
L:\New Restauraunt Pos\src\RestaurantPOS14\RestaurantPOS14\RPOS_DBDataSet.vb(23352,20): error BC30456: 'Stock_Store_JoinRowDeletedEvent' is not a member of 'RPOS_DBDataSet.Stock_Store_JoinDataTable'. [L:\New Restauraunt Pos\src\RestaurantPOS14\RestaurantPOS14.vbproj]
L:\New Restauraunt Pos\src\RestaurantPOS14\RestaurantPOS14\RPOS_DBDataSet.vb(23353,32): error BC30451: 'Stock_Store_JoinRowDeleted' is not declared. It may be inaccessible due to its protection level. [L:\New Restauraunt Pos\src\RestaurantPOS14\RestaurantPOS14.vbproj]
L:\New Restauraunt Pos\src\RestaurantPOS14\RestaurantPOS14\RPOS_DBDataSet.vb(24157,20): error BC30456: 'StockTransfer_JoinRowDeletingEvent' is not a member of 'RPOS_DBDataSet.StockTransfer_JoinDataTable'. [L:\New Restauraunt Pos\src\RestaurantPOS14\RestaurantPOS14.vbproj]
L:\New Restauraunt Pos\src\RestaurantPOS14\RestaurantPOS14\RPOS_DBDataSet.vb(24158,32): error BC30451: 'StockTransfer_JoinRowDeleting' is not declared. It may be inaccessible due to its protection level. [L:\New Restauraunt Pos\src\RestaurantPOS14\RestaurantPOS14.vbproj]
L:\New Restauraunt Pos\src\RestaurantPOS14\RestaurantPOS14\RPOS_DBDataSet.vb(23361,20): error BC30456: 'Stock_Store_JoinRowDeletingEvent' is not a member of 'RPOS_DBDataSet.Stock_Store_JoinDataTable'. [L:\New Restauraunt Pos\src\RestaurantPOS14\RestaurantPOS14.vbproj]
L:\New Restauraunt Pos\src\RestaurantPOS14\RestaurantPOS14\RPOS_DBDataSet.vb(23362,32): error BC30451: 'Stock_Store_JoinRowDeleting' is not declared. It may be inaccessible due to its protection level. [L:\New Restauraunt Pos\src\RestaurantPOS14\RestaurantPOS14.vbproj]
L:\New Restauraunt Pos\src\RestaurantPOS14\RestaurantPOS14\RPOS_DBDataSet.vb(24745,20): error BC30456: 'SupplierRowChangedEvent' is not a member of 'RPOS_DBDataSet.SupplierDataTable'. [L:\New Restauraunt Pos\src\RestaurantPOS14\RestaurantPOS14.vbproj]
L:\New Restauraunt Pos\src\RestaurantPOS14\RestaurantPOS14\RPOS_DBDataSet.vb(24746,32): error BC30451: 'SupplierRowChanged' is not declared. It may be inaccessible due to its protection level. [L:\New Restauraunt Pos\src\RestaurantPOS14\RestaurantPOS14.vbproj]
L:\New Restauraunt Pos\src\RestaurantPOS14\RestaurantPOS14\RPOS_DBDataSet.vb(22941,20): error BC30456: 'Stock_StoreRowChangedEvent' is not a member of 'RPOS_DBDataSet.Stock_StoreDataTable'. [L:\New Restauraunt Pos\src\RestaurantPOS14\RestaurantPOS14.vbproj]
L:\New Restauraunt Pos\src\RestaurantPOS14\RestaurantPOS14\RPOS_DBDataSet.vb(22942,32): error BC30451: 'Stock_StoreRowChanged' is not declared. It may be inaccessible due to its protection level. [L:\New Restauraunt Pos\src\RestaurantPOS14\RestaurantPOS14.vbproj]
L:\New Restauraunt Pos\src\RestaurantPOS14\RestaurantPOS14\RPOS_DBDataSet.vb(24754,20): error BC30456: 'SupplierRowChangingEvent' is not a member of 'RPOS_DBDataSet.SupplierDataTable'. [L:\New Restauraunt Pos\src\RestaurantPOS14\RestaurantPOS14.vbproj]
L:\New Restauraunt Pos\src\RestaurantPOS14\RestaurantPOS14\RPOS_DBDataSet.vb(24755,32): error BC30451: 'SupplierRowChanging' is not declared. It may be inaccessible due to its protection level. [L:\New Restauraunt Pos\src\RestaurantPOS14\RestaurantPOS14.vbproj]
L:\New Restauraunt Pos\src\RestaurantPOS14\RestaurantPOS14\RPOS_DBDataSet.vb(22950,20): error BC30456: 'Stock_StoreRowChangingEvent' is not a member of 'RPOS_DBDataSet.Stock_StoreDataTable'. [L:\New Restauraunt Pos\src\RestaurantPOS14\RestaurantPOS14.vbproj]
L:\New Restauraunt Pos\src\RestaurantPOS14\RestaurantPOS14\RPOS_DBDataSet.vb(22951,32): error BC30451: 'Stock_StoreRowChanging' is not declared. It may be inaccessible due to its protection level. [L:\New Restauraunt Pos\src\RestaurantPOS14\RestaurantPOS14.vbproj]
L:\New Restauraunt Pos\src\RestaurantPOS14\RestaurantPOS14\RPOS_DBDataSet.vb(22959,20): error BC30456: 'Stock_StoreRowDeletedEvent' is not a member of 'RPOS_DBDataSet.Stock_StoreDataTable'. [L:\New Restauraunt Pos\src\RestaurantPOS14\RestaurantPOS14.vbproj]
L:\New Restauraunt Pos\src\RestaurantPOS14\RestaurantPOS14\RPOS_DBDataSet.vb(22960,32): error BC30451: 'Stock_StoreRowDeleted' is not declared. It may be inaccessible due to its protection level. [L:\New Restauraunt Pos\src\RestaurantPOS14\RestaurantPOS14.vbproj]
L:\New Restauraunt Pos\src\RestaurantPOS14\RestaurantPOS14\RPOS_DBDataSet.vb(24763,20): error BC30456: 'SupplierRowDeletedEvent' is not a member of 'RPOS_DBDataSet.SupplierDataTable'. [L:\New Restauraunt Pos\src\RestaurantPOS14\RestaurantPOS14.vbproj]
L:\New Restauraunt Pos\src\RestaurantPOS14\RestaurantPOS14\RPOS_DBDataSet.vb(24764,32): error BC30451: 'SupplierRowDeleted' is not declared. It may be inaccessible due to its protection level. [L:\New Restauraunt Pos\src\RestaurantPOS14\RestaurantPOS14.vbproj]
L:\New Restauraunt Pos\src\RestaurantPOS14\RestaurantPOS14\RPOS_DBDataSet.vb(24772,20): error BC30456: 'SupplierRowDeletingEvent' is not a member of 'RPOS_DBDataSet.SupplierDataTable'. [L:\New Restauraunt Pos\src\RestaurantPOS14\RestaurantPOS14.vbproj]
L:\New Restauraunt Pos\src\RestaurantPOS14\RestaurantPOS14\RPOS_DBDataSet.vb(24773,32): error BC30451: 'SupplierRowDeleting' is not declared. It may be inaccessible due to its protection level. [L:\New Restauraunt Pos\src\RestaurantPOS14\RestaurantPOS14.vbproj]
L:\New Restauraunt Pos\src\RestaurantPOS14\RestaurantPOS14\RPOS_DBDataSet.vb(22968,20): error BC30456: 'Stock_StoreRowDeletingEvent' is not a member of 'RPOS_DBDataSet.Stock_StoreDataTable'. [L:\New Restauraunt Pos\src\RestaurantPOS14\RestaurantPOS14.vbproj]
L:\New Restauraunt Pos\src\RestaurantPOS14\RestaurantPOS14\RPOS_DBDataSet.vb(22969,32): error BC30451: 'Stock_StoreRowDeleting' is not declared. It may be inaccessible due to its protection level. [L:\New Restauraunt Pos\src\RestaurantPOS14\RestaurantPOS14.vbproj]
L:\New Restauraunt Pos\src\RestaurantPOS14\RestaurantPOS14\RPOS_DBDataSet.vb(22574,20): error BC30456: 'SMSSettingRowChangedEvent' is not a member of 'RPOS_DBDataSet.SMSSettingDataTable'. [L:\New Restauraunt Pos\src\RestaurantPOS14\RestaurantPOS14.vbproj]
L:\New Restauraunt Pos\src\RestaurantPOS14\RestaurantPOS14\RPOS_DBDataSet.vb(22575,32): error BC30451: 'SMSSettingRowChanged' is not declared. It may be inaccessible due to its protection level. [L:\New Restauraunt Pos\src\RestaurantPOS14\RestaurantPOS14.vbproj]
L:\New Restauraunt Pos\src\RestaurantPOS14\RestaurantPOS14\RPOS_DBDataSet.vb(22583,20): error BC30456: 'SMSSettingRowChangingEvent' is not a member of 'RPOS_DBDataSet.SMSSettingDataTable'. [L:\New Restauraunt Pos\src\RestaurantPOS14\RestaurantPOS14.vbproj]
L:\New Restauraunt Pos\src\RestaurantPOS14\RestaurantPOS14\RPOS_DBDataSet.vb(22584,32): error BC30451: 'SMSSettingRowChanging' is not declared. It may be inaccessible due to its protection level. [L:\New Restauraunt Pos\src\RestaurantPOS14\RestaurantPOS14.vbproj]
L:\New Restauraunt Pos\src\RestaurantPOS14\RestaurantPOS14\RPOS_DBDataSet.vb(22592,20): error BC30456: 'SMSSettingRowDeletedEvent' is not a member of 'RPOS_DBDataSet.SMSSettingDataTable'. [L:\New Restauraunt Pos\src\RestaurantPOS14\RestaurantPOS14.vbproj]
L:\New Restauraunt Pos\src\RestaurantPOS14\RestaurantPOS14\RPOS_DBDataSet.vb(22593,32): error BC30451: 'SMSSettingRowDeleted' is not declared. It may be inaccessible due to its protection level. [L:\New Restauraunt Pos\src\RestaurantPOS14\RestaurantPOS14.vbproj]
L:\New Restauraunt Pos\src\RestaurantPOS14\RestaurantPOS14\RPOS_DBDataSet.vb(22601,20): error BC30456: 'SMSSettingRowDeletingEvent' is not a member of 'RPOS_DBDataSet.SMSSettingDataTable'. [L:\New Restauraunt Pos\src\RestaurantPOS14\RestaurantPOS14.vbproj]
L:\New Restauraunt Pos\src\RestaurantPOS14\RestaurantPOS14\RPOS_DBDataSet.vb(22602,32): error BC30451: 'SMSSettingRowDeleting' is not declared. It may be inaccessible due to its protection level. [L:\New Restauraunt Pos\src\RestaurantPOS14\RestaurantPOS14.vbproj]
L:\New Restauraunt Pos\src\RestaurantPOS14\RestaurantPOS14\RPOS_DBDataSet.vb(28972,20): error BC30456: 'WorkPeriodEndRowChangedEvent' is not a member of 'RPOS_DBDataSet.WorkPeriodEndDataTable'. [L:\New Restauraunt Pos\src\RestaurantPOS14\RestaurantPOS14.vbproj]
L:\New Restauraunt Pos\src\RestaurantPOS14\RestaurantPOS14\RPOS_DBDataSet.vb(28973,32): error BC30451: 'WorkPeriodEndRowChanged' is not declared. It may be inaccessible due to its protection level. [L:\New Restauraunt Pos\src\RestaurantPOS14\RestaurantPOS14.vbproj]
L:\New Restauraunt Pos\src\RestaurantPOS14\RestaurantPOS14\RPOS_DBDataSet.vb(28981,20): error BC30456: 'WorkPeriodEndRowChangingEvent' is not a member of 'RPOS_DBDataSet.WorkPeriodEndDataTable'. [L:\New Restauraunt Pos\src\RestaurantPOS14\RestaurantPOS14.vbproj]
L:\New Restauraunt Pos\src\RestaurantPOS14\RestaurantPOS14\RPOS_DBDataSet.vb(28982,32): error BC30451: 'WorkPeriodEndRowChanging' is not declared. It may be inaccessible due to its protection level. [L:\New Restauraunt Pos\src\RestaurantPOS14\RestaurantPOS14.vbproj]
L:\New Restauraunt Pos\src\RestaurantPOS14\RestaurantPOS14\RPOS_DBDataSet.vb(28990,20): error BC30456: 'WorkPeriodEndRowDeletedEvent' is not a member of 'RPOS_DBDataSet.WorkPeriodEndDataTable'. [L:\New Restauraunt Pos\src\RestaurantPOS14\RestaurantPOS14.vbproj]
L:\New Restauraunt Pos\src\RestaurantPOS14\RestaurantPOS14\RPOS_DBDataSet.vb(28991,32): error BC30451: 'WorkPeriodEndRowDeleted' is not declared. It may be inaccessible due to its protection level. [L:\New Restauraunt Pos\src\RestaurantPOS14\RestaurantPOS14.vbproj]
L:\New Restauraunt Pos\src\RestaurantPOS14\RestaurantPOS14\RPOS_DBDataSet.vb(28999,20): error BC30456: 'WorkPeriodEndRowDeletingEvent' is not a member of 'RPOS_DBDataSet.WorkPeriodEndDataTable'. [L:\New Restauraunt Pos\src\RestaurantPOS14\RestaurantPOS14.vbproj]
L:\New Restauraunt Pos\src\RestaurantPOS14\RestaurantPOS14\RPOS_DBDataSet.vb(29000,32): error BC30451: 'WorkPeriodEndRowDeleting' is not declared. It may be inaccessible due to its protection level. [L:\New Restauraunt Pos\src\RestaurantPOS14\RestaurantPOS14.vbproj]
L:\New Restauraunt Pos\src\RestaurantPOS14\RestaurantPOS14\RPOS_DBDataSet.vb(22187,20): error BC30456: 'RestaurantPOS_OrderInfoKOTRowChangedEvent' is not a member of 'RPOS_DBDataSet.RestaurantPOS_OrderInfoKOTDataTable'. [L:\New Restauraunt Pos\src\RestaurantPOS14\RestaurantPOS14.vbproj]
L:\New Restauraunt Pos\src\RestaurantPOS14\RestaurantPOS14\RPOS_DBDataSet.vb(22188,32): error BC30451: 'RestaurantPOS_OrderInfoKOTRowChanged' is not declared. It may be inaccessible due to its protection level. [L:\New Restauraunt Pos\src\RestaurantPOS14\RestaurantPOS14.vbproj]
L:\New Restauraunt Pos\src\RestaurantPOS14\RestaurantPOS14\RPOS_DBDataSet.vb(22196,20): error BC30456: 'RestaurantPOS_OrderInfoKOTRowChangingEvent' is not a member of 'RPOS_DBDataSet.RestaurantPOS_OrderInfoKOTDataTable'. [L:\New Restauraunt Pos\src\RestaurantPOS14\RestaurantPOS14.vbproj]
L:\New Restauraunt Pos\src\RestaurantPOS14\RestaurantPOS14\RPOS_DBDataSet.vb(22197,32): error BC30451: 'RestaurantPOS_OrderInfoKOTRowChanging' is not declared. It may be inaccessible due to its protection level. [L:\New Restauraunt Pos\src\RestaurantPOS14\RestaurantPOS14.vbproj]
L:\New Restauraunt Pos\src\RestaurantPOS14\RestaurantPOS14\RPOS_DBDataSet.vb(22205,20): error BC30456: 'RestaurantPOS_OrderInfoKOTRowDeletedEvent' is not a member of 'RPOS_DBDataSet.RestaurantPOS_OrderInfoKOTDataTable'. [L:\New Restauraunt Pos\src\RestaurantPOS14\RestaurantPOS14.vbproj]
L:\New Restauraunt Pos\src\RestaurantPOS14\RestaurantPOS14\RPOS_DBDataSet.vb(22206,32): error BC30451: 'RestaurantPOS_OrderInfoKOTRowDeleted' is not declared. It may be inaccessible due to its protection level. [L:\New Restauraunt Pos\src\RestaurantPOS14\RestaurantPOS14.vbproj]
L:\New Restauraunt Pos\src\RestaurantPOS14\RestaurantPOS14\RPOS_DBDataSet.vb(22214,20): error BC30456: 'RestaurantPOS_OrderInfoKOTRowDeletingEvent' is not a member of 'RPOS_DBDataSet.RestaurantPOS_OrderInfoKOTDataTable'. [L:\New Restauraunt Pos\src\RestaurantPOS14\RestaurantPOS14.vbproj]
L:\New Restauraunt Pos\src\RestaurantPOS14\RestaurantPOS14\RPOS_DBDataSet.vb(22215,32): error BC30451: 'RestaurantPOS_OrderInfoKOTRowDeleting' is not declared. It may be inaccessible due to its protection level. [L:\New Restauraunt Pos\src\RestaurantPOS14\RestaurantPOS14.vbproj]
L:\New Restauraunt Pos\src\RestaurantPOS14\RestaurantPOS14\RPOS_DBDataSet.vb(21729,20): error BC30456: 'RestaurantPOS_OrderedProductKOTRowChangedEvent' is not a member of 'RPOS_DBDataSet.RestaurantPOS_OrderedProductKOTDataTable'. [L:\New Restauraunt Pos\src\RestaurantPOS14\RestaurantPOS14.vbproj]
L:\New Restauraunt Pos\src\RestaurantPOS14\RestaurantPOS14\RPOS_DBDataSet.vb(21730,32): error BC30451: 'RestaurantPOS_OrderedProductKOTRowChanged' is not declared. It may be inaccessible due to its protection level. [L:\New Restauraunt Pos\src\RestaurantPOS14\RestaurantPOS14.vbproj]
L:\New Restauraunt Pos\src\RestaurantPOS14\RestaurantPOS14\RPOS_DBDataSet.vb(21738,20): error BC30456: 'RestaurantPOS_OrderedProductKOTRowChangingEvent' is not a member of 'RPOS_DBDataSet.RestaurantPOS_OrderedProductKOTDataTable'. [L:\New Restauraunt Pos\src\RestaurantPOS14\RestaurantPOS14.vbproj]
L:\New Restauraunt Pos\src\RestaurantPOS14\RestaurantPOS14\RPOS_DBDataSet.vb(21739,32): error BC30451: 'RestaurantPOS_OrderedProductKOTRowChanging' is not declared. It may be inaccessible due to its protection level. [L:\New Restauraunt Pos\src\RestaurantPOS14\RestaurantPOS14.vbproj]
L:\New Restauraunt Pos\src\RestaurantPOS14\RestaurantPOS14\RPOS_DBDataSet.vb(21747,20): error BC30456: 'RestaurantPOS_OrderedProductKOTRowDeletedEvent' is not a member of 'RPOS_DBDataSet.RestaurantPOS_OrderedProductKOTDataTable'. [L:\New Restauraunt Pos\src\RestaurantPOS14\RestaurantPOS14.vbproj]
L:\New Restauraunt Pos\src\RestaurantPOS14\RestaurantPOS14\RPOS_DBDataSet.vb(21748,32): error BC30451: 'RestaurantPOS_OrderedProductKOTRowDeleted' is not declared. It may be inaccessible due to its protection level. [L:\New Restauraunt Pos\src\RestaurantPOS14\RestaurantPOS14.vbproj]
L:\New Restauraunt Pos\src\RestaurantPOS14\RestaurantPOS14\RPOS_DBDataSet.vb(21756,20): error BC30456: 'RestaurantPOS_OrderedProductKOTRowDeletingEvent' is not a member of 'RPOS_DBDataSet.RestaurantPOS_OrderedProductKOTDataTable'. [L:\New Restauraunt Pos\src\RestaurantPOS14\RestaurantPOS14.vbproj]
L:\New Restauraunt Pos\src\RestaurantPOS14\RestaurantPOS14\RPOS_DBDataSet.vb(21757,32): error BC30451: 'RestaurantPOS_OrderedProductKOTRowDeleting' is not declared. It may be inaccessible due to its protection level. [L:\New Restauraunt Pos\src\RestaurantPOS14\RestaurantPOS14.vbproj]
L:\New Restauraunt Pos\src\RestaurantPOS14\RestaurantPOS14\RPOS_DBDataSet.vb(20043,20): error BC30456: 'RestaurantPOS_OrderedProductBillHDRowChangedEvent' is not a member of 'RPOS_DBDataSet.RestaurantPOS_OrderedProductBillHDDataTable'. [L:\New Restauraunt Pos\src\RestaurantPOS14\RestaurantPOS14.vbproj]
L:\New Restauraunt Pos\src\RestaurantPOS14\RestaurantPOS14\RPOS_DBDataSet.vb(20044,32): error BC30451: 'RestaurantPOS_OrderedProductBillHDRowChanged' is not declared. It may be inaccessible due to its protection level. [L:\New Restauraunt Pos\src\RestaurantPOS14\RestaurantPOS14.vbproj]
L:\New Restauraunt Pos\src\RestaurantPOS14\RestaurantPOS14\RPOS_DBDataSet.vb(19489,20): error BC30456: 'RestaurantPOS_OrderedProductBillEBRowChangedEvent' is not a member of 'RPOS_DBDataSet.RestaurantPOS_OrderedProductBillEBDataTable'. [L:\New Restauraunt Pos\src\RestaurantPOS14\RestaurantPOS14.vbproj]
L:\New Restauraunt Pos\src\RestaurantPOS14\RestaurantPOS14\RPOS_DBDataSet.vb(19490,32): error BC30451: 'RestaurantPOS_OrderedProductBillEBRowChanged' is not declared. It may be inaccessible due to its protection level. [L:\New Restauraunt Pos\src\RestaurantPOS14\RestaurantPOS14.vbproj]
L:\New Restauraunt Pos\src\RestaurantPOS14\RestaurantPOS14\RPOS_DBDataSet.vb(20052,20): error BC30456: 'RestaurantPOS_OrderedProductBillHDRowChangingEvent' is not a member of 'RPOS_DBDataSet.RestaurantPOS_OrderedProductBillHDDataTable'. [L:\New Restauraunt Pos\src\RestaurantPOS14\RestaurantPOS14.vbproj]
L:\New Restauraunt Pos\src\RestaurantPOS14\RestaurantPOS14\RPOS_DBDataSet.vb(20053,32): error BC30451: 'RestaurantPOS_OrderedProductBillHDRowChanging' is not declared. It may be inaccessible due to its protection level. [L:\New Restauraunt Pos\src\RestaurantPOS14\RestaurantPOS14.vbproj]
L:\New Restauraunt Pos\src\RestaurantPOS14\RestaurantPOS14\RPOS_DBDataSet.vb(19498,20): error BC30456: 'RestaurantPOS_OrderedProductBillEBRowChangingEvent' is not a member of 'RPOS_DBDataSet.RestaurantPOS_OrderedProductBillEBDataTable'. [L:\New Restauraunt Pos\src\RestaurantPOS14\RestaurantPOS14.vbproj]
L:\New Restauraunt Pos\src\RestaurantPOS14\RestaurantPOS14\RPOS_DBDataSet.vb(19499,32): error BC30451: 'RestaurantPOS_OrderedProductBillEBRowChanging' is not declared. It may be inaccessible due to its protection level. [L:\New Restauraunt Pos\src\RestaurantPOS14\RestaurantPOS14.vbproj]
L:\New Restauraunt Pos\src\RestaurantPOS14\RestaurantPOS14\RPOS_DBDataSet.vb(20061,20): error BC30456: 'RestaurantPOS_OrderedProductBillHDRowDeletedEvent' is not a member of 'RPOS_DBDataSet.RestaurantPOS_OrderedProductBillHDDataTable'. [L:\New Restauraunt Pos\src\RestaurantPOS14\RestaurantPOS14.vbproj]
L:\New Restauraunt Pos\src\RestaurantPOS14\RestaurantPOS14\RPOS_DBDataSet.vb(20062,32): error BC30451: 'RestaurantPOS_OrderedProductBillHDRowDeleted' is not declared. It may be inaccessible due to its protection level. [L:\New Restauraunt Pos\src\RestaurantPOS14\RestaurantPOS14.vbproj]
L:\New Restauraunt Pos\src\RestaurantPOS14\RestaurantPOS14\RPOS_DBDataSet.vb(19507,20): error BC30456: 'RestaurantPOS_OrderedProductBillEBRowDeletedEvent' is not a member of 'RPOS_DBDataSet.RestaurantPOS_OrderedProductBillEBDataTable'. [L:\New Restauraunt Pos\src\RestaurantPOS14\RestaurantPOS14.vbproj]
L:\New Restauraunt Pos\src\RestaurantPOS14\RestaurantPOS14\RPOS_DBDataSet.vb(19508,32): error BC30451: 'RestaurantPOS_OrderedProductBillEBRowDeleted' is not declared. It may be inaccessible due to its protection level. [L:\New Restauraunt Pos\src\RestaurantPOS14\RestaurantPOS14.vbproj]
L:\New Restauraunt Pos\src\RestaurantPOS14\RestaurantPOS14\RPOS_DBDataSet.vb(20070,20): error BC30456: 'RestaurantPOS_OrderedProductBillHDRowDeletingEvent' is not a member of 'RPOS_DBDataSet.RestaurantPOS_OrderedProductBillHDDataTable'. [L:\New Restauraunt Pos\src\RestaurantPOS14\RestaurantPOS14.vbproj]
L:\New Restauraunt Pos\src\RestaurantPOS14\RestaurantPOS14\RPOS_DBDataSet.vb(20071,32): error BC30451: 'RestaurantPOS_OrderedProductBillHDRowDeleting' is not declared. It may be inaccessible due to its protection level. [L:\New Restauraunt Pos\src\RestaurantPOS14\RestaurantPOS14.vbproj]
L:\New Restauraunt Pos\src\RestaurantPOS14\RestaurantPOS14\RPOS_DBDataSet.vb(19516,20): error BC30456: 'RestaurantPOS_OrderedProductBillEBRowDeletingEvent' is not a member of 'RPOS_DBDataSet.RestaurantPOS_OrderedProductBillEBDataTable'. [L:\New Restauraunt Pos\src\RestaurantPOS14\RestaurantPOS14.vbproj]
L:\New Restauraunt Pos\src\RestaurantPOS14\RestaurantPOS14\RPOS_DBDataSet.vb(19517,32): error BC30451: 'RestaurantPOS_OrderedProductBillEBRowDeleting' is not declared. It may be inaccessible due to its protection level. [L:\New Restauraunt Pos\src\RestaurantPOS14\RestaurantPOS14.vbproj]
L:\New Restauraunt Pos\src\RestaurantPOS14\RestaurantPOS14\RPOS_DBDataSet.vb(18932,20): error BC30456: 'RestaurantPOS_BillingInfoTARowChangedEvent' is not a member of 'RPOS_DBDataSet.RestaurantPOS_BillingInfoTADataTable'. [L:\New Restauraunt Pos\src\RestaurantPOS14\RestaurantPOS14.vbproj]
L:\New Restauraunt Pos\src\RestaurantPOS14\RestaurantPOS14\RPOS_DBDataSet.vb(18933,32): error BC30451: 'RestaurantPOS_BillingInfoTARowChanged' is not declared. It may be inaccessible due to its protection level. [L:\New Restauraunt Pos\src\RestaurantPOS14\RestaurantPOS14.vbproj]
L:\New Restauraunt Pos\src\RestaurantPOS14\RestaurantPOS14\RPOS_DBDataSet.vb(20604,20): error BC30456: 'RestaurantPOS_OrderedProductBillKOTRowChangedEvent' is not a member of 'RPOS_DBDataSet.RestaurantPOS_OrderedProductBillKOTDataTable'. [L:\New Restauraunt Pos\src\RestaurantPOS14\RestaurantPOS14.vbproj]
L:\New Restauraunt Pos\src\RestaurantPOS14\RestaurantPOS14\RPOS_DBDataSet.vb(20605,32): error BC30451: 'RestaurantPOS_OrderedProductBillKOTRowChanged' is not declared. It may be inaccessible due to its protection level. [L:\New Restauraunt Pos\src\RestaurantPOS14\RestaurantPOS14.vbproj]
L:\New Restauraunt Pos\src\RestaurantPOS14\RestaurantPOS14\RPOS_DBDataSet.vb(18941,20): error BC30456: 'RestaurantPOS_BillingInfoTARowChangingEvent' is not a member of 'RPOS_DBDataSet.RestaurantPOS_BillingInfoTADataTable'. [L:\New Restauraunt Pos\src\RestaurantPOS14\RestaurantPOS14.vbproj]
L:\New Restauraunt Pos\src\RestaurantPOS14\RestaurantPOS14\RPOS_DBDataSet.vb(18942,32): error BC30451: 'RestaurantPOS_BillingInfoTARowChanging' is not declared. It may be inaccessible due to its protection level. [L:\New Restauraunt Pos\src\RestaurantPOS14\RestaurantPOS14.vbproj]
L:\New Restauraunt Pos\src\RestaurantPOS14\RestaurantPOS14\RPOS_DBDataSet.vb(20613,20): error BC30456: 'RestaurantPOS_OrderedProductBillKOTRowChangingEvent' is not a member of 'RPOS_DBDataSet.RestaurantPOS_OrderedProductBillKOTDataTable'. [L:\New Restauraunt Pos\src\RestaurantPOS14\RestaurantPOS14.vbproj]
L:\New Restauraunt Pos\src\RestaurantPOS14\RestaurantPOS14\RPOS_DBDataSet.vb(20614,32): error BC30451: 'RestaurantPOS_OrderedProductBillKOTRowChanging' is not declared. It may be inaccessible due to its protection level. [L:\New Restauraunt Pos\src\RestaurantPOS14\RestaurantPOS14.vbproj]
L:\New Restauraunt Pos\src\RestaurantPOS14\RestaurantPOS14\RPOS_DBDataSet.vb(18950,20): error BC30456: 'RestaurantPOS_BillingInfoTARowDeletedEvent' is not a member of 'RPOS_DBDataSet.RestaurantPOS_BillingInfoTADataTable'. [L:\New Restauraunt Pos\src\RestaurantPOS14\RestaurantPOS14.vbproj]
L:\New Restauraunt Pos\src\RestaurantPOS14\RestaurantPOS14\RPOS_DBDataSet.vb(18951,32): error BC30451: 'RestaurantPOS_BillingInfoTARowDeleted' is not declared. It may be inaccessible due to its protection level. [L:\New Restauraunt Pos\src\RestaurantPOS14\RestaurantPOS14.vbproj]
L:\New Restauraunt Pos\src\RestaurantPOS14\RestaurantPOS14\RPOS_DBDataSet.vb(20622,20): error BC30456: 'RestaurantPOS_OrderedProductBillKOTRowDeletedEvent' is not a member of 'RPOS_DBDataSet.RestaurantPOS_OrderedProductBillKOTDataTable'. [L:\New Restauraunt Pos\src\RestaurantPOS14\RestaurantPOS14.vbproj]
L:\New Restauraunt Pos\src\RestaurantPOS14\RestaurantPOS14\RPOS_DBDataSet.vb(20623,32): error BC30451: 'RestaurantPOS_OrderedProductBillKOTRowDeleted' is not declared. It may be inaccessible due to its protection level. [L:\New Restauraunt Pos\src\RestaurantPOS14\RestaurantPOS14.vbproj]
L:\New Restauraunt Pos\src\RestaurantPOS14\RestaurantPOS14\RPOS_DBDataSet.vb(18959,20): error BC30456: 'RestaurantPOS_BillingInfoTARowDeletingEvent' is not a member of 'RPOS_DBDataSet.RestaurantPOS_BillingInfoTADataTable'. [L:\New Restauraunt Pos\src\RestaurantPOS14\RestaurantPOS14.vbproj]
L:\New Restauraunt Pos\src\RestaurantPOS14\RestaurantPOS14\RPOS_DBDataSet.vb(18960,32): error BC30451: 'RestaurantPOS_BillingInfoTARowDeleting' is not declared. It may be inaccessible due to its protection level. [L:\New Restauraunt Pos\src\RestaurantPOS14\RestaurantPOS14.vbproj]
L:\New Restauraunt Pos\src\RestaurantPOS14\RestaurantPOS14\RPOS_DBDataSet.vb(20631,20): error BC30456: 'RestaurantPOS_OrderedProductBillKOTRowDeletingEvent' is not a member of 'RPOS_DBDataSet.RestaurantPOS_OrderedProductBillKOTDataTable'. [L:\New Restauraunt Pos\src\RestaurantPOS14\RestaurantPOS14.vbproj]
L:\New Restauraunt Pos\src\RestaurantPOS14\RestaurantPOS14\RPOS_DBDataSet.vb(20632,32): error BC30451: 'RestaurantPOS_OrderedProductBillKOTRowDeleting' is not declared. It may be inaccessible due to its protection level. [L:\New Restauraunt Pos\src\RestaurantPOS14\RestaurantPOS14.vbproj]
L:\New Restauraunt Pos\src\RestaurantPOS14\RestaurantPOS14\RPOS_DBDataSet.vb(18345,20): error BC30456: 'RestaurantPOS_BillingInfoKOTRowChangedEvent' is not a member of 'RPOS_DBDataSet.RestaurantPOS_BillingInfoKOTDataTable'. [L:\New Restauraunt Pos\src\RestaurantPOS14\RestaurantPOS14.vbproj]
L:\New Restauraunt Pos\src\RestaurantPOS14\RestaurantPOS14\RPOS_DBDataSet.vb(18346,32): error BC30451: 'RestaurantPOS_BillingInfoKOTRowChanged' is not declared. It may be inaccessible due to its protection level. [L:\New Restauraunt Pos\src\RestaurantPOS14\RestaurantPOS14.vbproj]
L:\New Restauraunt Pos\src\RestaurantPOS14\RestaurantPOS14\RPOS_DBDataSet.vb(18354,20): error BC30456: 'RestaurantPOS_BillingInfoKOTRowChangingEvent' is not a member of 'RPOS_DBDataSet.RestaurantPOS_BillingInfoKOTDataTable'. [L:\New Restauraunt Pos\src\RestaurantPOS14\RestaurantPOS14.vbproj]
L:\New Restauraunt Pos\src\RestaurantPOS14\RestaurantPOS14\RPOS_DBDataSet.vb(18355,32): error BC30451: 'RestaurantPOS_BillingInfoKOTRowChanging' is not declared. It may be inaccessible due to its protection level. [L:\New Restauraunt Pos\src\RestaurantPOS14\RestaurantPOS14.vbproj]
L:\New Restauraunt Pos\src\RestaurantPOS14\RestaurantPOS14\RPOS_DBDataSet.vb(18363,20): error BC30456: 'RestaurantPOS_BillingInfoKOTRowDeletedEvent' is not a member of 'RPOS_DBDataSet.RestaurantPOS_BillingInfoKOTDataTable'. [L:\New Restauraunt Pos\src\RestaurantPOS14\RestaurantPOS14.vbproj]
L:\New Restauraunt Pos\src\RestaurantPOS14\RestaurantPOS14\RPOS_DBDataSet.vb(18364,32): error BC30451: 'RestaurantPOS_BillingInfoKOTRowDeleted' is not declared. It may be inaccessible due to its protection level. [L:\New Restauraunt Pos\src\RestaurantPOS14\RestaurantPOS14.vbproj]
L:\New Restauraunt Pos\src\RestaurantPOS14\RestaurantPOS14\RPOS_DBDataSet.vb(18372,20): error BC30456: 'RestaurantPOS_BillingInfoKOTRowDeletingEvent' is not a member of 'RPOS_DBDataSet.RestaurantPOS_BillingInfoKOTDataTable'. [L:\New Restauraunt Pos\src\RestaurantPOS14\RestaurantPOS14.vbproj]
L:\New Restauraunt Pos\src\RestaurantPOS14\RestaurantPOS14\RPOS_DBDataSet.vb(18373,32): error BC30451: 'RestaurantPOS_BillingInfoKOTRowDeleting' is not declared. It may be inaccessible due to its protection level. [L:\New Restauraunt Pos\src\RestaurantPOS14\RestaurantPOS14.vbproj]
L:\New Restauraunt Pos\src\RestaurantPOS14\RestaurantPOS14\RPOS_DBDataSet.vb(15837,20): error BC30456: 'RecipeRowChangedEvent' is not a member of 'RPOS_DBDataSet.RecipeDataTable'. [L:\New Restauraunt Pos\src\RestaurantPOS14\RestaurantPOS14.vbproj]
L:\New Restauraunt Pos\src\RestaurantPOS14\RestaurantPOS14\RPOS_DBDataSet.vb(15838,32): error BC30451: 'RecipeRowChanged' is not declared. It may be inaccessible due to its protection level. [L:\New Restauraunt Pos\src\RestaurantPOS14\RestaurantPOS14.vbproj]
L:\New Restauraunt Pos\src\RestaurantPOS14\RestaurantPOS14\RPOS_DBDataSet.vb(16244,20): error BC30456: 'Recipe_JoinRowChangedEvent' is not a member of 'RPOS_DBDataSet.Recipe_JoinDataTable'. [L:\New Restauraunt Pos\src\RestaurantPOS14\RestaurantPOS14.vbproj]
L:\New Restauraunt Pos\src\RestaurantPOS14\RestaurantPOS14\RPOS_DBDataSet.vb(16245,32): error BC30451: 'Recipe_JoinRowChanged' is not declared. It may be inaccessible due to its protection level. [L:\New Restauraunt Pos\src\RestaurantPOS14\RestaurantPOS14.vbproj]
L:\New Restauraunt Pos\src\RestaurantPOS14\RestaurantPOS14\RPOS_DBDataSet.vb(15846,20): error BC30456: 'RecipeRowChangingEvent' is not a member of 'RPOS_DBDataSet.RecipeDataTable'. [L:\New Restauraunt Pos\src\RestaurantPOS14\RestaurantPOS14.vbproj]
L:\New Restauraunt Pos\src\RestaurantPOS14\RestaurantPOS14\RPOS_DBDataSet.vb(15847,32): error BC30451: 'RecipeRowChanging' is not declared. It may be inaccessible due to its protection level. [L:\New Restauraunt Pos\src\RestaurantPOS14\RestaurantPOS14.vbproj]
L:\New Restauraunt Pos\src\RestaurantPOS14\RestaurantPOS14\RPOS_DBDataSet.vb(16253,20): error BC30456: 'Recipe_JoinRowChangingEvent' is not a member of 'RPOS_DBDataSet.Recipe_JoinDataTable'. [L:\New Restauraunt Pos\src\RestaurantPOS14\RestaurantPOS14.vbproj]
L:\New Restauraunt Pos\src\RestaurantPOS14\RestaurantPOS14\RPOS_DBDataSet.vb(16254,32): error BC30451: 'Recipe_JoinRowChanging' is not declared. It may be inaccessible due to its protection level. [L:\New Restauraunt Pos\src\RestaurantPOS14\RestaurantPOS14.vbproj]
L:\New Restauraunt Pos\src\RestaurantPOS14\RestaurantPOS14\RPOS_DBDataSet.vb(15855,20): error BC30456: 'RecipeRowDeletedEvent' is not a member of 'RPOS_DBDataSet.RecipeDataTable'. [L:\New Restauraunt Pos\src\RestaurantPOS14\RestaurantPOS14.vbproj]
L:\New Restauraunt Pos\src\RestaurantPOS14\RestaurantPOS14\RPOS_DBDataSet.vb(15856,32): error BC30451: 'RecipeRowDeleted' is not declared. It may be inaccessible due to its protection level. [L:\New Restauraunt Pos\src\RestaurantPOS14\RestaurantPOS14.vbproj]
L:\New Restauraunt Pos\src\RestaurantPOS14\RestaurantPOS14\RPOS_DBDataSet.vb(16262,20): error BC30456: 'Recipe_JoinRowDeletedEvent' is not a member of 'RPOS_DBDataSet.Recipe_JoinDataTable'. [L:\New Restauraunt Pos\src\RestaurantPOS14\RestaurantPOS14.vbproj]
L:\New Restauraunt Pos\src\RestaurantPOS14\RestaurantPOS14\RPOS_DBDataSet.vb(16263,32): error BC30451: 'Recipe_JoinRowDeleted' is not declared. It may be inaccessible due to its protection level. [L:\New Restauraunt Pos\src\RestaurantPOS14\RestaurantPOS14.vbproj]
L:\New Restauraunt Pos\src\RestaurantPOS14\RestaurantPOS14\RPOS_DBDataSet.vb(15864,20): error BC30456: 'RecipeRowDeletingEvent' is not a member of 'RPOS_DBDataSet.RecipeDataTable'. [L:\New Restauraunt Pos\src\RestaurantPOS14\RestaurantPOS14.vbproj]
L:\New Restauraunt Pos\src\RestaurantPOS14\RestaurantPOS14\RPOS_DBDataSet.vb(15865,32): error BC30451: 'RecipeRowDeleting' is not declared. It may be inaccessible due to its protection level. [L:\New Restauraunt Pos\src\RestaurantPOS14\RestaurantPOS14.vbproj]
L:\New Restauraunt Pos\src\RestaurantPOS14\RestaurantPOS14\RPOS_DBDataSet.vb(16271,20): error BC30456: 'Recipe_JoinRowDeletingEvent' is not a member of 'RPOS_DBDataSet.Recipe_JoinDataTable'. [L:\New Restauraunt Pos\src\RestaurantPOS14\RestaurantPOS14.vbproj]
L:\New Restauraunt Pos\src\RestaurantPOS14\RestaurantPOS14\RPOS_DBDataSet.vb(16272,32): error BC30451: 'Recipe_JoinRowDeleting' is not declared. It may be inaccessible due to its protection level. [L:\New Restauraunt Pos\src\RestaurantPOS14\RestaurantPOS14.vbproj]
L:\New Restauraunt Pos\src\RestaurantPOS14\RestaurantPOS14\RPOS_DBDataSet.vb(17245,20): error BC30456: 'RestaurantPOS_BillingInfoEBRowChangedEvent' is not a member of 'RPOS_DBDataSet.RestaurantPOS_BillingInfoEBDataTable'. [L:\New Restauraunt Pos\src\RestaurantPOS14\RestaurantPOS14.vbproj]
L:\New Restauraunt Pos\src\RestaurantPOS14\RestaurantPOS14\RPOS_DBDataSet.vb(17246,32): error BC30451: 'RestaurantPOS_BillingInfoEBRowChanged' is not declared. It may be inaccessible due to its protection level. [L:\New Restauraunt Pos\src\RestaurantPOS14\RestaurantPOS14.vbproj]
L:\New Restauraunt Pos\src\RestaurantPOS14\RestaurantPOS14\RPOS_DBDataSet.vb(21158,20): error BC30456: 'RestaurantPOS_OrderedProductBillTARowChangedEvent' is not a member of 'RPOS_DBDataSet.RestaurantPOS_OrderedProductBillTADataTable'. [L:\New Restauraunt Pos\src\RestaurantPOS14\RestaurantPOS14.vbproj]
L:\New Restauraunt Pos\src\RestaurantPOS14\RestaurantPOS14\RPOS_DBDataSet.vb(21159,32): error BC30451: 'RestaurantPOS_OrderedProductBillTARowChanged' is not declared. It may be inaccessible due to its protection level. [L:\New Restauraunt Pos\src\RestaurantPOS14\RestaurantPOS14.vbproj]
L:\New Restauraunt Pos\src\RestaurantPOS14\RestaurantPOS14\RPOS_DBDataSet.vb(21167,20): error BC30456: 'RestaurantPOS_OrderedProductBillTARowChangingEvent' is not a member of 'RPOS_DBDataSet.RestaurantPOS_OrderedProductBillTADataTable'. [L:\New Restauraunt Pos\src\RestaurantPOS14\RestaurantPOS14.vbproj]
L:\New Restauraunt Pos\src\RestaurantPOS14\RestaurantPOS14\RPOS_DBDataSet.vb(21168,32): error BC30451: 'RestaurantPOS_OrderedProductBillTARowChanging' is not declared. It may be inaccessible due to its protection level. [L:\New Restauraunt Pos\src\RestaurantPOS14\RestaurantPOS14.vbproj]
L:\New Restauraunt Pos\src\RestaurantPOS14\RestaurantPOS14\RPOS_DBDataSet.vb(17254,20): error BC30456: 'RestaurantPOS_BillingInfoEBRowChangingEvent' is not a member of 'RPOS_DBDataSet.RestaurantPOS_BillingInfoEBDataTable'. [L:\New Restauraunt Pos\src\RestaurantPOS14\RestaurantPOS14.vbproj]
L:\New Restauraunt Pos\src\RestaurantPOS14\RestaurantPOS14\RPOS_DBDataSet.vb(17255,32): error BC30451: 'RestaurantPOS_BillingInfoEBRowChanging' is not declared. It may be inaccessible due to its protection level. [L:\New Restauraunt Pos\src\RestaurantPOS14\RestaurantPOS14.vbproj]
L:\New Restauraunt Pos\src\RestaurantPOS14\RestaurantPOS14\RPOS_DBDataSet.vb(17263,20): error BC30456: 'RestaurantPOS_BillingInfoEBRowDeletedEvent' is not a member of 'RPOS_DBDataSet.RestaurantPOS_BillingInfoEBDataTable'. [L:\New Restauraunt Pos\src\RestaurantPOS14\RestaurantPOS14.vbproj]
L:\New Restauraunt Pos\src\RestaurantPOS14\RestaurantPOS14\RPOS_DBDataSet.vb(17264,32): error BC30451: 'RestaurantPOS_BillingInfoEBRowDeleted' is not declared. It may be inaccessible due to its protection level. [L:\New Restauraunt Pos\src\RestaurantPOS14\RestaurantPOS14.vbproj]
L:\New Restauraunt Pos\src\RestaurantPOS14\RestaurantPOS14\RPOS_DBDataSet.vb(21176,20): error BC30456: 'RestaurantPOS_OrderedProductBillTARowDeletedEvent' is not a member of 'RPOS_DBDataSet.RestaurantPOS_OrderedProductBillTADataTable'. [L:\New Restauraunt Pos\src\RestaurantPOS14\RestaurantPOS14.vbproj]
L:\New Restauraunt Pos\src\RestaurantPOS14\RestaurantPOS14\RPOS_DBDataSet.vb(21177,32): error BC30451: 'RestaurantPOS_OrderedProductBillTARowDeleted' is not declared. It may be inaccessible due to its protection level. [L:\New Restauraunt Pos\src\RestaurantPOS14\RestaurantPOS14.vbproj]
L:\New Restauraunt Pos\src\RestaurantPOS14\RestaurantPOS14\RPOS_DBDataSet.vb(17272,20): error BC30456: 'RestaurantPOS_BillingInfoEBRowDeletingEvent' is not a member of 'RPOS_DBDataSet.RestaurantPOS_BillingInfoEBDataTable'. [L:\New Restauraunt Pos\src\RestaurantPOS14\RestaurantPOS14.vbproj]
L:\New Restauraunt Pos\src\RestaurantPOS14\RestaurantPOS14\RPOS_DBDataSet.vb(17273,32): error BC30451: 'RestaurantPOS_BillingInfoEBRowDeleting' is not declared. It may be inaccessible due to its protection level. [L:\New Restauraunt Pos\src\RestaurantPOS14\RestaurantPOS14.vbproj]
L:\New Restauraunt Pos\src\RestaurantPOS14\RestaurantPOS14\RPOS_DBDataSet.vb(21185,20): error BC30456: 'RestaurantPOS_OrderedProductBillTARowDeletingEvent' is not a member of 'RPOS_DBDataSet.RestaurantPOS_OrderedProductBillTADataTable'. [L:\New Restauraunt Pos\src\RestaurantPOS14\RestaurantPOS14.vbproj]
L:\New Restauraunt Pos\src\RestaurantPOS14\RestaurantPOS14\RPOS_DBDataSet.vb(21186,32): error BC30451: 'RestaurantPOS_OrderedProductBillTARowDeleting' is not declared. It may be inaccessible due to its protection level. [L:\New Restauraunt Pos\src\RestaurantPOS14\RestaurantPOS14.vbproj]
L:\New Restauraunt Pos\src\RestaurantPOS14\RestaurantPOS14\RPOS_DBDataSet.vb(15440,20): error BC30456: 'R_TableRowChangedEvent' is not a member of 'RPOS_DBDataSet.R_TableDataTable'. [L:\New Restauraunt Pos\src\RestaurantPOS14\RestaurantPOS14.vbproj]
L:\New Restauraunt Pos\src\RestaurantPOS14\RestaurantPOS14\RPOS_DBDataSet.vb(15441,32): error BC30451: 'R_TableRowChanged' is not declared. It may be inaccessible due to its protection level. [L:\New Restauraunt Pos\src\RestaurantPOS14\RestaurantPOS14.vbproj]
L:\New Restauraunt Pos\src\RestaurantPOS14\RestaurantPOS14\RPOS_DBDataSet.vb(15449,20): error BC30456: 'R_TableRowChangingEvent' is not a member of 'RPOS_DBDataSet.R_TableDataTable'. [L:\New Restauraunt Pos\src\RestaurantPOS14\RestaurantPOS14.vbproj]
L:\New Restauraunt Pos\src\RestaurantPOS14\RestaurantPOS14\RPOS_DBDataSet.vb(15450,32): error BC30451: 'R_TableRowChanging' is not declared. It may be inaccessible due to its protection level. [L:\New Restauraunt Pos\src\RestaurantPOS14\RestaurantPOS14.vbproj]
L:\New Restauraunt Pos\src\RestaurantPOS14\RestaurantPOS14\RPOS_DBDataSet.vb(15458,20): error BC30456: 'R_TableRowDeletedEvent' is not a member of 'RPOS_DBDataSet.R_TableDataTable'. [L:\New Restauraunt Pos\src\RestaurantPOS14\RestaurantPOS14.vbproj]
L:\New Restauraunt Pos\src\RestaurantPOS14\RestaurantPOS14\RPOS_DBDataSet.vb(15459,32): error BC30451: 'R_TableRowDeleted' is not declared. It may be inaccessible due to its protection level. [L:\New Restauraunt Pos\src\RestaurantPOS14\RestaurantPOS14.vbproj]
L:\New Restauraunt Pos\src\RestaurantPOS14\RestaurantPOS14\RPOS_DBDataSet.vb(15467,20): error BC30456: 'R_TableRowDeletingEvent' is not a member of 'RPOS_DBDataSet.R_TableDataTable'. [L:\New Restauraunt Pos\src\RestaurantPOS14\RestaurantPOS14.vbproj]
L:\New Restauraunt Pos\src\RestaurantPOS14\RestaurantPOS14\RPOS_DBDataSet.vb(15468,32): error BC30451: 'R_TableRowDeleting' is not declared. It may be inaccessible due to its protection level. [L:\New Restauraunt Pos\src\RestaurantPOS14\RestaurantPOS14.vbproj]
L:\New Restauraunt Pos\src\RestaurantPOS14\RestaurantPOS14\RPOS_DBDataSet.vb(16681,20): error BC30456: 'RegistrationRowChangedEvent' is not a member of 'RPOS_DBDataSet.RegistrationDataTable'. [L:\New Restauraunt Pos\src\RestaurantPOS14\RestaurantPOS14.vbproj]
L:\New Restauraunt Pos\src\RestaurantPOS14\RestaurantPOS14\RPOS_DBDataSet.vb(16682,32): error BC30451: 'RegistrationRowChanged' is not declared. It may be inaccessible due to its protection level. [L:\New Restauraunt Pos\src\RestaurantPOS14\RestaurantPOS14.vbproj]
L:\New Restauraunt Pos\src\RestaurantPOS14\RestaurantPOS14\RPOS_DBDataSet.vb(16690,20): error BC30456: 'RegistrationRowChangingEvent' is not a member of 'RPOS_DBDataSet.RegistrationDataTable'. [L:\New Restauraunt Pos\src\RestaurantPOS14\RestaurantPOS14.vbproj]
L:\New Restauraunt Pos\src\RestaurantPOS14\RestaurantPOS14\RPOS_DBDataSet.vb(16691,32): error BC30451: 'RegistrationRowChanging' is not declared. It may be inaccessible due to its protection level. [L:\New Restauraunt Pos\src\RestaurantPOS14\RestaurantPOS14.vbproj]
L:\New Restauraunt Pos\src\RestaurantPOS14\RestaurantPOS14\RPOS_DBDataSet.vb(16699,20): error BC30456: 'RegistrationRowDeletedEvent' is not a member of 'RPOS_DBDataSet.RegistrationDataTable'. [L:\New Restauraunt Pos\src\RestaurantPOS14\RestaurantPOS14.vbproj]
L:\New Restauraunt Pos\src\RestaurantPOS14\RestaurantPOS14\RPOS_DBDataSet.vb(16700,32): error BC30451: 'RegistrationRowDeleted' is not declared. It may be inaccessible due to its protection level. [L:\New Restauraunt Pos\src\RestaurantPOS14\RestaurantPOS14.vbproj]
L:\New Restauraunt Pos\src\RestaurantPOS14\RestaurantPOS14\RPOS_DBDataSet.vb(16708,20): error BC30456: 'RegistrationRowDeletingEvent' is not a member of 'RPOS_DBDataSet.RegistrationDataTable'. [L:\New Restauraunt Pos\src\RestaurantPOS14\RestaurantPOS14.vbproj]
L:\New Restauraunt Pos\src\RestaurantPOS14\RestaurantPOS14\RPOS_DBDataSet.vb(16709,32): error BC30451: 'RegistrationRowDeleting' is not declared. It may be inaccessible due to its protection level. [L:\New Restauraunt Pos\src\RestaurantPOS14\RestaurantPOS14.vbproj]
L:\New Restauraunt Pos\src\RestaurantPOS14\RestaurantPOS14\RPOS_DBDataSet.vb(14011,20): error BC30456: 'Product_OpeningStockRowChangedEvent' is not a member of 'RPOS_DBDataSet.Product_OpeningStockDataTable'. [L:\New Restauraunt Pos\src\RestaurantPOS14\RestaurantPOS14.vbproj]
L:\New Restauraunt Pos\src\RestaurantPOS14\RestaurantPOS14\RPOS_DBDataSet.vb(14012,32): error BC30451: 'Product_OpeningStockRowChanged' is not declared. It may be inaccessible due to its protection level. [L:\New Restauraunt Pos\src\RestaurantPOS14\RestaurantPOS14.vbproj]
L:\New Restauraunt Pos\src\RestaurantPOS14\RestaurantPOS14\RPOS_DBDataSet.vb(14020,20): error BC30456: 'Product_OpeningStockRowChangingEvent' is not a member of 'RPOS_DBDataSet.Product_OpeningStockDataTable'. [L:\New Restauraunt Pos\src\RestaurantPOS14\RestaurantPOS14.vbproj]
L:\New Restauraunt Pos\src\RestaurantPOS14\RestaurantPOS14\RPOS_DBDataSet.vb(14021,32): error BC30451: 'Product_OpeningStockRowChanging' is not declared. It may be inaccessible due to its protection level. [L:\New Restauraunt Pos\src\RestaurantPOS14\RestaurantPOS14.vbproj]
L:\New Restauraunt Pos\src\RestaurantPOS14\RestaurantPOS14\RPOS_DBDataSet.vb(14029,20): error BC30456: 'Product_OpeningStockRowDeletedEvent' is not a member of 'RPOS_DBDataSet.Product_OpeningStockDataTable'. [L:\New Restauraunt Pos\src\RestaurantPOS14\RestaurantPOS14.vbproj]
L:\New Restauraunt Pos\src\RestaurantPOS14\RestaurantPOS14\RPOS_DBDataSet.vb(14030,32): error BC30451: 'Product_OpeningStockRowDeleted' is not declared. It may be inaccessible due to its protection level. [L:\New Restauraunt Pos\src\RestaurantPOS14\RestaurantPOS14.vbproj]
L:\New Restauraunt Pos\src\RestaurantPOS14\RestaurantPOS14\RPOS_DBDataSet.vb(14038,20): error BC30456: 'Product_OpeningStockRowDeletingEvent' is not a member of 'RPOS_DBDataSet.Product_OpeningStockDataTable'. [L:\New Restauraunt Pos\src\RestaurantPOS14\RestaurantPOS14.vbproj]
L:\New Restauraunt Pos\src\RestaurantPOS14\RestaurantPOS14\RPOS_DBDataSet.vb(14039,32): error BC30451: 'Product_OpeningStockRowDeleting' is not declared. It may be inaccessible due to its protection level. [L:\New Restauraunt Pos\src\RestaurantPOS14\RestaurantPOS14.vbproj]
L:\New Restauraunt Pos\src\RestaurantPOS14\RestaurantPOS14\RPOS_DBDataSet.vb(15072,20): error BC30456: 'Purchase_JoinRowChangedEvent' is not a member of 'RPOS_DBDataSet.Purchase_JoinDataTable'. [L:\New Restauraunt Pos\src\RestaurantPOS14\RestaurantPOS14.vbproj]
L:\New Restauraunt Pos\src\RestaurantPOS14\RestaurantPOS14\RPOS_DBDataSet.vb(15073,32): error BC30451: 'Purchase_JoinRowChanged' is not declared. It may be inaccessible due to its protection level. [L:\New Restauraunt Pos\src\RestaurantPOS14\RestaurantPOS14.vbproj]
L:\New Restauraunt Pos\src\RestaurantPOS14\RestaurantPOS14\RPOS_DBDataSet.vb(15081,20): error BC30456: 'Purchase_JoinRowChangingEvent' is not a member of 'RPOS_DBDataSet.Purchase_JoinDataTable'. [L:\New Restauraunt Pos\src\RestaurantPOS14\RestaurantPOS14.vbproj]
L:\New Restauraunt Pos\src\RestaurantPOS14\RestaurantPOS14\RPOS_DBDataSet.vb(15082,32): error BC30451: 'Purchase_JoinRowChanging' is not declared. It may be inaccessible due to its protection level. [L:\New Restauraunt Pos\src\RestaurantPOS14\RestaurantPOS14.vbproj]
L:\New Restauraunt Pos\src\RestaurantPOS14\RestaurantPOS14\RPOS_DBDataSet.vb(15090,20): error BC30456: 'Purchase_JoinRowDeletedEvent' is not a member of 'RPOS_DBDataSet.Purchase_JoinDataTable'. [L:\New Restauraunt Pos\src\RestaurantPOS14\RestaurantPOS14.vbproj]
L:\New Restauraunt Pos\src\RestaurantPOS14\RestaurantPOS14\RPOS_DBDataSet.vb(15091,32): error BC30451: 'Purchase_JoinRowDeleted' is not declared. It may be inaccessible due to its protection level. [L:\New Restauraunt Pos\src\RestaurantPOS14\RestaurantPOS14.vbproj]
L:\New Restauraunt Pos\src\RestaurantPOS14\RestaurantPOS14\RPOS_DBDataSet.vb(15099,20): error BC30456: 'Purchase_JoinRowDeletingEvent' is not a member of 'RPOS_DBDataSet.Purchase_JoinDataTable'. [L:\New Restauraunt Pos\src\RestaurantPOS14\RestaurantPOS14.vbproj]
L:\New Restauraunt Pos\src\RestaurantPOS14\RestaurantPOS14\RPOS_DBDataSet.vb(15100,32): error BC30451: 'Purchase_JoinRowDeleting' is not declared. It may be inaccessible due to its protection level. [L:\New Restauraunt Pos\src\RestaurantPOS14\RestaurantPOS14.vbproj]
L:\New Restauraunt Pos\src\RestaurantPOS14\RestaurantPOS14\RPOS_DBDataSet.vb(14608,20): error BC30456: 'PurchaseRowChangedEvent' is not a member of 'RPOS_DBDataSet.PurchaseDataTable'. [L:\New Restauraunt Pos\src\RestaurantPOS14\RestaurantPOS14.vbproj]
L:\New Restauraunt Pos\src\RestaurantPOS14\RestaurantPOS14\RPOS_DBDataSet.vb(14609,32): error BC30451: 'PurchaseRowChanged' is not declared. It may be inaccessible due to its protection level. [L:\New Restauraunt Pos\src\RestaurantPOS14\RestaurantPOS14.vbproj]
L:\New Restauraunt Pos\src\RestaurantPOS14\RestaurantPOS14\RPOS_DBDataSet.vb(14617,20): error BC30456: 'PurchaseRowChangingEvent' is not a member of 'RPOS_DBDataSet.PurchaseDataTable'. [L:\New Restauraunt Pos\src\RestaurantPOS14\RestaurantPOS14.vbproj]
L:\New Restauraunt Pos\src\RestaurantPOS14\RestaurantPOS14\RPOS_DBDataSet.vb(14618,32): error BC30451: 'PurchaseRowChanging' is not declared. It may be inaccessible due to its protection level. [L:\New Restauraunt Pos\src\RestaurantPOS14\RestaurantPOS14.vbproj]
L:\New Restauraunt Pos\src\RestaurantPOS14\RestaurantPOS14\RPOS_DBDataSet.vb(14626,20): error BC30456: 'PurchaseRowDeletedEvent' is not a member of 'RPOS_DBDataSet.PurchaseDataTable'. [L:\New Restauraunt Pos\src\RestaurantPOS14\RestaurantPOS14.vbproj]
L:\New Restauraunt Pos\src\RestaurantPOS14\RestaurantPOS14\RPOS_DBDataSet.vb(14627,32): error BC30451: 'PurchaseRowDeleted' is not declared. It may be inaccessible due to its protection level. [L:\New Restauraunt Pos\src\RestaurantPOS14\RestaurantPOS14.vbproj]
L:\New Restauraunt Pos\src\RestaurantPOS14\RestaurantPOS14\RPOS_DBDataSet.vb(11205,20): error BC30456: 'PizzaSizeRowChangedEvent' is not a member of 'RPOS_DBDataSet.PizzaSizeDataTable'. [L:\New Restauraunt Pos\src\RestaurantPOS14\RestaurantPOS14.vbproj]
L:\New Restauraunt Pos\src\RestaurantPOS14\RestaurantPOS14\RPOS_DBDataSet.vb(11206,32): error BC30451: 'PizzaSizeRowChanged' is not declared. It may be inaccessible due to its protection level. [L:\New Restauraunt Pos\src\RestaurantPOS14\RestaurantPOS14.vbproj]
L:\New Restauraunt Pos\src\RestaurantPOS14\RestaurantPOS14\RPOS_DBDataSet.vb(14635,20): error BC30456: 'PurchaseRowDeletingEvent' is not a member of 'RPOS_DBDataSet.PurchaseDataTable'. [L:\New Restauraunt Pos\src\RestaurantPOS14\RestaurantPOS14.vbproj]
L:\New Restauraunt Pos\src\RestaurantPOS14\RestaurantPOS14\RPOS_DBDataSet.vb(14636,32): error BC30451: 'PurchaseRowDeleting' is not declared. It may be inaccessible due to its protection level. [L:\New Restauraunt Pos\src\RestaurantPOS14\RestaurantPOS14.vbproj]
L:\New Restauraunt Pos\src\RestaurantPOS14\RestaurantPOS14\RPOS_DBDataSet.vb(11601,20): error BC30456: 'PizzaToppingRowChangedEvent' is not a member of 'RPOS_DBDataSet.PizzaToppingDataTable'. [L:\New Restauraunt Pos\src\RestaurantPOS14\RestaurantPOS14.vbproj]
L:\New Restauraunt Pos\src\RestaurantPOS14\RestaurantPOS14\RPOS_DBDataSet.vb(11602,32): error BC30451: 'PizzaToppingRowChanged' is not declared. It may be inaccessible due to its protection level. [L:\New Restauraunt Pos\src\RestaurantPOS14\RestaurantPOS14.vbproj]
L:\New Restauraunt Pos\src\RestaurantPOS14\RestaurantPOS14\RPOS_DBDataSet.vb(11214,20): error BC30456: 'PizzaSizeRowChangingEvent' is not a member of 'RPOS_DBDataSet.PizzaSizeDataTable'. [L:\New Restauraunt Pos\src\RestaurantPOS14\RestaurantPOS14.vbproj]
L:\New Restauraunt Pos\src\RestaurantPOS14\RestaurantPOS14\RPOS_DBDataSet.vb(11215,32): error BC30451: 'PizzaSizeRowChanging' is not declared. It may be inaccessible due to its protection level. [L:\New Restauraunt Pos\src\RestaurantPOS14\RestaurantPOS14.vbproj]
L:\New Restauraunt Pos\src\RestaurantPOS14\RestaurantPOS14\RPOS_DBDataSet.vb(11610,20): error BC30456: 'PizzaToppingRowChangingEvent' is not a member of 'RPOS_DBDataSet.PizzaToppingDataTable'. [L:\New Restauraunt Pos\src\RestaurantPOS14\RestaurantPOS14.vbproj]
L:\New Restauraunt Pos\src\RestaurantPOS14\RestaurantPOS14\RPOS_DBDataSet.vb(11611,32): error BC30451: 'PizzaToppingRowChanging' is not declared. It may be inaccessible due to its protection level. [L:\New Restauraunt Pos\src\RestaurantPOS14\RestaurantPOS14.vbproj]
L:\New Restauraunt Pos\src\RestaurantPOS14\RestaurantPOS14\RPOS_DBDataSet.vb(11223,20): error BC30456: 'PizzaSizeRowDeletedEvent' is not a member of 'RPOS_DBDataSet.PizzaSizeDataTable'. [L:\New Restauraunt Pos\src\RestaurantPOS14\RestaurantPOS14.vbproj]
L:\New Restauraunt Pos\src\RestaurantPOS14\RestaurantPOS14\RPOS_DBDataSet.vb(11224,32): error BC30451: 'PizzaSizeRowDeleted' is not declared. It may be inaccessible due to its protection level. [L:\New Restauraunt Pos\src\RestaurantPOS14\RestaurantPOS14.vbproj]
L:\New Restauraunt Pos\src\RestaurantPOS14\RestaurantPOS14\RPOS_DBDataSet.vb(11619,20): error BC30456: 'PizzaToppingRowDeletedEvent' is not a member of 'RPOS_DBDataSet.PizzaToppingDataTable'. [L:\New Restauraunt Pos\src\RestaurantPOS14\RestaurantPOS14.vbproj]
L:\New Restauraunt Pos\src\RestaurantPOS14\RestaurantPOS14\RPOS_DBDataSet.vb(11620,32): error BC30451: 'PizzaToppingRowDeleted' is not declared. It may be inaccessible due to its protection level. [L:\New Restauraunt Pos\src\RestaurantPOS14\RestaurantPOS14.vbproj]
L:\New Restauraunt Pos\src\RestaurantPOS14\RestaurantPOS14\RPOS_DBDataSet.vb(11232,20): error BC30456: 'PizzaSizeRowDeletingEvent' is not a member of 'RPOS_DBDataSet.PizzaSizeDataTable'. [L:\New Restauraunt Pos\src\RestaurantPOS14\RestaurantPOS14.vbproj]
L:\New Restauraunt Pos\src\RestaurantPOS14\RestaurantPOS14\RPOS_DBDataSet.vb(11233,32): error BC30451: 'PizzaSizeRowDeleting' is not declared. It may be inaccessible due to its protection level. [L:\New Restauraunt Pos\src\RestaurantPOS14\RestaurantPOS14.vbproj]
L:\New Restauraunt Pos\src\RestaurantPOS14\RestaurantPOS14\RPOS_DBDataSet.vb(11628,20): error BC30456: 'PizzaToppingRowDeletingEvent' is not a member of 'RPOS_DBDataSet.PizzaToppingDataTable'. [L:\New Restauraunt Pos\src\RestaurantPOS14\RestaurantPOS14.vbproj]
L:\New Restauraunt Pos\src\RestaurantPOS14\RestaurantPOS14\RPOS_DBDataSet.vb(11629,32): error BC30451: 'PizzaToppingRowDeleting' is not declared. It may be inaccessible due to its protection level. [L:\New Restauraunt Pos\src\RestaurantPOS14\RestaurantPOS14.vbproj]
L:\New Restauraunt Pos\src\RestaurantPOS14\RestaurantPOS14\RPOS_DBDataSet.vb(13593,20): error BC30456: 'ProductRowChangedEvent' is not a member of 'RPOS_DBDataSet.ProductDataTable'. [L:\New Restauraunt Pos\src\RestaurantPOS14\RestaurantPOS14.vbproj]
L:\New Restauraunt Pos\src\RestaurantPOS14\RestaurantPOS14\RPOS_DBDataSet.vb(13594,32): error BC30451: 'ProductRowChanged' is not declared. It may be inaccessible due to its protection level. [L:\New Restauraunt Pos\src\RestaurantPOS14\RestaurantPOS14.vbproj]
L:\New Restauraunt Pos\src\RestaurantPOS14\RestaurantPOS14\RPOS_DBDataSet.vb(13602,20): error BC30456: 'ProductRowChangingEvent' is not a member of 'RPOS_DBDataSet.ProductDataTable'. [L:\New Restauraunt Pos\src\RestaurantPOS14\RestaurantPOS14.vbproj]
L:\New Restauraunt Pos\src\RestaurantPOS14\RestaurantPOS14\RPOS_DBDataSet.vb(13603,32): error BC30451: 'ProductRowChanging' is not declared. It may be inaccessible due to its protection level. [L:\New Restauraunt Pos\src\RestaurantPOS14\RestaurantPOS14.vbproj]
L:\New Restauraunt Pos\src\RestaurantPOS14\RestaurantPOS14\RPOS_DBDataSet.vb(13611,20): error BC30456: 'ProductRowDeletedEvent' is not a member of 'RPOS_DBDataSet.ProductDataTable'. [L:\New Restauraunt Pos\src\RestaurantPOS14\RestaurantPOS14.vbproj]
L:\New Restauraunt Pos\src\RestaurantPOS14\RestaurantPOS14\RPOS_DBDataSet.vb(13612,32): error BC30451: 'ProductRowDeleted' is not declared. It may be inaccessible due to its protection level. [L:\New Restauraunt Pos\src\RestaurantPOS14\RestaurantPOS14.vbproj]
L:\New Restauraunt Pos\src\RestaurantPOS14\RestaurantPOS14\RPOS_DBDataSet.vb(13155,20): error BC30456: 'PosPrinterSettingRowChangedEvent' is not a member of 'RPOS_DBDataSet.PosPrinterSettingDataTable'. [L:\New Restauraunt Pos\src\RestaurantPOS14\RestaurantPOS14.vbproj]
L:\New Restauraunt Pos\src\RestaurantPOS14\RestaurantPOS14\RPOS_DBDataSet.vb(13156,32): error BC30451: 'PosPrinterSettingRowChanged' is not declared. It may be inaccessible due to its protection level. [L:\New Restauraunt Pos\src\RestaurantPOS14\RestaurantPOS14.vbproj]
L:\New Restauraunt Pos\src\RestaurantPOS14\RestaurantPOS14\RPOS_DBDataSet.vb(13620,20): error BC30456: 'ProductRowDeletingEvent' is not a member of 'RPOS_DBDataSet.ProductDataTable'. [L:\New Restauraunt Pos\src\RestaurantPOS14\RestaurantPOS14.vbproj]
L:\New Restauraunt Pos\src\RestaurantPOS14\RestaurantPOS14\RPOS_DBDataSet.vb(13621,32): error BC30451: 'ProductRowDeleting' is not declared. It may be inaccessible due to its protection level. [L:\New Restauraunt Pos\src\RestaurantPOS14\RestaurantPOS14.vbproj]
L:\New Restauraunt Pos\src\RestaurantPOS14\RestaurantPOS14\RPOS_DBDataSet.vb(13164,20): error BC30456: 'PosPrinterSettingRowChangingEvent' is not a member of 'RPOS_DBDataSet.PosPrinterSettingDataTable'. [L:\New Restauraunt Pos\src\RestaurantPOS14\RestaurantPOS14.vbproj]
L:\New Restauraunt Pos\src\RestaurantPOS14\RestaurantPOS14\RPOS_DBDataSet.vb(13165,32): error BC30451: 'PosPrinterSettingRowChanging' is not declared. It may be inaccessible due to its protection level. [L:\New Restauraunt Pos\src\RestaurantPOS14\RestaurantPOS14.vbproj]
L:\New Restauraunt Pos\src\RestaurantPOS14\RestaurantPOS14\RPOS_DBDataSet.vb(13173,20): error BC30456: 'PosPrinterSettingRowDeletedEvent' is not a member of 'RPOS_DBDataSet.PosPrinterSettingDataTable'. [L:\New Restauraunt Pos\src\RestaurantPOS14\RestaurantPOS14.vbproj]
L:\New Restauraunt Pos\src\RestaurantPOS14\RestaurantPOS14\RPOS_DBDataSet.vb(13174,32): error BC30451: 'PosPrinterSettingRowDeleted' is not declared. It may be inaccessible due to its protection level. [L:\New Restauraunt Pos\src\RestaurantPOS14\RestaurantPOS14.vbproj]
L:\New Restauraunt Pos\src\RestaurantPOS14\RestaurantPOS14\RPOS_DBDataSet.vb(13182,20): error BC30456: 'PosPrinterSettingRowDeletingEvent' is not a member of 'RPOS_DBDataSet.PosPrinterSettingDataTable'. [L:\New Restauraunt Pos\src\RestaurantPOS14\RestaurantPOS14.vbproj]
L:\New Restauraunt Pos\src\RestaurantPOS14\RestaurantPOS14\RPOS_DBDataSet.vb(13183,32): error BC30451: 'PosPrinterSettingRowDeleting' is not declared. It may be inaccessible due to its protection level. [L:\New Restauraunt Pos\src\RestaurantPOS14\RestaurantPOS14.vbproj]
L:\New Restauraunt Pos\src\RestaurantPOS14\RestaurantPOS14\RPOS_DBDataSet.vb(10869,20): error BC30456: 'PizzaMasterRowChangedEvent' is not a member of 'RPOS_DBDataSet.PizzaMasterDataTable'. [L:\New Restauraunt Pos\src\RestaurantPOS14\RestaurantPOS14.vbproj]
L:\New Restauraunt Pos\src\RestaurantPOS14\RestaurantPOS14\RPOS_DBDataSet.vb(10870,32): error BC30451: 'PizzaMasterRowChanged' is not declared. It may be inaccessible due to its protection level. [L:\New Restauraunt Pos\src\RestaurantPOS14\RestaurantPOS14.vbproj]
L:\New Restauraunt Pos\src\RestaurantPOS14\RestaurantPOS14\RPOS_DBDataSet.vb(10878,20): error BC30456: 'PizzaMasterRowChangingEvent' is not a member of 'RPOS_DBDataSet.PizzaMasterDataTable'. [L:\New Restauraunt Pos\src\RestaurantPOS14\RestaurantPOS14.vbproj]
L:\New Restauraunt Pos\src\RestaurantPOS14\RestaurantPOS14\RPOS_DBDataSet.vb(10879,32): error BC30451: 'PizzaMasterRowChanging' is not declared. It may be inaccessible due to its protection level. [L:\New Restauraunt Pos\src\RestaurantPOS14\RestaurantPOS14.vbproj]
L:\New Restauraunt Pos\src\RestaurantPOS14\RestaurantPOS14\RPOS_DBDataSet.vb(10887,20): error BC30456: 'PizzaMasterRowDeletedEvent' is not a member of 'RPOS_DBDataSet.PizzaMasterDataTable'. [L:\New Restauraunt Pos\src\RestaurantPOS14\RestaurantPOS14.vbproj]
L:\New Restauraunt Pos\src\RestaurantPOS14\RestaurantPOS14\RPOS_DBDataSet.vb(10888,32): error BC30451: 'PizzaMasterRowDeleted' is not declared. It may be inaccessible due to its protection level. [L:\New Restauraunt Pos\src\RestaurantPOS14\RestaurantPOS14.vbproj]
L:\New Restauraunt Pos\src\RestaurantPOS14\RestaurantPOS14\RPOS_DBDataSet.vb(10896,20): error BC30456: 'PizzaMasterRowDeletingEvent' is not a member of 'RPOS_DBDataSet.PizzaMasterDataTable'. [L:\New Restauraunt Pos\src\RestaurantPOS14\RestaurantPOS14.vbproj]
L:\New Restauraunt Pos\src\RestaurantPOS14\RestaurantPOS14\RPOS_DBDataSet.vb(10897,32): error BC30451: 'PizzaMasterRowDeleting' is not declared. It may be inaccessible due to its protection level. [L:\New Restauraunt Pos\src\RestaurantPOS14\RestaurantPOS14.vbproj]
L:\New Restauraunt Pos\src\RestaurantPOS14\RestaurantPOS14\RPOS_DBDataSet.vb(12151,20): error BC30456: 'PosGroupingRowChangedEvent' is not a member of 'RPOS_DBDataSet.PosGroupingDataTable'. [L:\New Restauraunt Pos\src\RestaurantPOS14\RestaurantPOS14.vbproj]
L:\New Restauraunt Pos\src\RestaurantPOS14\RestaurantPOS14\RPOS_DBDataSet.vb(12152,32): error BC30451: 'PosGroupingRowChanged' is not declared. It may be inaccessible due to its protection level. [L:\New Restauraunt Pos\src\RestaurantPOS14\RestaurantPOS14.vbproj]
L:\New Restauraunt Pos\src\RestaurantPOS14\RestaurantPOS14\RPOS_DBDataSet.vb(12704,20): error BC30456: 'PosGrouping1RowChangedEvent' is not a member of 'RPOS_DBDataSet.PosGrouping1DataTable'. [L:\New Restauraunt Pos\src\RestaurantPOS14\RestaurantPOS14.vbproj]
L:\New Restauraunt Pos\src\RestaurantPOS14\RestaurantPOS14\RPOS_DBDataSet.vb(12705,32): error BC30451: 'PosGrouping1RowChanged' is not declared. It may be inaccessible due to its protection level. [L:\New Restauraunt Pos\src\RestaurantPOS14\RestaurantPOS14.vbproj]
L:\New Restauraunt Pos\src\RestaurantPOS14\RestaurantPOS14\RPOS_DBDataSet.vb(12160,20): error BC30456: 'PosGroupingRowChangingEvent' is not a member of 'RPOS_DBDataSet.PosGroupingDataTable'. [L:\New Restauraunt Pos\src\RestaurantPOS14\RestaurantPOS14.vbproj]
L:\New Restauraunt Pos\src\RestaurantPOS14\RestaurantPOS14\RPOS_DBDataSet.vb(12161,32): error BC30451: 'PosGroupingRowChanging' is not declared. It may be inaccessible due to its protection level. [L:\New Restauraunt Pos\src\RestaurantPOS14\RestaurantPOS14.vbproj]
L:\New Restauraunt Pos\src\RestaurantPOS14\RestaurantPOS14\RPOS_DBDataSet.vb(12713,20): error BC30456: 'PosGrouping1RowChangingEvent' is not a member of 'RPOS_DBDataSet.PosGrouping1DataTable'. [L:\New Restauraunt Pos\src\RestaurantPOS14\RestaurantPOS14.vbproj]
L:\New Restauraunt Pos\src\RestaurantPOS14\RestaurantPOS14\RPOS_DBDataSet.vb(12714,32): error BC30451: 'PosGrouping1RowChanging' is not declared. It may be inaccessible due to its protection level. [L:\New Restauraunt Pos\src\RestaurantPOS14\RestaurantPOS14.vbproj]
L:\New Restauraunt Pos\src\RestaurantPOS14\RestaurantPOS14\RPOS_DBDataSet.vb(17825,20): error BC30456: 'RestaurantPOS_BillingInfoHDRowChangedEvent' is not a member of 'RPOS_DBDataSet.RestaurantPOS_BillingInfoHDDataTable'. [L:\New Restauraunt Pos\src\RestaurantPOS14\RestaurantPOS14.vbproj]
L:\New Restauraunt Pos\src\RestaurantPOS14\RestaurantPOS14\RPOS_DBDataSet.vb(17826,32): error BC30451: 'RestaurantPOS_BillingInfoHDRowChanged' is not declared. It may be inaccessible due to its protection level. [L:\New Restauraunt Pos\src\RestaurantPOS14\RestaurantPOS14.vbproj]
L:\New Restauraunt Pos\src\RestaurantPOS14\RestaurantPOS14\RPOS_DBDataSet.vb(12169,20): error BC30456: 'PosGroupingRowDeletedEvent' is not a member of 'RPOS_DBDataSet.PosGroupingDataTable'. [L:\New Restauraunt Pos\src\RestaurantPOS14\RestaurantPOS14.vbproj]
L:\New Restauraunt Pos\src\RestaurantPOS14\RestaurantPOS14\RPOS_DBDataSet.vb(12170,32): error BC30451: 'PosGroupingRowDeleted' is not declared. It may be inaccessible due to its protection level. [L:\New Restauraunt Pos\src\RestaurantPOS14\RestaurantPOS14.vbproj]
L:\New Restauraunt Pos\src\RestaurantPOS14\RestaurantPOS14\RPOS_DBDataSet.vb(12722,20): error BC30456: 'PosGrouping1RowDeletedEvent' is not a member of 'RPOS_DBDataSet.PosGrouping1DataTable'. [L:\New Restauraunt Pos\src\RestaurantPOS14\RestaurantPOS14.vbproj]
L:\New Restauraunt Pos\src\RestaurantPOS14\RestaurantPOS14\RPOS_DBDataSet.vb(12723,32): error BC30451: 'PosGrouping1RowDeleted' is not declared. It may be inaccessible due to its protection level. [L:\New Restauraunt Pos\src\RestaurantPOS14\RestaurantPOS14.vbproj]
L:\New Restauraunt Pos\src\RestaurantPOS14\RestaurantPOS14\RPOS_DBDataSet.vb(12178,20): error BC30456: 'PosGroupingRowDeletingEvent' is not a member of 'RPOS_DBDataSet.PosGroupingDataTable'. [L:\New Restauraunt Pos\src\RestaurantPOS14\RestaurantPOS14.vbproj]
L:\New Restauraunt Pos\src\RestaurantPOS14\RestaurantPOS14\RPOS_DBDataSet.vb(12179,32): error BC30451: 'PosGroupingRowDeleting' is not declared. It may be inaccessible due to its protection level. [L:\New Restauraunt Pos\src\RestaurantPOS14\RestaurantPOS14.vbproj]
L:\New Restauraunt Pos\src\RestaurantPOS14\RestaurantPOS14\RPOS_DBDataSet.vb(17834,20): error BC30456: 'RestaurantPOS_BillingInfoHDRowChangingEvent' is not a member of 'RPOS_DBDataSet.RestaurantPOS_BillingInfoHDDataTable'. [L:\New Restauraunt Pos\src\RestaurantPOS14\RestaurantPOS14.vbproj]
L:\New Restauraunt Pos\src\RestaurantPOS14\RestaurantPOS14\RPOS_DBDataSet.vb(17835,32): error BC30451: 'RestaurantPOS_BillingInfoHDRowChanging' is not declared. It may be inaccessible due to its protection level. [L:\New Restauraunt Pos\src\RestaurantPOS14\RestaurantPOS14.vbproj]
L:\New Restauraunt Pos\src\RestaurantPOS14\RestaurantPOS14\RPOS_DBDataSet.vb(12731,20): error BC30456: 'PosGrouping1RowDeletingEvent' is not a member of 'RPOS_DBDataSet.PosGrouping1DataTable'. [L:\New Restauraunt Pos\src\RestaurantPOS14\RestaurantPOS14.vbproj]
L:\New Restauraunt Pos\src\RestaurantPOS14\RestaurantPOS14\RPOS_DBDataSet.vb(12732,32): error BC30451: 'PosGrouping1RowDeleting' is not declared. It may be inaccessible due to its protection level. [L:\New Restauraunt Pos\src\RestaurantPOS14\RestaurantPOS14.vbproj]
L:\New Restauraunt Pos\src\RestaurantPOS14\RestaurantPOS14\RPOS_DBDataSet.vb(17843,20): error BC30456: 'RestaurantPOS_BillingInfoHDRowDeletedEvent' is not a member of 'RPOS_DBDataSet.RestaurantPOS_BillingInfoHDDataTable'. [L:\New Restauraunt Pos\src\RestaurantPOS14\RestaurantPOS14.vbproj]
L:\New Restauraunt Pos\src\RestaurantPOS14\RestaurantPOS14\RPOS_DBDataSet.vb(17844,32): error BC30451: 'RestaurantPOS_BillingInfoHDRowDeleted' is not declared. It may be inaccessible due to its protection level. [L:\New Restauraunt Pos\src\RestaurantPOS14\RestaurantPOS14.vbproj]
L:\New Restauraunt Pos\src\RestaurantPOS14\RestaurantPOS14\RPOS_DBDataSet.vb(17852,20): error BC30456: 'RestaurantPOS_BillingInfoHDRowDeletingEvent' is not a member of 'RPOS_DBDataSet.RestaurantPOS_BillingInfoHDDataTable'. [L:\New Restauraunt Pos\src\RestaurantPOS14\RestaurantPOS14.vbproj]
L:\New Restauraunt Pos\src\RestaurantPOS14\RestaurantPOS14\RPOS_DBDataSet.vb(17853,32): error BC30451: 'RestaurantPOS_BillingInfoHDRowDeleting' is not declared. It may be inaccessible due to its protection level. [L:\New Restauraunt Pos\src\RestaurantPOS14\RestaurantPOS14.vbproj]
L:\New Restauraunt Pos\src\RestaurantPOS14\RestaurantPOS14\RPOS_DBDataSet.vb(10446,20): error BC30456: 'PaymentRowChangedEvent' is not a member of 'RPOS_DBDataSet.PaymentDataTable'. [L:\New Restauraunt Pos\src\RestaurantPOS14\RestaurantPOS14.vbproj]
L:\New Restauraunt Pos\src\RestaurantPOS14\RestaurantPOS14\RPOS_DBDataSet.vb(10447,32): error BC30451: 'PaymentRowChanged' is not declared. It may be inaccessible due to its protection level. [L:\New Restauraunt Pos\src\RestaurantPOS14\RestaurantPOS14.vbproj]
L:\New Restauraunt Pos\src\RestaurantPOS14\RestaurantPOS14\RPOS_DBDataSet.vb(10455,20): error BC30456: 'PaymentRowChangingEvent' is not a member of 'RPOS_DBDataSet.PaymentDataTable'. [L:\New Restauraunt Pos\src\RestaurantPOS14\RestaurantPOS14.vbproj]
L:\New Restauraunt Pos\src\RestaurantPOS14\RestaurantPOS14\RPOS_DBDataSet.vb(10456,32): error BC30451: 'PaymentRowChanging' is not declared. It may be inaccessible due to its protection level. [L:\New Restauraunt Pos\src\RestaurantPOS14\RestaurantPOS14.vbproj]
L:\New Restauraunt Pos\src\RestaurantPOS14\RestaurantPOS14\RPOS_DBDataSet.vb(10464,20): error BC30456: 'PaymentRowDeletedEvent' is not a member of 'RPOS_DBDataSet.PaymentDataTable'. [L:\New Restauraunt Pos\src\RestaurantPOS14\RestaurantPOS14.vbproj]
L:\New Restauraunt Pos\src\RestaurantPOS14\RestaurantPOS14\RPOS_DBDataSet.vb(10465,32): error BC30451: 'PaymentRowDeleted' is not declared. It may be inaccessible due to its protection level. [L:\New Restauraunt Pos\src\RestaurantPOS14\RestaurantPOS14.vbproj]
L:\New Restauraunt Pos\src\RestaurantPOS14\RestaurantPOS14\RPOS_DBDataSet.vb(10473,20): error BC30456: 'PaymentRowDeletingEvent' is not a member of 'RPOS_DBDataSet.PaymentDataTable'. [L:\New Restauraunt Pos\src\RestaurantPOS14\RestaurantPOS14.vbproj]
L:\New Restauraunt Pos\src\RestaurantPOS14\RestaurantPOS14\RPOS_DBDataSet.vb(10474,32): error BC30451: 'PaymentRowDeleting' is not declared. It may be inaccessible due to its protection level. [L:\New Restauraunt Pos\src\RestaurantPOS14\RestaurantPOS14.vbproj]
L:\New Restauraunt Pos\src\RestaurantPOS14\RestaurantPOS14\RPOS_DBDataSet.vb(10006,20): error BC30456: 'OtherSettingRowChangedEvent' is not a member of 'RPOS_DBDataSet.OtherSettingDataTable'. [L:\New Restauraunt Pos\src\RestaurantPOS14\RestaurantPOS14.vbproj]
L:\New Restauraunt Pos\src\RestaurantPOS14\RestaurantPOS14\RPOS_DBDataSet.vb(10007,32): error BC30451: 'OtherSettingRowChanged' is not declared. It may be inaccessible due to its protection level. [L:\New Restauraunt Pos\src\RestaurantPOS14\RestaurantPOS14.vbproj]
L:\New Restauraunt Pos\src\RestaurantPOS14\RestaurantPOS14\RPOS_DBDataSet.vb(10015,20): error BC30456: 'OtherSettingRowChangingEvent' is not a member of 'RPOS_DBDataSet.OtherSettingDataTable'. [L:\New Restauraunt Pos\src\RestaurantPOS14\RestaurantPOS14.vbproj]
L:\New Restauraunt Pos\src\RestaurantPOS14\RestaurantPOS14\RPOS_DBDataSet.vb(10016,32): error BC30451: 'OtherSettingRowChanging' is not declared. It may be inaccessible due to its protection level. [L:\New Restauraunt Pos\src\RestaurantPOS14\RestaurantPOS14.vbproj]
L:\New Restauraunt Pos\src\RestaurantPOS14\RestaurantPOS14\RPOS_DBDataSet.vb(10024,20): error BC30456: 'OtherSettingRowDeletedEvent' is not a member of 'RPOS_DBDataSet.OtherSettingDataTable'. [L:\New Restauraunt Pos\src\RestaurantPOS14\RestaurantPOS14.vbproj]
L:\New Restauraunt Pos\src\RestaurantPOS14\RestaurantPOS14\RPOS_DBDataSet.vb(10025,32): error BC30451: 'OtherSettingRowDeleted' is not declared. It may be inaccessible due to its protection level. [L:\New Restauraunt Pos\src\RestaurantPOS14\RestaurantPOS14.vbproj]
L:\New Restauraunt Pos\src\RestaurantPOS14\RestaurantPOS14\RPOS_DBDataSet.vb(10033,20): error BC30456: 'OtherSettingRowDeletingEvent' is not a member of 'RPOS_DBDataSet.OtherSettingDataTable'. [L:\New Restauraunt Pos\src\RestaurantPOS14\RestaurantPOS14.vbproj]
L:\New Restauraunt Pos\src\RestaurantPOS14\RestaurantPOS14\RPOS_DBDataSet.vb(10034,32): error BC30451: 'OtherSettingRowDeleting' is not declared. It may be inaccessible due to its protection level. [L:\New Restauraunt Pos\src\RestaurantPOS14\RestaurantPOS14.vbproj]
L:\New Restauraunt Pos\src\RestaurantPOS14\RestaurantPOS14\RPOS_DBDataSet.vb(8360,20): error BC30456: 'LoyaltySettingRowChangedEvent' is not a member of 'RPOS_DBDataSet.LoyaltySettingDataTable'. [L:\New Restauraunt Pos\src\RestaurantPOS14\RestaurantPOS14.vbproj]
L:\New Restauraunt Pos\src\RestaurantPOS14\RestaurantPOS14\RPOS_DBDataSet.vb(8361,32): error BC30451: 'LoyaltySettingRowChanged' is not declared. It may be inaccessible due to its protection level. [L:\New Restauraunt Pos\src\RestaurantPOS14\RestaurantPOS14.vbproj]
L:\New Restauraunt Pos\src\RestaurantPOS14\RestaurantPOS14\RPOS_DBDataSet.vb(8369,20): error BC30456: 'LoyaltySettingRowChangingEvent' is not a member of 'RPOS_DBDataSet.LoyaltySettingDataTable'. [L:\New Restauraunt Pos\src\RestaurantPOS14\RestaurantPOS14.vbproj]
L:\New Restauraunt Pos\src\RestaurantPOS14\RestaurantPOS14\RPOS_DBDataSet.vb(8370,32): error BC30451: 'LoyaltySettingRowChanging' is not declared. It may be inaccessible due to its protection level. [L:\New Restauraunt Pos\src\RestaurantPOS14\RestaurantPOS14.vbproj]
L:\New Restauraunt Pos\src\RestaurantPOS14\RestaurantPOS14\RPOS_DBDataSet.vb(8378,20): error BC30456: 'LoyaltySettingRowDeletedEvent' is not a member of 'RPOS_DBDataSet.LoyaltySettingDataTable'. [L:\New Restauraunt Pos\src\RestaurantPOS14\RestaurantPOS14.vbproj]
L:\New Restauraunt Pos\src\RestaurantPOS14\RestaurantPOS14\RPOS_DBDataSet.vb(8379,32): error BC30451: 'LoyaltySettingRowDeleted' is not declared. It may be inaccessible due to its protection level. [L:\New Restauraunt Pos\src\RestaurantPOS14\RestaurantPOS14.vbproj]
L:\New Restauraunt Pos\src\RestaurantPOS14\RestaurantPOS14\RPOS_DBDataSet.vb(8387,20): error BC30456: 'LoyaltySettingRowDeletingEvent' is not a member of 'RPOS_DBDataSet.LoyaltySettingDataTable'. [L:\New Restauraunt Pos\src\RestaurantPOS14\RestaurantPOS14.vbproj]
L:\New Restauraunt Pos\src\RestaurantPOS14\RestaurantPOS14\RPOS_DBDataSet.vb(8388,32): error BC30451: 'LoyaltySettingRowDeleting' is not declared. It may be inaccessible due to its protection level. [L:\New Restauraunt Pos\src\RestaurantPOS14\RestaurantPOS14.vbproj]
L:\New Restauraunt Pos\src\RestaurantPOS14\RestaurantPOS14\RPOS_DBDataSet.vb(9543,20): error BC30456: 'NotesMasterRowChangedEvent' is not a member of 'RPOS_DBDataSet.NotesMasterDataTable'. [L:\New Restauraunt Pos\src\RestaurantPOS14\RestaurantPOS14.vbproj]
L:\New Restauraunt Pos\src\RestaurantPOS14\RestaurantPOS14\RPOS_DBDataSet.vb(9544,32): error BC30451: 'NotesMasterRowChanged' is not declared. It may be inaccessible due to its protection level. [L:\New Restauraunt Pos\src\RestaurantPOS14\RestaurantPOS14.vbproj]
L:\New Restauraunt Pos\src\RestaurantPOS14\RestaurantPOS14\RPOS_DBDataSet.vb(9552,20): error BC30456: 'NotesMasterRowChangingEvent' is not a member of 'RPOS_DBDataSet.NotesMasterDataTable'. [L:\New Restauraunt Pos\src\RestaurantPOS14\RestaurantPOS14.vbproj]
L:\New Restauraunt Pos\src\RestaurantPOS14\RestaurantPOS14\RPOS_DBDataSet.vb(9553,32): error BC30451: 'NotesMasterRowChanging' is not declared. It may be inaccessible due to its protection level. [L:\New Restauraunt Pos\src\RestaurantPOS14\RestaurantPOS14.vbproj]
L:\New Restauraunt Pos\src\RestaurantPOS14\RestaurantPOS14\RPOS_DBDataSet.vb(8764,20): error BC30456: 'MemberRowChangedEvent' is not a member of 'RPOS_DBDataSet.MemberDataTable'. [L:\New Restauraunt Pos\src\RestaurantPOS14\RestaurantPOS14.vbproj]
L:\New Restauraunt Pos\src\RestaurantPOS14\RestaurantPOS14\RPOS_DBDataSet.vb(8765,32): error BC30451: 'MemberRowChanged' is not declared. It may be inaccessible due to its protection level. [L:\New Restauraunt Pos\src\RestaurantPOS14\RestaurantPOS14.vbproj]
L:\New Restauraunt Pos\src\RestaurantPOS14\RestaurantPOS14\RPOS_DBDataSet.vb(8773,20): error BC30456: 'MemberRowChangingEvent' is not a member of 'RPOS_DBDataSet.MemberDataTable'. [L:\New Restauraunt Pos\src\RestaurantPOS14\RestaurantPOS14.vbproj]
L:\New Restauraunt Pos\src\RestaurantPOS14\RestaurantPOS14\RPOS_DBDataSet.vb(8774,32): error BC30451: 'MemberRowChanging' is not declared. It may be inaccessible due to its protection level. [L:\New Restauraunt Pos\src\RestaurantPOS14\RestaurantPOS14.vbproj]
L:\New Restauraunt Pos\src\RestaurantPOS14\RestaurantPOS14\RPOS_DBDataSet.vb(9561,20): error BC30456: 'NotesMasterRowDeletedEvent' is not a member of 'RPOS_DBDataSet.NotesMasterDataTable'. [L:\New Restauraunt Pos\src\RestaurantPOS14\RestaurantPOS14.vbproj]
L:\New Restauraunt Pos\src\RestaurantPOS14\RestaurantPOS14\RPOS_DBDataSet.vb(9562,32): error BC30451: 'NotesMasterRowDeleted' is not declared. It may be inaccessible due to its protection level. [L:\New Restauraunt Pos\src\RestaurantPOS14\RestaurantPOS14.vbproj]
L:\New Restauraunt Pos\src\RestaurantPOS14\RestaurantPOS14\RPOS_DBDataSet.vb(8782,20): error BC30456: 'MemberRowDeletedEvent' is not a member of 'RPOS_DBDataSet.MemberDataTable'. [L:\New Restauraunt Pos\src\RestaurantPOS14\RestaurantPOS14.vbproj]
L:\New Restauraunt Pos\src\RestaurantPOS14\RestaurantPOS14\RPOS_DBDataSet.vb(8783,32): error BC30451: 'MemberRowDeleted' is not declared. It may be inaccessible due to its protection level. [L:\New Restauraunt Pos\src\RestaurantPOS14\RestaurantPOS14.vbproj]
L:\New Restauraunt Pos\src\RestaurantPOS14\RestaurantPOS14\RPOS_DBDataSet.vb(8791,20): error BC30456: 'MemberRowDeletingEvent' is not a member of 'RPOS_DBDataSet.MemberDataTable'. [L:\New Restauraunt Pos\src\RestaurantPOS14\RestaurantPOS14.vbproj]
L:\New Restauraunt Pos\src\RestaurantPOS14\RestaurantPOS14\RPOS_DBDataSet.vb(8792,32): error BC30451: 'MemberRowDeleting' is not declared. It may be inaccessible due to its protection level. [L:\New Restauraunt Pos\src\RestaurantPOS14\RestaurantPOS14.vbproj]
L:\New Restauraunt Pos\src\RestaurantPOS14\RestaurantPOS14\RPOS_DBDataSet.vb(9189,20): error BC30456: 'MemberLedgerRowChangedEvent' is not a member of 'RPOS_DBDataSet.MemberLedgerDataTable'. [L:\New Restauraunt Pos\src\RestaurantPOS14\RestaurantPOS14.vbproj]
L:\New Restauraunt Pos\src\RestaurantPOS14\RestaurantPOS14\RPOS_DBDataSet.vb(9190,32): error BC30451: 'MemberLedgerRowChanged' is not declared. It may be inaccessible due to its protection level. [L:\New Restauraunt Pos\src\RestaurantPOS14\RestaurantPOS14.vbproj]
L:\New Restauraunt Pos\src\RestaurantPOS14\RestaurantPOS14\RPOS_DBDataSet.vb(9570,20): error BC30456: 'NotesMasterRowDeletingEvent' is not a member of 'RPOS_DBDataSet.NotesMasterDataTable'. [L:\New Restauraunt Pos\src\RestaurantPOS14\RestaurantPOS14.vbproj]
L:\New Restauraunt Pos\src\RestaurantPOS14\RestaurantPOS14\RPOS_DBDataSet.vb(9571,32): error BC30451: 'NotesMasterRowDeleting' is not declared. It may be inaccessible due to its protection level. [L:\New Restauraunt Pos\src\RestaurantPOS14\RestaurantPOS14.vbproj]
L:\New Restauraunt Pos\src\RestaurantPOS14\RestaurantPOS14\RPOS_DBDataSet.vb(9198,20): error BC30456: 'MemberLedgerRowChangingEvent' is not a member of 'RPOS_DBDataSet.MemberLedgerDataTable'. [L:\New Restauraunt Pos\src\RestaurantPOS14\RestaurantPOS14.vbproj]
L:\New Restauraunt Pos\src\RestaurantPOS14\RestaurantPOS14\RPOS_DBDataSet.vb(9199,32): error BC30451: 'MemberLedgerRowChanging' is not declared. It may be inaccessible due to its protection level. [L:\New Restauraunt Pos\src\RestaurantPOS14\RestaurantPOS14.vbproj]
L:\New Restauraunt Pos\src\RestaurantPOS14\RestaurantPOS14\RPOS_DBDataSet.vb(9207,20): error BC30456: 'MemberLedgerRowDeletedEvent' is not a member of 'RPOS_DBDataSet.MemberLedgerDataTable'. [L:\New Restauraunt Pos\src\RestaurantPOS14\RestaurantPOS14.vbproj]
L:\New Restauraunt Pos\src\RestaurantPOS14\RestaurantPOS14\RPOS_DBDataSet.vb(9208,32): error BC30451: 'MemberLedgerRowDeleted' is not declared. It may be inaccessible due to its protection level. [L:\New Restauraunt Pos\src\RestaurantPOS14\RestaurantPOS14.vbproj]
L:\New Restauraunt Pos\src\RestaurantPOS14\RestaurantPOS14\RPOS_DBDataSet.vb(9216,20): error BC30456: 'MemberLedgerRowDeletingEvent' is not a member of 'RPOS_DBDataSet.MemberLedgerDataTable'. [L:\New Restauraunt Pos\src\RestaurantPOS14\RestaurantPOS14.vbproj]
L:\New Restauraunt Pos\src\RestaurantPOS14\RestaurantPOS14\RPOS_DBDataSet.vb(9217,32): error BC30451: 'MemberLedgerRowDeleting' is not declared. It may be inaccessible due to its protection level. [L:\New Restauraunt Pos\src\RestaurantPOS14\RestaurantPOS14.vbproj]
L:\New Restauraunt Pos\src\RestaurantPOS14\RestaurantPOS14\RPOS_DBDataSet.vb(7564,20): error BC30456: 'LoyaltyMemberRowChangedEvent' is not a member of 'RPOS_DBDataSet.LoyaltyMemberDataTable'. [L:\New Restauraunt Pos\src\RestaurantPOS14\RestaurantPOS14.vbproj]
L:\New Restauraunt Pos\src\RestaurantPOS14\RestaurantPOS14\RPOS_DBDataSet.vb(7565,32): error BC30451: 'LoyaltyMemberRowChanged' is not declared. It may be inaccessible due to its protection level. [L:\New Restauraunt Pos\src\RestaurantPOS14\RestaurantPOS14.vbproj]
L:\New Restauraunt Pos\src\RestaurantPOS14\RestaurantPOS14\RPOS_DBDataSet.vb(7157,20): error BC30456: 'LogsRowChangedEvent' is not a member of 'RPOS_DBDataSet.LogsDataTable'. [L:\New Restauraunt Pos\src\RestaurantPOS14\RestaurantPOS14.vbproj]
L:\New Restauraunt Pos\src\RestaurantPOS14\RestaurantPOS14\RPOS_DBDataSet.vb(7158,32): error BC30451: 'LogsRowChanged' is not declared. It may be inaccessible due to its protection level. [L:\New Restauraunt Pos\src\RestaurantPOS14\RestaurantPOS14.vbproj]
L:\New Restauraunt Pos\src\RestaurantPOS14\RestaurantPOS14\RPOS_DBDataSet.vb(7573,20): error BC30456: 'LoyaltyMemberRowChangingEvent' is not a member of 'RPOS_DBDataSet.LoyaltyMemberDataTable'. [L:\New Restauraunt Pos\src\RestaurantPOS14\RestaurantPOS14.vbproj]
L:\New Restauraunt Pos\src\RestaurantPOS14\RestaurantPOS14\RPOS_DBDataSet.vb(7574,32): error BC30451: 'LoyaltyMemberRowChanging' is not declared. It may be inaccessible due to its protection level. [L:\New Restauraunt Pos\src\RestaurantPOS14\RestaurantPOS14.vbproj]
L:\New Restauraunt Pos\src\RestaurantPOS14\RestaurantPOS14\RPOS_DBDataSet.vb(7166,20): error BC30456: 'LogsRowChangingEvent' is not a member of 'RPOS_DBDataSet.LogsDataTable'. [L:\New Restauraunt Pos\src\RestaurantPOS14\RestaurantPOS14.vbproj]
L:\New Restauraunt Pos\src\RestaurantPOS14\RestaurantPOS14\RPOS_DBDataSet.vb(7167,32): error BC30451: 'LogsRowChanging' is not declared. It may be inaccessible due to its protection level. [L:\New Restauraunt Pos\src\RestaurantPOS14\RestaurantPOS14.vbproj]
L:\New Restauraunt Pos\src\RestaurantPOS14\RestaurantPOS14\RPOS_DBDataSet.vb(7582,20): error BC30456: 'LoyaltyMemberRowDeletedEvent' is not a member of 'RPOS_DBDataSet.LoyaltyMemberDataTable'. [L:\New Restauraunt Pos\src\RestaurantPOS14\RestaurantPOS14.vbproj]
L:\New Restauraunt Pos\src\RestaurantPOS14\RestaurantPOS14\RPOS_DBDataSet.vb(7583,32): error BC30451: 'LoyaltyMemberRowDeleted' is not declared. It may be inaccessible due to its protection level. [L:\New Restauraunt Pos\src\RestaurantPOS14\RestaurantPOS14.vbproj]
L:\New Restauraunt Pos\src\RestaurantPOS14\RestaurantPOS14\RPOS_DBDataSet.vb(7175,20): error BC30456: 'LogsRowDeletedEvent' is not a member of 'RPOS_DBDataSet.LogsDataTable'. [L:\New Restauraunt Pos\src\RestaurantPOS14\RestaurantPOS14.vbproj]
L:\New Restauraunt Pos\src\RestaurantPOS14\RestaurantPOS14\RPOS_DBDataSet.vb(7176,32): error BC30451: 'LogsRowDeleted' is not declared. It may be inaccessible due to its protection level. [L:\New Restauraunt Pos\src\RestaurantPOS14\RestaurantPOS14.vbproj]
L:\New Restauraunt Pos\src\RestaurantPOS14\RestaurantPOS14\RPOS_DBDataSet.vb(7184,20): error BC30456: 'LogsRowDeletingEvent' is not a member of 'RPOS_DBDataSet.LogsDataTable'. [L:\New Restauraunt Pos\src\RestaurantPOS14\RestaurantPOS14.vbproj]
L:\New Restauraunt Pos\src\RestaurantPOS14\RestaurantPOS14\RPOS_DBDataSet.vb(7185,32): error BC30451: 'LogsRowDeleting' is not declared. It may be inaccessible due to its protection level. [L:\New Restauraunt Pos\src\RestaurantPOS14\RestaurantPOS14.vbproj]
L:\New Restauraunt Pos\src\RestaurantPOS14\RestaurantPOS14\RPOS_DBDataSet.vb(7591,20): error BC30456: 'LoyaltyMemberRowDeletingEvent' is not a member of 'RPOS_DBDataSet.LoyaltyMemberDataTable'. [L:\New Restauraunt Pos\src\RestaurantPOS14\RestaurantPOS14.vbproj]
L:\New Restauraunt Pos\src\RestaurantPOS14\RestaurantPOS14\RPOS_DBDataSet.vb(7592,32): error BC30451: 'LoyaltyMemberRowDeleting' is not declared. It may be inaccessible due to its protection level. [L:\New Restauraunt Pos\src\RestaurantPOS14\RestaurantPOS14.vbproj]
L:\New Restauraunt Pos\src\RestaurantPOS14\RestaurantPOS14\RPOS_DBDataSet.vb(6321,20): error BC30456: 'KitchenRowChangedEvent' is not a member of 'RPOS_DBDataSet.KitchenDataTable'. [L:\New Restauraunt Pos\src\RestaurantPOS14\RestaurantPOS14.vbproj]
L:\New Restauraunt Pos\src\RestaurantPOS14\RestaurantPOS14\RPOS_DBDataSet.vb(6322,32): error BC30451: 'KitchenRowChanged' is not declared. It may be inaccessible due to its protection level. [L:\New Restauraunt Pos\src\RestaurantPOS14\RestaurantPOS14.vbproj]
L:\New Restauraunt Pos\src\RestaurantPOS14\RestaurantPOS14\RPOS_DBDataSet.vb(6330,20): error BC30456: 'KitchenRowChangingEvent' is not a member of 'RPOS_DBDataSet.KitchenDataTable'. [L:\New Restauraunt Pos\src\RestaurantPOS14\RestaurantPOS14.vbproj]
L:\New Restauraunt Pos\src\RestaurantPOS14\RestaurantPOS14\RPOS_DBDataSet.vb(6331,32): error BC30451: 'KitchenRowChanging' is not declared. It may be inaccessible due to its protection level. [L:\New Restauraunt Pos\src\RestaurantPOS14\RestaurantPOS14.vbproj]
L:\New Restauraunt Pos\src\RestaurantPOS14\RestaurantPOS14\RPOS_DBDataSet.vb(6339,20): error BC30456: 'KitchenRowDeletedEvent' is not a member of 'RPOS_DBDataSet.KitchenDataTable'. [L:\New Restauraunt Pos\src\RestaurantPOS14\RestaurantPOS14.vbproj]
L:\New Restauraunt Pos\src\RestaurantPOS14\RestaurantPOS14\RPOS_DBDataSet.vb(6340,32): error BC30451: 'KitchenRowDeleted' is not declared. It may be inaccessible due to its protection level. [L:\New Restauraunt Pos\src\RestaurantPOS14\RestaurantPOS14.vbproj]
L:\New Restauraunt Pos\src\RestaurantPOS14\RestaurantPOS14\RPOS_DBDataSet.vb(6348,20): error BC30456: 'KitchenRowDeletingEvent' is not a member of 'RPOS_DBDataSet.KitchenDataTable'. [L:\New Restauraunt Pos\src\RestaurantPOS14\RestaurantPOS14.vbproj]
L:\New Restauraunt Pos\src\RestaurantPOS14\RestaurantPOS14\RPOS_DBDataSet.vb(6349,32): error BC30451: 'KitchenRowDeleting' is not declared. It may be inaccessible due to its protection level. [L:\New Restauraunt Pos\src\RestaurantPOS14\RestaurantPOS14.vbproj]
L:\New Restauraunt Pos\src\RestaurantPOS14\RestaurantPOS14\RPOS_DBDataSet.vb(6767,20): error BC30456: 'LedgerBookRowChangedEvent' is not a member of 'RPOS_DBDataSet.LedgerBookDataTable'. [L:\New Restauraunt Pos\src\RestaurantPOS14\RestaurantPOS14.vbproj]
L:\New Restauraunt Pos\src\RestaurantPOS14\RestaurantPOS14\RPOS_DBDataSet.vb(6768,32): error BC30451: 'LedgerBookRowChanged' is not declared. It may be inaccessible due to its protection level. [L:\New Restauraunt Pos\src\RestaurantPOS14\RestaurantPOS14.vbproj]
L:\New Restauraunt Pos\src\RestaurantPOS14\RestaurantPOS14\RPOS_DBDataSet.vb(6776,20): error BC30456: 'LedgerBookRowChangingEvent' is not a member of 'RPOS_DBDataSet.LedgerBookDataTable'. [L:\New Restauraunt Pos\src\RestaurantPOS14\RestaurantPOS14.vbproj]
L:\New Restauraunt Pos\src\RestaurantPOS14\RestaurantPOS14\RPOS_DBDataSet.vb(6777,32): error BC30451: 'LedgerBookRowChanging' is not declared. It may be inaccessible due to its protection level. [L:\New Restauraunt Pos\src\RestaurantPOS14\RestaurantPOS14.vbproj]
L:\New Restauraunt Pos\src\RestaurantPOS14\RestaurantPOS14\RPOS_DBDataSet.vb(6785,20): error BC30456: 'LedgerBookRowDeletedEvent' is not a member of 'RPOS_DBDataSet.LedgerBookDataTable'. [L:\New Restauraunt Pos\src\RestaurantPOS14\RestaurantPOS14.vbproj]
L:\New Restauraunt Pos\src\RestaurantPOS14\RestaurantPOS14\RPOS_DBDataSet.vb(6786,32): error BC30451: 'LedgerBookRowDeleted' is not declared. It may be inaccessible due to its protection level. [L:\New Restauraunt Pos\src\RestaurantPOS14\RestaurantPOS14.vbproj]
L:\New Restauraunt Pos\src\RestaurantPOS14\RestaurantPOS14\RPOS_DBDataSet.vb(6794,20): error BC30456: 'LedgerBookRowDeletingEvent' is not a member of 'RPOS_DBDataSet.LedgerBookDataTable'. [L:\New Restauraunt Pos\src\RestaurantPOS14\RestaurantPOS14.vbproj]
L:\New Restauraunt Pos\src\RestaurantPOS14\RestaurantPOS14\RPOS_DBDataSet.vb(6795,32): error BC30451: 'LedgerBookRowDeleting' is not declared. It may be inaccessible due to its protection level. [L:\New Restauraunt Pos\src\RestaurantPOS14\RestaurantPOS14.vbproj]
L:\New Restauraunt Pos\src\RestaurantPOS14\RestaurantPOS14\RPOS_DBDataSet.vb(7995,20): error BC30456: 'LoyaltyMemberLedgerBookRowChangedEvent' is not a member of 'RPOS_DBDataSet.LoyaltyMemberLedgerBookDataTable'. [L:\New Restauraunt Pos\src\RestaurantPOS14\RestaurantPOS14.vbproj]
L:\New Restauraunt Pos\src\RestaurantPOS14\RestaurantPOS14\RPOS_DBDataSet.vb(7996,32): error BC30451: 'LoyaltyMemberLedgerBookRowChanged' is not declared. It may be inaccessible due to its protection level. [L:\New Restauraunt Pos\src\RestaurantPOS14\RestaurantPOS14.vbproj]
L:\New Restauraunt Pos\src\RestaurantPOS14\RestaurantPOS14\RPOS_DBDataSet.vb(8004,20): error BC30456: 'LoyaltyMemberLedgerBookRowChangingEvent' is not a member of 'RPOS_DBDataSet.LoyaltyMemberLedgerBookDataTable'. [L:\New Restauraunt Pos\src\RestaurantPOS14\RestaurantPOS14.vbproj]
L:\New Restauraunt Pos\src\RestaurantPOS14\RestaurantPOS14\RPOS_DBDataSet.vb(8005,32): error BC30451: 'LoyaltyMemberLedgerBookRowChanging' is not declared. It may be inaccessible due to its protection level. [L:\New Restauraunt Pos\src\RestaurantPOS14\RestaurantPOS14.vbproj]
L:\New Restauraunt Pos\src\RestaurantPOS14\RestaurantPOS14\RPOS_DBDataSet.vb(8013,20): error BC30456: 'LoyaltyMemberLedgerBookRowDeletedEvent' is not a member of 'RPOS_DBDataSet.LoyaltyMemberLedgerBookDataTable'. [L:\New Restauraunt Pos\src\RestaurantPOS14\RestaurantPOS14.vbproj]
L:\New Restauraunt Pos\src\RestaurantPOS14\RestaurantPOS14\RPOS_DBDataSet.vb(8014,32): error BC30451: 'LoyaltyMemberLedgerBookRowDeleted' is not declared. It may be inaccessible due to its protection level. [L:\New Restauraunt Pos\src\RestaurantPOS14\RestaurantPOS14.vbproj]
L:\New Restauraunt Pos\src\RestaurantPOS14\RestaurantPOS14\RPOS_DBDataSet.vb(8022,20): error BC30456: 'LoyaltyMemberLedgerBookRowDeletingEvent' is not a member of 'RPOS_DBDataSet.LoyaltyMemberLedgerBookDataTable'. [L:\New Restauraunt Pos\src\RestaurantPOS14\RestaurantPOS14.vbproj]
L:\New Restauraunt Pos\src\RestaurantPOS14\RestaurantPOS14\RPOS_DBDataSet.vb(8023,32): error BC30451: 'LoyaltyMemberLedgerBookRowDeleting' is not declared. It may be inaccessible due to its protection level. [L:\New Restauraunt Pos\src\RestaurantPOS14\RestaurantPOS14.vbproj]
L:\New Restauraunt Pos\src\RestaurantPOS14\RestaurantPOS14\RPOS_DBDataSet.vb(5432,20): error BC30456: 'HDCustomerRowChangedEvent' is not a member of 'RPOS_DBDataSet.HDCustomerDataTable'. [L:\New Restauraunt Pos\src\RestaurantPOS14\RestaurantPOS14.vbproj]
L:\New Restauraunt Pos\src\RestaurantPOS14\RestaurantPOS14\RPOS_DBDataSet.vb(5433,32): error BC30451: 'HDCustomerRowChanged' is not declared. It may be inaccessible due to its protection level. [L:\New Restauraunt Pos\src\RestaurantPOS14\RestaurantPOS14.vbproj]
L:\New Restauraunt Pos\src\RestaurantPOS14\RestaurantPOS14\RPOS_DBDataSet.vb(5441,20): error BC30456: 'HDCustomerRowChangingEvent' is not a member of 'RPOS_DBDataSet.HDCustomerDataTable'. [L:\New Restauraunt Pos\src\RestaurantPOS14\RestaurantPOS14.vbproj]
L:\New Restauraunt Pos\src\RestaurantPOS14\RestaurantPOS14\RPOS_DBDataSet.vb(5442,32): error BC30451: 'HDCustomerRowChanging' is not declared. It may be inaccessible due to its protection level. [L:\New Restauraunt Pos\src\RestaurantPOS14\RestaurantPOS14.vbproj]
L:\New Restauraunt Pos\src\RestaurantPOS14\RestaurantPOS14\RPOS_DBDataSet.vb(5450,20): error BC30456: 'HDCustomerRowDeletedEvent' is not a member of 'RPOS_DBDataSet.HDCustomerDataTable'. [L:\New Restauraunt Pos\src\RestaurantPOS14\RestaurantPOS14.vbproj]
L:\New Restauraunt Pos\src\RestaurantPOS14\RestaurantPOS14\RPOS_DBDataSet.vb(5451,32): error BC30451: 'HDCustomerRowDeleted' is not declared. It may be inaccessible due to its protection level. [L:\New Restauraunt Pos\src\RestaurantPOS14\RestaurantPOS14.vbproj]
L:\New Restauraunt Pos\src\RestaurantPOS14\RestaurantPOS14\RPOS_DBDataSet.vb(5459,20): error BC30456: 'HDCustomerRowDeletingEvent' is not a member of 'RPOS_DBDataSet.HDCustomerDataTable'. [L:\New Restauraunt Pos\src\RestaurantPOS14\RestaurantPOS14.vbproj]
L:\New Restauraunt Pos\src\RestaurantPOS14\RestaurantPOS14\RPOS_DBDataSet.vb(5460,32): error BC30451: 'HDCustomerRowDeleting' is not declared. It may be inaccessible due to its protection level. [L:\New Restauraunt Pos\src\RestaurantPOS14\RestaurantPOS14.vbproj]
L:\New Restauraunt Pos\src\RestaurantPOS14\RestaurantPOS14\RPOS_DBDataSet.vb(4684,20): error BC30456: 'ExpenseTypeRowChangedEvent' is not a member of 'RPOS_DBDataSet.ExpenseTypeDataTable'. [L:\New Restauraunt Pos\src\RestaurantPOS14\RestaurantPOS14.vbproj]
L:\New Restauraunt Pos\src\RestaurantPOS14\RestaurantPOS14\RPOS_DBDataSet.vb(4685,32): error BC30451: 'ExpenseTypeRowChanged' is not declared. It may be inaccessible due to its protection level. [L:\New Restauraunt Pos\src\RestaurantPOS14\RestaurantPOS14.vbproj]
L:\New Restauraunt Pos\src\RestaurantPOS14\RestaurantPOS14\RPOS_DBDataSet.vb(4693,20): error BC30456: 'ExpenseTypeRowChangingEvent' is not a member of 'RPOS_DBDataSet.ExpenseTypeDataTable'. [L:\New Restauraunt Pos\src\RestaurantPOS14\RestaurantPOS14.vbproj]
L:\New Restauraunt Pos\src\RestaurantPOS14\RestaurantPOS14\RPOS_DBDataSet.vb(4694,32): error BC30451: 'ExpenseTypeRowChanging' is not declared. It may be inaccessible due to its protection level. [L:\New Restauraunt Pos\src\RestaurantPOS14\RestaurantPOS14.vbproj]
L:\New Restauraunt Pos\src\RestaurantPOS14\RestaurantPOS14\RPOS_DBDataSet.vb(4702,20): error BC30456: 'ExpenseTypeRowDeletedEvent' is not a member of 'RPOS_DBDataSet.ExpenseTypeDataTable'. [L:\New Restauraunt Pos\src\RestaurantPOS14\RestaurantPOS14.vbproj]
L:\New Restauraunt Pos\src\RestaurantPOS14\RestaurantPOS14\RPOS_DBDataSet.vb(4703,32): error BC30451: 'ExpenseTypeRowDeleted' is not declared. It may be inaccessible due to its protection level. [L:\New Restauraunt Pos\src\RestaurantPOS14\RestaurantPOS14.vbproj]
L:\New Restauraunt Pos\src\RestaurantPOS14\RestaurantPOS14\RPOS_DBDataSet.vb(4711,20): error BC30456: 'ExpenseTypeRowDeletingEvent' is not a member of 'RPOS_DBDataSet.ExpenseTypeDataTable'. [L:\New Restauraunt Pos\src\RestaurantPOS14\RestaurantPOS14.vbproj]
L:\New Restauraunt Pos\src\RestaurantPOS14\RestaurantPOS14\RPOS_DBDataSet.vb(4712,32): error BC30451: 'ExpenseTypeRowDeleting' is not declared. It may be inaccessible due to its protection level. [L:\New Restauraunt Pos\src\RestaurantPOS14\RestaurantPOS14.vbproj]
L:\New Restauraunt Pos\src\RestaurantPOS14\RestaurantPOS14\RPOS_DBDataSet.vb(5051,20): error BC30456: 'GridGroupingRowChangedEvent' is not a member of 'RPOS_DBDataSet.GridGroupingDataTable'. [L:\New Restauraunt Pos\src\RestaurantPOS14\RestaurantPOS14.vbproj]
L:\New Restauraunt Pos\src\RestaurantPOS14\RestaurantPOS14\RPOS_DBDataSet.vb(5052,32): error BC30451: 'GridGroupingRowChanged' is not declared. It may be inaccessible due to its protection level. [L:\New Restauraunt Pos\src\RestaurantPOS14\RestaurantPOS14.vbproj]
L:\New Restauraunt Pos\src\RestaurantPOS14\RestaurantPOS14\RPOS_DBDataSet.vb(5060,20): error BC30456: 'GridGroupingRowChangingEvent' is not a member of 'RPOS_DBDataSet.GridGroupingDataTable'. [L:\New Restauraunt Pos\src\RestaurantPOS14\RestaurantPOS14.vbproj]
L:\New Restauraunt Pos\src\RestaurantPOS14\RestaurantPOS14\RPOS_DBDataSet.vb(5061,32): error BC30451: 'GridGroupingRowChanging' is not declared. It may be inaccessible due to its protection level. [L:\New Restauraunt Pos\src\RestaurantPOS14\RestaurantPOS14.vbproj]
L:\New Restauraunt Pos\src\RestaurantPOS14\RestaurantPOS14\RPOS_DBDataSet.vb(5069,20): error BC30456: 'GridGroupingRowDeletedEvent' is not a member of 'RPOS_DBDataSet.GridGroupingDataTable'. [L:\New Restauraunt Pos\src\RestaurantPOS14\RestaurantPOS14.vbproj]
L:\New Restauraunt Pos\src\RestaurantPOS14\RestaurantPOS14\RPOS_DBDataSet.vb(5070,32): error BC30451: 'GridGroupingRowDeleted' is not declared. It may be inaccessible due to its protection level. [L:\New Restauraunt Pos\src\RestaurantPOS14\RestaurantPOS14.vbproj]
L:\New Restauraunt Pos\src\RestaurantPOS14\RestaurantPOS14\RPOS_DBDataSet.vb(5078,20): error BC30456: 'GridGroupingRowDeletingEvent' is not a member of 'RPOS_DBDataSet.GridGroupingDataTable'. [L:\New Restauraunt Pos\src\RestaurantPOS14\RestaurantPOS14.vbproj]
L:\New Restauraunt Pos\src\RestaurantPOS14\RestaurantPOS14\RPOS_DBDataSet.vb(5079,32): error BC30451: 'GridGroupingRowDeleting' is not declared. It may be inaccessible due to its protection level. [L:\New Restauraunt Pos\src\RestaurantPOS14\RestaurantPOS14.vbproj]
L:\New Restauraunt Pos\src\RestaurantPOS14\RestaurantPOS14\RPOS_DBDataSet1.vb(15647,20): error BC30456: 'ModifiersRowChangedEvent' is not a member of 'RPOS_DBDataSet1.ModifiersDataTable'. [L:\New Restauraunt Pos\src\RestaurantPOS14\RestaurantPOS14.vbproj]
L:\New Restauraunt Pos\src\RestaurantPOS14\RestaurantPOS14\RPOS_DBDataSet1.vb(15648,32): error BC30451: 'ModifiersRowChanged' is not declared. It may be inaccessible due to its protection level. [L:\New Restauraunt Pos\src\RestaurantPOS14\RestaurantPOS14.vbproj]
L:\New Restauraunt Pos\src\RestaurantPOS14\RestaurantPOS14\RPOS_DBDataSet1.vb(16405,20): error BC30456: 'NotesMasterRowChangedEvent' is not a member of 'RPOS_DBDataSet1.NotesMasterDataTable'. [L:\New Restauraunt Pos\src\RestaurantPOS14\RestaurantPOS14.vbproj]
L:\New Restauraunt Pos\src\RestaurantPOS14\RestaurantPOS14\RPOS_DBDataSet1.vb(16406,32): error BC30451: 'NotesMasterRowChanged' is not declared. It may be inaccessible due to its protection level. [L:\New Restauraunt Pos\src\RestaurantPOS14\RestaurantPOS14.vbproj]
L:\New Restauraunt Pos\src\RestaurantPOS14\RestaurantPOS14\RPOS_DBDataSet.vb(5955,20): error BC30456: 'HotelRowChangedEvent' is not a member of 'RPOS_DBDataSet.HotelDataTable'. [L:\New Restauraunt Pos\src\RestaurantPOS14\RestaurantPOS14.vbproj]
L:\New Restauraunt Pos\src\RestaurantPOS14\RestaurantPOS14\RPOS_DBDataSet.vb(5956,32): error BC30451: 'HotelRowChanged' is not declared. It may be inaccessible due to its protection level. [L:\New Restauraunt Pos\src\RestaurantPOS14\RestaurantPOS14.vbproj]
L:\New Restauraunt Pos\src\RestaurantPOS14\RestaurantPOS14\RPOS_DBDataSet1.vb(16414,20): error BC30456: 'NotesMasterRowChangingEvent' is not a member of 'RPOS_DBDataSet1.NotesMasterDataTable'. [L:\New Restauraunt Pos\src\RestaurantPOS14\RestaurantPOS14.vbproj]
L:\New Restauraunt Pos\src\RestaurantPOS14\RestaurantPOS14\RPOS_DBDataSet1.vb(16415,32): error BC30451: 'NotesMasterRowChanging' is not declared. It may be inaccessible due to its protection level. [L:\New Restauraunt Pos\src\RestaurantPOS14\RestaurantPOS14.vbproj]
L:\New Restauraunt Pos\src\RestaurantPOS14\RestaurantPOS14\RPOS_DBDataSet1.vb(15656,20): error BC30456: 'ModifiersRowChangingEvent' is not a member of 'RPOS_DBDataSet1.ModifiersDataTable'. [L:\New Restauraunt Pos\src\RestaurantPOS14\RestaurantPOS14.vbproj]
L:\New Restauraunt Pos\src\RestaurantPOS14\RestaurantPOS14\RPOS_DBDataSet1.vb(15657,32): error BC30451: 'ModifiersRowChanging' is not declared. It may be inaccessible due to its protection level. [L:\New Restauraunt Pos\src\RestaurantPOS14\RestaurantPOS14.vbproj]
L:\New Restauraunt Pos\src\RestaurantPOS14\RestaurantPOS14\RPOS_DBDataSet.vb(5964,20): error BC30456: 'HotelRowChangingEvent' is not a member of 'RPOS_DBDataSet.HotelDataTable'. [L:\New Restauraunt Pos\src\RestaurantPOS14\RestaurantPOS14.vbproj]
L:\New Restauraunt Pos\src\RestaurantPOS14\RestaurantPOS14\RPOS_DBDataSet.vb(5965,32): error BC30451: 'HotelRowChanging' is not declared. It may be inaccessible due to its protection level. [L:\New Restauraunt Pos\src\RestaurantPOS14\RestaurantPOS14.vbproj]
L:\New Restauraunt Pos\src\RestaurantPOS14\RestaurantPOS14\RPOS_DBDataSet1.vb(16423,20): error BC30456: 'NotesMasterRowDeletedEvent' is not a member of 'RPOS_DBDataSet1.NotesMasterDataTable'. [L:\New Restauraunt Pos\src\RestaurantPOS14\RestaurantPOS14.vbproj]
L:\New Restauraunt Pos\src\RestaurantPOS14\RestaurantPOS14\RPOS_DBDataSet1.vb(16424,32): error BC30451: 'NotesMasterRowDeleted' is not declared. It may be inaccessible due to its protection level. [L:\New Restauraunt Pos\src\RestaurantPOS14\RestaurantPOS14.vbproj]
L:\New Restauraunt Pos\src\RestaurantPOS14\RestaurantPOS14\RPOS_DBDataSet.vb(5973,20): error BC30456: 'HotelRowDeletedEvent' is not a member of 'RPOS_DBDataSet.HotelDataTable'. [L:\New Restauraunt Pos\src\RestaurantPOS14\RestaurantPOS14.vbproj]
L:\New Restauraunt Pos\src\RestaurantPOS14\RestaurantPOS14\RPOS_DBDataSet.vb(5974,32): error BC30451: 'HotelRowDeleted' is not declared. It may be inaccessible due to its protection level. [L:\New Restauraunt Pos\src\RestaurantPOS14\RestaurantPOS14.vbproj]
L:\New Restauraunt Pos\src\RestaurantPOS14\RestaurantPOS14\RPOS_DBDataSet1.vb(15665,20): error BC30456: 'ModifiersRowDeletedEvent' is not a member of 'RPOS_DBDataSet1.ModifiersDataTable'. [L:\New Restauraunt Pos\src\RestaurantPOS14\RestaurantPOS14.vbproj]
L:\New Restauraunt Pos\src\RestaurantPOS14\RestaurantPOS14\RPOS_DBDataSet1.vb(15666,32): error BC30451: 'ModifiersRowDeleted' is not declared. It may be inaccessible due to its protection level. [L:\New Restauraunt Pos\src\RestaurantPOS14\RestaurantPOS14.vbproj]
L:\New Restauraunt Pos\src\RestaurantPOS14\RestaurantPOS14\RPOS_DBDataSet1.vb(16432,20): error BC30456: 'NotesMasterRowDeletingEvent' is not a member of 'RPOS_DBDataSet1.NotesMasterDataTable'. [L:\New Restauraunt Pos\src\RestaurantPOS14\RestaurantPOS14.vbproj]
L:\New Restauraunt Pos\src\RestaurantPOS14\RestaurantPOS14\RPOS_DBDataSet1.vb(16433,32): error BC30451: 'NotesMasterRowDeleting' is not declared. It may be inaccessible due to its protection level. [L:\New Restauraunt Pos\src\RestaurantPOS14\RestaurantPOS14.vbproj]
L:\New Restauraunt Pos\src\RestaurantPOS14\RestaurantPOS14\RPOS_DBDataSet1.vb(15261,20): error BC30456: 'MemberLedgerRowChangedEvent' is not a member of 'RPOS_DBDataSet1.MemberLedgerDataTable'. [L:\New Restauraunt Pos\src\RestaurantPOS14\RestaurantPOS14.vbproj]
L:\New Restauraunt Pos\src\RestaurantPOS14\RestaurantPOS14\RPOS_DBDataSet1.vb(15262,32): error BC30451: 'MemberLedgerRowChanged' is not declared. It may be inaccessible due to its protection level. [L:\New Restauraunt Pos\src\RestaurantPOS14\RestaurantPOS14.vbproj]
L:\New Restauraunt Pos\src\RestaurantPOS14\RestaurantPOS14\RPOS_DBDataSet.vb(5982,20): error BC30456: 'HotelRowDeletingEvent' is not a member of 'RPOS_DBDataSet.HotelDataTable'. [L:\New Restauraunt Pos\src\RestaurantPOS14\RestaurantPOS14.vbproj]
L:\New Restauraunt Pos\src\RestaurantPOS14\RestaurantPOS14\RPOS_DBDataSet.vb(5983,32): error BC30451: 'HotelRowDeleting' is not declared. It may be inaccessible due to its protection level. [L:\New Restauraunt Pos\src\RestaurantPOS14\RestaurantPOS14.vbproj]
L:\New Restauraunt Pos\src\RestaurantPOS14\RestaurantPOS14\RPOS_DBDataSet1.vb(15674,20): error BC30456: 'ModifiersRowDeletingEvent' is not a member of 'RPOS_DBDataSet1.ModifiersDataTable'. [L:\New Restauraunt Pos\src\RestaurantPOS14\RestaurantPOS14.vbproj]
L:\New Restauraunt Pos\src\RestaurantPOS14\RestaurantPOS14\RPOS_DBDataSet1.vb(15675,32): error BC30451: 'ModifiersRowDeleting' is not declared. It may be inaccessible due to its protection level. [L:\New Restauraunt Pos\src\RestaurantPOS14\RestaurantPOS14.vbproj]
L:\New Restauraunt Pos\src\RestaurantPOS14\RestaurantPOS14\RPOS_DBDataSet1.vb(15270,20): error BC30456: 'MemberLedgerRowChangingEvent' is not a member of 'RPOS_DBDataSet1.MemberLedgerDataTable'. [L:\New Restauraunt Pos\src\RestaurantPOS14\RestaurantPOS14.vbproj]
L:\New Restauraunt Pos\src\RestaurantPOS14\RestaurantPOS14\RPOS_DBDataSet1.vb(15271,32): error BC30451: 'MemberLedgerRowChanging' is not declared. It may be inaccessible due to its protection level. [L:\New Restauraunt Pos\src\RestaurantPOS14\RestaurantPOS14.vbproj]
L:\New Restauraunt Pos\src\RestaurantPOS14\RestaurantPOS14\RPOS_DBDataSet1.vb(15279,20): error BC30456: 'MemberLedgerRowDeletedEvent' is not a member of 'RPOS_DBDataSet1.MemberLedgerDataTable'. [L:\New Restauraunt Pos\src\RestaurantPOS14\RestaurantPOS14.vbproj]
L:\New Restauraunt Pos\src\RestaurantPOS14\RestaurantPOS14\RPOS_DBDataSet1.vb(15280,32): error BC30451: 'MemberLedgerRowDeleted' is not declared. It may be inaccessible due to its protection level. [L:\New Restauraunt Pos\src\RestaurantPOS14\RestaurantPOS14.vbproj]
L:\New Restauraunt Pos\src\RestaurantPOS14\RestaurantPOS14\RPOS_DBDataSet1.vb(15288,20): error BC30456: 'MemberLedgerRowDeletingEvent' is not a member of 'RPOS_DBDataSet1.MemberLedgerDataTable'. [L:\New Restauraunt Pos\src\RestaurantPOS14\RestaurantPOS14.vbproj]
L:\New Restauraunt Pos\src\RestaurantPOS14\RestaurantPOS14\RPOS_DBDataSet1.vb(15289,32): error BC30451: 'MemberLedgerRowDeleting' is not declared. It may be inaccessible due to its protection level. [L:\New Restauraunt Pos\src\RestaurantPOS14\RestaurantPOS14.vbproj]
L:\New Restauraunt Pos\src\RestaurantPOS14\RestaurantPOS14\RPOS_DBDataSet1.vb(17440,20): error BC30456: 'PaymentRowChangedEvent' is not a member of 'RPOS_DBDataSet1.PaymentDataTable'. [L:\New Restauraunt Pos\src\RestaurantPOS14\RestaurantPOS14.vbproj]
L:\New Restauraunt Pos\src\RestaurantPOS14\RestaurantPOS14\RPOS_DBDataSet1.vb(17441,32): error BC30451: 'PaymentRowChanged' is not declared. It may be inaccessible due to its protection level. [L:\New Restauraunt Pos\src\RestaurantPOS14\RestaurantPOS14.vbproj]
L:\New Restauraunt Pos\src\RestaurantPOS14\RestaurantPOS14\RPOS_DBDataSet1.vb(17449,20): error BC30456: 'PaymentRowChangingEvent' is not a member of 'RPOS_DBDataSet1.PaymentDataTable'. [L:\New Restauraunt Pos\src\RestaurantPOS14\RestaurantPOS14.vbproj]
L:\New Restauraunt Pos\src\RestaurantPOS14\RestaurantPOS14\RPOS_DBDataSet1.vb(17450,32): error BC30451: 'PaymentRowChanging' is not declared. It may be inaccessible due to its protection level. [L:\New Restauraunt Pos\src\RestaurantPOS14\RestaurantPOS14.vbproj]
L:\New Restauraunt Pos\src\RestaurantPOS14\RestaurantPOS14\RPOS_DBDataSet1.vb(17458,20): error BC30456: 'PaymentRowDeletedEvent' is not a member of 'RPOS_DBDataSet1.PaymentDataTable'. [L:\New Restauraunt Pos\src\RestaurantPOS14\RestaurantPOS14.vbproj]
L:\New Restauraunt Pos\src\RestaurantPOS14\RestaurantPOS14\RPOS_DBDataSet1.vb(17459,32): error BC30451: 'PaymentRowDeleted' is not declared. It may be inaccessible due to its protection level. [L:\New Restauraunt Pos\src\RestaurantPOS14\RestaurantPOS14.vbproj]
L:\New Restauraunt Pos\src\RestaurantPOS14\RestaurantPOS14\RPOS_DBDataSet1.vb(16062,20): error BC30456: 'MpesaSettingRowChangedEvent' is not a member of 'RPOS_DBDataSet1.MpesaSettingDataTable'. [L:\New Restauraunt Pos\src\RestaurantPOS14\RestaurantPOS14.vbproj]
L:\New Restauraunt Pos\src\RestaurantPOS14\RestaurantPOS14\RPOS_DBDataSet1.vb(16063,32): error BC30451: 'MpesaSettingRowChanged' is not declared. It may be inaccessible due to its protection level. [L:\New Restauraunt Pos\src\RestaurantPOS14\RestaurantPOS14.vbproj]
L:\New Restauraunt Pos\src\RestaurantPOS14\RestaurantPOS14\RPOS_DBDataSet1.vb(17467,20): error BC30456: 'PaymentRowDeletingEvent' is not a member of 'RPOS_DBDataSet1.PaymentDataTable'. [L:\New Restauraunt Pos\src\RestaurantPOS14\RestaurantPOS14.vbproj]
L:\New Restauraunt Pos\src\RestaurantPOS14\RestaurantPOS14\RPOS_DBDataSet1.vb(17468,32): error BC30451: 'PaymentRowDeleting' is not declared. It may be inaccessible due to its protection level. [L:\New Restauraunt Pos\src\RestaurantPOS14\RestaurantPOS14.vbproj]
L:\New Restauraunt Pos\src\RestaurantPOS14\RestaurantPOS14\RPOS_DBDataSet1.vb(16071,20): error BC30456: 'MpesaSettingRowChangingEvent' is not a member of 'RPOS_DBDataSet1.MpesaSettingDataTable'. [L:\New Restauraunt Pos\src\RestaurantPOS14\RestaurantPOS14.vbproj]
L:\New Restauraunt Pos\src\RestaurantPOS14\RestaurantPOS14\RPOS_DBDataSet1.vb(16072,32): error BC30451: 'MpesaSettingRowChanging' is not declared. It may be inaccessible due to its protection level. [L:\New Restauraunt Pos\src\RestaurantPOS14\RestaurantPOS14.vbproj]
L:\New Restauraunt Pos\src\RestaurantPOS14\RestaurantPOS14\RPOS_DBDataSet1.vb(16080,20): error BC30456: 'MpesaSettingRowDeletedEvent' is not a member of 'RPOS_DBDataSet1.MpesaSettingDataTable'. [L:\New Restauraunt Pos\src\RestaurantPOS14\RestaurantPOS14.vbproj]
L:\New Restauraunt Pos\src\RestaurantPOS14\RestaurantPOS14\RPOS_DBDataSet1.vb(16081,32): error BC30451: 'MpesaSettingRowDeleted' is not declared. It may be inaccessible due to its protection level. [L:\New Restauraunt Pos\src\RestaurantPOS14\RestaurantPOS14.vbproj]
L:\New Restauraunt Pos\src\RestaurantPOS14\RestaurantPOS14\RPOS_DBDataSet1.vb(16089,20): error BC30456: 'MpesaSettingRowDeletingEvent' is not a member of 'RPOS_DBDataSet1.MpesaSettingDataTable'. [L:\New Restauraunt Pos\src\RestaurantPOS14\RestaurantPOS14.vbproj]
L:\New Restauraunt Pos\src\RestaurantPOS14\RestaurantPOS14\RPOS_DBDataSet1.vb(16090,32): error BC30451: 'MpesaSettingRowDeleting' is not declared. It may be inaccessible due to its protection level. [L:\New Restauraunt Pos\src\RestaurantPOS14\RestaurantPOS14.vbproj]
L:\New Restauraunt Pos\src\RestaurantPOS14\RestaurantPOS14\RPOS_DBDataSet1.vb(17870,20): error BC30456: 'Payment_WithdrawRowChangedEvent' is not a member of 'RPOS_DBDataSet1.Payment_WithdrawDataTable'. [L:\New Restauraunt Pos\src\RestaurantPOS14\RestaurantPOS14.vbproj]
L:\New Restauraunt Pos\src\RestaurantPOS14\RestaurantPOS14\RPOS_DBDataSet1.vb(17871,32): error BC30451: 'Payment_WithdrawRowChanged' is not declared. It may be inaccessible due to its protection level. [L:\New Restauraunt Pos\src\RestaurantPOS14\RestaurantPOS14.vbproj]
L:\New Restauraunt Pos\src\RestaurantPOS14\RestaurantPOS14\RPOS_DBDataSet1.vb(17879,20): error BC30456: 'Payment_WithdrawRowChangingEvent' is not a member of 'RPOS_DBDataSet1.Payment_WithdrawDataTable'. [L:\New Restauraunt Pos\src\RestaurantPOS14\RestaurantPOS14.vbproj]
L:\New Restauraunt Pos\src\RestaurantPOS14\RestaurantPOS14\RPOS_DBDataSet1.vb(17880,32): error BC30451: 'Payment_WithdrawRowChanging' is not declared. It may be inaccessible due to its protection level. [L:\New Restauraunt Pos\src\RestaurantPOS14\RestaurantPOS14.vbproj]
L:\New Restauraunt Pos\src\RestaurantPOS14\RestaurantPOS14\RPOS_DBDataSet1.vb(17888,20): error BC30456: 'Payment_WithdrawRowDeletedEvent' is not a member of 'RPOS_DBDataSet1.Payment_WithdrawDataTable'. [L:\New Restauraunt Pos\src\RestaurantPOS14\RestaurantPOS14.vbproj]
L:\New Restauraunt Pos\src\RestaurantPOS14\RestaurantPOS14\RPOS_DBDataSet1.vb(17889,32): error BC30451: 'Payment_WithdrawRowDeleted' is not declared. It may be inaccessible due to its protection level. [L:\New Restauraunt Pos\src\RestaurantPOS14\RestaurantPOS14.vbproj]
L:\New Restauraunt Pos\src\RestaurantPOS14\RestaurantPOS14\RPOS_DBDataSet1.vb(17897,20): error BC30456: 'Payment_WithdrawRowDeletingEvent' is not a member of 'RPOS_DBDataSet1.Payment_WithdrawDataTable'. [L:\New Restauraunt Pos\src\RestaurantPOS14\RestaurantPOS14.vbproj]
L:\New Restauraunt Pos\src\RestaurantPOS14\RestaurantPOS14\RPOS_DBDataSet1.vb(17898,32): error BC30451: 'Payment_WithdrawRowDeleting' is not declared. It may be inaccessible due to its protection level. [L:\New Restauraunt Pos\src\RestaurantPOS14\RestaurantPOS14.vbproj]
L:\New Restauraunt Pos\src\RestaurantPOS14\RestaurantPOS14\RPOS_DBDataSet1.vb(17011,20): error BC30456: 'OtherSettingRowChangedEvent' is not a member of 'RPOS_DBDataSet1.OtherSettingDataTable'. [L:\New Restauraunt Pos\src\RestaurantPOS14\RestaurantPOS14.vbproj]
L:\New Restauraunt Pos\src\RestaurantPOS14\RestaurantPOS14\RPOS_DBDataSet1.vb(17012,32): error BC30451: 'OtherSettingRowChanged' is not declared. It may be inaccessible due to its protection level. [L:\New Restauraunt Pos\src\RestaurantPOS14\RestaurantPOS14.vbproj]
L:\New Restauraunt Pos\src\RestaurantPOS14\RestaurantPOS14\RPOS_DBDataSet1.vb(17020,20): error BC30456: 'OtherSettingRowChangingEvent' is not a member of 'RPOS_DBDataSet1.OtherSettingDataTable'. [L:\New Restauraunt Pos\src\RestaurantPOS14\RestaurantPOS14.vbproj]
L:\New Restauraunt Pos\src\RestaurantPOS14\RestaurantPOS14\RPOS_DBDataSet1.vb(17021,32): error BC30451: 'OtherSettingRowChanging' is not declared. It may be inaccessible due to its protection level. [L:\New Restauraunt Pos\src\RestaurantPOS14\RestaurantPOS14.vbproj]
L:\New Restauraunt Pos\src\RestaurantPOS14\RestaurantPOS14\RPOS_DBDataSet1.vb(17029,20): error BC30456: 'OtherSettingRowDeletedEvent' is not a member of 'RPOS_DBDataSet1.OtherSettingDataTable'. [L:\New Restauraunt Pos\src\RestaurantPOS14\RestaurantPOS14.vbproj]
L:\New Restauraunt Pos\src\RestaurantPOS14\RestaurantPOS14\RPOS_DBDataSet1.vb(17030,32): error BC30451: 'OtherSettingRowDeleted' is not declared. It may be inaccessible due to its protection level. [L:\New Restauraunt Pos\src\RestaurantPOS14\RestaurantPOS14.vbproj]
L:\New Restauraunt Pos\src\RestaurantPOS14\RestaurantPOS14\RPOS_DBDataSet1.vb(17038,20): error BC30456: 'OtherSettingRowDeletingEvent' is not a member of 'RPOS_DBDataSet1.OtherSettingDataTable'. [L:\New Restauraunt Pos\src\RestaurantPOS14\RestaurantPOS14.vbproj]
L:\New Restauraunt Pos\src\RestaurantPOS14\RestaurantPOS14\RPOS_DBDataSet1.vb(17039,32): error BC30451: 'OtherSettingRowDeleting' is not declared. It may be inaccessible due to its protection level. [L:\New Restauraunt Pos\src\RestaurantPOS14\RestaurantPOS14.vbproj]
L:\New Restauraunt Pos\src\RestaurantPOS14\RestaurantPOS14\RPOS_DBDataSet1.vb(19389,20): error BC30456: 'PizzaMasterRowChangedEvent' is not a member of 'RPOS_DBDataSet1.PizzaMasterDataTable'. [L:\New Restauraunt Pos\src\RestaurantPOS14\RestaurantPOS14.vbproj]
L:\New Restauraunt Pos\src\RestaurantPOS14\RestaurantPOS14\RPOS_DBDataSet1.vb(19390,32): error BC30451: 'PizzaMasterRowChanged' is not declared. It may be inaccessible due to its protection level. [L:\New Restauraunt Pos\src\RestaurantPOS14\RestaurantPOS14.vbproj]
L:\New Restauraunt Pos\src\RestaurantPOS14\RestaurantPOS14\RPOS_DBDataSet1.vb(19398,20): error BC30456: 'PizzaMasterRowChangingEvent' is not a member of 'RPOS_DBDataSet1.PizzaMasterDataTable'. [L:\New Restauraunt Pos\src\RestaurantPOS14\RestaurantPOS14.vbproj]
L:\New Restauraunt Pos\src\RestaurantPOS14\RestaurantPOS14\RPOS_DBDataSet1.vb(19399,32): error BC30451: 'PizzaMasterRowChanging' is not declared. It may be inaccessible due to its protection level. [L:\New Restauraunt Pos\src\RestaurantPOS14\RestaurantPOS14.vbproj]
L:\New Restauraunt Pos\src\RestaurantPOS14\RestaurantPOS14\RPOS_DBDataSet1.vb(19407,20): error BC30456: 'PizzaMasterRowDeletedEvent' is not a member of 'RPOS_DBDataSet1.PizzaMasterDataTable'. [L:\New Restauraunt Pos\src\RestaurantPOS14\RestaurantPOS14.vbproj]
L:\New Restauraunt Pos\src\RestaurantPOS14\RestaurantPOS14\RPOS_DBDataSet1.vb(19408,32): error BC30451: 'PizzaMasterRowDeleted' is not declared. It may be inaccessible due to its protection level. [L:\New Restauraunt Pos\src\RestaurantPOS14\RestaurantPOS14.vbproj]
L:\New Restauraunt Pos\src\RestaurantPOS14\RestaurantPOS14\RPOS_DBDataSet1.vb(19416,20): error BC30456: 'PizzaMasterRowDeletingEvent' is not a member of 'RPOS_DBDataSet1.PizzaMasterDataTable'. [L:\New Restauraunt Pos\src\RestaurantPOS14\RestaurantPOS14.vbproj]
L:\New Restauraunt Pos\src\RestaurantPOS14\RestaurantPOS14\RPOS_DBDataSet1.vb(19417,32): error BC30451: 'PizzaMasterRowDeleting' is not declared. It may be inaccessible due to its protection level. [L:\New Restauraunt Pos\src\RestaurantPOS14\RestaurantPOS14.vbproj]
L:\New Restauraunt Pos\src\RestaurantPOS14\RestaurantPOS14\RPOS_DBDataSet1.vb(18423,20): error BC30456: 'PayrollRowChangedEvent' is not a member of 'RPOS_DBDataSet1.PayrollDataTable'. [L:\New Restauraunt Pos\src\RestaurantPOS14\RestaurantPOS14.vbproj]
L:\New Restauraunt Pos\src\RestaurantPOS14\RestaurantPOS14\RPOS_DBDataSet1.vb(18424,32): error BC30451: 'PayrollRowChanged' is not declared. It may be inaccessible due to its protection level. [L:\New Restauraunt Pos\src\RestaurantPOS14\RestaurantPOS14.vbproj]
L:\New Restauraunt Pos\src\RestaurantPOS14\RestaurantPOS14\RPOS_DBDataSet1.vb(18432,20): error BC30456: 'PayrollRowChangingEvent' is not a member of 'RPOS_DBDataSet1.PayrollDataTable'. [L:\New Restauraunt Pos\src\RestaurantPOS14\RestaurantPOS14.vbproj]
L:\New Restauraunt Pos\src\RestaurantPOS14\RestaurantPOS14\RPOS_DBDataSet1.vb(18433,32): error BC30451: 'PayrollRowChanging' is not declared. It may be inaccessible due to its protection level. [L:\New Restauraunt Pos\src\RestaurantPOS14\RestaurantPOS14.vbproj]
L:\New Restauraunt Pos\src\RestaurantPOS14\RestaurantPOS14\RPOS_DBDataSet1.vb(18441,20): error BC30456: 'PayrollRowDeletedEvent' is not a member of 'RPOS_DBDataSet1.PayrollDataTable'. [L:\New Restauraunt Pos\src\RestaurantPOS14\RestaurantPOS14.vbproj]
L:\New Restauraunt Pos\src\RestaurantPOS14\RestaurantPOS14\RPOS_DBDataSet1.vb(18442,32): error BC30451: 'PayrollRowDeleted' is not declared. It may be inaccessible due to its protection level. [L:\New Restauraunt Pos\src\RestaurantPOS14\RestaurantPOS14.vbproj]
L:\New Restauraunt Pos\src\RestaurantPOS14\RestaurantPOS14\RPOS_DBDataSet1.vb(18450,20): error BC30456: 'PayrollRowDeletingEvent' is not a member of 'RPOS_DBDataSet1.PayrollDataTable'. [L:\New Restauraunt Pos\src\RestaurantPOS14\RestaurantPOS14.vbproj]
L:\New Restauraunt Pos\src\RestaurantPOS14\RestaurantPOS14\RPOS_DBDataSet1.vb(18451,32): error BC30451: 'PayrollRowDeleting' is not declared. It may be inaccessible due to its protection level. [L:\New Restauraunt Pos\src\RestaurantPOS14\RestaurantPOS14.vbproj]
L:\New Restauraunt Pos\src\RestaurantPOS14\RestaurantPOS14\RPOS_DBDataSet1.vb(19773,20): error BC30456: 'PizzaModifierRowChangedEvent' is not a member of 'RPOS_DBDataSet1.PizzaModifierDataTable'. [L:\New Restauraunt Pos\src\RestaurantPOS14\RestaurantPOS14.vbproj]
L:\New Restauraunt Pos\src\RestaurantPOS14\RestaurantPOS14\RPOS_DBDataSet1.vb(19774,32): error BC30451: 'PizzaModifierRowChanged' is not declared. It may be inaccessible due to its protection level. [L:\New Restauraunt Pos\src\RestaurantPOS14\RestaurantPOS14.vbproj]
L:\New Restauraunt Pos\src\RestaurantPOS14\RestaurantPOS14\RPOS_DBDataSet1.vb(19782,20): error BC30456: 'PizzaModifierRowChangingEvent' is not a member of 'RPOS_DBDataSet1.PizzaModifierDataTable'. [L:\New Restauraunt Pos\src\RestaurantPOS14\RestaurantPOS14.vbproj]
L:\New Restauraunt Pos\src\RestaurantPOS14\RestaurantPOS14\RPOS_DBDataSet1.vb(19783,32): error BC30451: 'PizzaModifierRowChanging' is not declared. It may be inaccessible due to its protection level. [L:\New Restauraunt Pos\src\RestaurantPOS14\RestaurantPOS14.vbproj]
L:\New Restauraunt Pos\src\RestaurantPOS14\RestaurantPOS14\RPOS_DBDataSet1.vb(19791,20): error BC30456: 'PizzaModifierRowDeletedEvent' is not a member of 'RPOS_DBDataSet1.PizzaModifierDataTable'. [L:\New Restauraunt Pos\src\RestaurantPOS14\RestaurantPOS14.vbproj]
L:\New Restauraunt Pos\src\RestaurantPOS14\RestaurantPOS14\RPOS_DBDataSet1.vb(19792,32): error BC30451: 'PizzaModifierRowDeleted' is not declared. It may be inaccessible due to its protection level. [L:\New Restauraunt Pos\src\RestaurantPOS14\RestaurantPOS14.vbproj]
L:\New Restauraunt Pos\src\RestaurantPOS14\RestaurantPOS14\RPOS_DBDataSet1.vb(19800,20): error BC30456: 'PizzaModifierRowDeletingEvent' is not a member of 'RPOS_DBDataSet1.PizzaModifierDataTable'. [L:\New Restauraunt Pos\src\RestaurantPOS14\RestaurantPOS14.vbproj]
L:\New Restauraunt Pos\src\RestaurantPOS14\RestaurantPOS14\RPOS_DBDataSet1.vb(19801,32): error BC30451: 'PizzaModifierRowDeleting' is not declared. It may be inaccessible due to its protection level. [L:\New Restauraunt Pos\src\RestaurantPOS14\RestaurantPOS14.vbproj]
L:\New Restauraunt Pos\src\RestaurantPOS14\RestaurantPOS14\RPOS_DBDataSet1.vb(20497,20): error BC30456: 'PizzaToppingRowChangedEvent' is not a member of 'RPOS_DBDataSet1.PizzaToppingDataTable'. [L:\New Restauraunt Pos\src\RestaurantPOS14\RestaurantPOS14.vbproj]
L:\New Restauraunt Pos\src\RestaurantPOS14\RestaurantPOS14\RPOS_DBDataSet1.vb(20498,32): error BC30451: 'PizzaToppingRowChanged' is not declared. It may be inaccessible due to its protection level. [L:\New Restauraunt Pos\src\RestaurantPOS14\RestaurantPOS14.vbproj]
L:\New Restauraunt Pos\src\RestaurantPOS14\RestaurantPOS14\RPOS_DBDataSet1.vb(20506,20): error BC30456: 'PizzaToppingRowChangingEvent' is not a member of 'RPOS_DBDataSet1.PizzaToppingDataTable'. [L:\New Restauraunt Pos\src\RestaurantPOS14\RestaurantPOS14.vbproj]
L:\New Restauraunt Pos\src\RestaurantPOS14\RestaurantPOS14\RPOS_DBDataSet1.vb(20507,32): error BC30451: 'PizzaToppingRowChanging' is not declared. It may be inaccessible due to its protection level. [L:\New Restauraunt Pos\src\RestaurantPOS14\RestaurantPOS14.vbproj]
L:\New Restauraunt Pos\src\RestaurantPOS14\RestaurantPOS14\RPOS_DBDataSet1.vb(20515,20): error BC30456: 'PizzaToppingRowDeletedEvent' is not a member of 'RPOS_DBDataSet1.PizzaToppingDataTable'. [L:\New Restauraunt Pos\src\RestaurantPOS14\RestaurantPOS14.vbproj]
L:\New Restauraunt Pos\src\RestaurantPOS14\RestaurantPOS14\RPOS_DBDataSet1.vb(20516,32): error BC30451: 'PizzaToppingRowDeleted' is not declared. It may be inaccessible due to its protection level. [L:\New Restauraunt Pos\src\RestaurantPOS14\RestaurantPOS14.vbproj]
L:\New Restauraunt Pos\src\RestaurantPOS14\RestaurantPOS14\RPOS_DBDataSet1.vb(20524,20): error BC30456: 'PizzaToppingRowDeletingEvent' is not a member of 'RPOS_DBDataSet1.PizzaToppingDataTable'. [L:\New Restauraunt Pos\src\RestaurantPOS14\RestaurantPOS14.vbproj]
L:\New Restauraunt Pos\src\RestaurantPOS14\RestaurantPOS14\RPOS_DBDataSet1.vb(20525,32): error BC30451: 'PizzaToppingRowDeleting' is not declared. It may be inaccessible due to its protection level. [L:\New Restauraunt Pos\src\RestaurantPOS14\RestaurantPOS14.vbproj]
L:\New Restauraunt Pos\src\RestaurantPOS14\RestaurantPOS14\RPOS_DBDataSet1.vb(21050,20): error BC30456: 'PosGroupingRowChangedEvent' is not a member of 'RPOS_DBDataSet1.PosGroupingDataTable'. [L:\New Restauraunt Pos\src\RestaurantPOS14\RestaurantPOS14.vbproj]
L:\New Restauraunt Pos\src\RestaurantPOS14\RestaurantPOS14\RPOS_DBDataSet1.vb(21051,32): error BC30451: 'PosGroupingRowChanged' is not declared. It may be inaccessible due to its protection level. [L:\New Restauraunt Pos\src\RestaurantPOS14\RestaurantPOS14.vbproj]
L:\New Restauraunt Pos\src\RestaurantPOS14\RestaurantPOS14\RPOS_DBDataSet1.vb(21059,20): error BC30456: 'PosGroupingRowChangingEvent' is not a member of 'RPOS_DBDataSet1.PosGroupingDataTable'. [L:\New Restauraunt Pos\src\RestaurantPOS14\RestaurantPOS14.vbproj]
L:\New Restauraunt Pos\src\RestaurantPOS14\RestaurantPOS14\RPOS_DBDataSet1.vb(21060,32): error BC30451: 'PosGroupingRowChanging' is not declared. It may be inaccessible due to its protection level. [L:\New Restauraunt Pos\src\RestaurantPOS14\RestaurantPOS14.vbproj]
L:\New Restauraunt Pos\src\RestaurantPOS14\RestaurantPOS14\RPOS_DBDataSet1.vb(21068,20): error BC30456: 'PosGroupingRowDeletedEvent' is not a member of 'RPOS_DBDataSet1.PosGroupingDataTable'. [L:\New Restauraunt Pos\src\RestaurantPOS14\RestaurantPOS14.vbproj]
L:\New Restauraunt Pos\src\RestaurantPOS14\RestaurantPOS14\RPOS_DBDataSet1.vb(21069,32): error BC30451: 'PosGroupingRowDeleted' is not declared. It may be inaccessible due to its protection level. [L:\New Restauraunt Pos\src\RestaurantPOS14\RestaurantPOS14.vbproj]
L:\New Restauraunt Pos\src\RestaurantPOS14\RestaurantPOS14\RPOS_DBDataSet1.vb(21077,20): error BC30456: 'PosGroupingRowDeletingEvent' is not a member of 'RPOS_DBDataSet1.PosGroupingDataTable'. [L:\New Restauraunt Pos\src\RestaurantPOS14\RestaurantPOS14.vbproj]
L:\New Restauraunt Pos\src\RestaurantPOS14\RestaurantPOS14\RPOS_DBDataSet1.vb(21078,32): error BC30451: 'PosGroupingRowDeleting' is not declared. It may be inaccessible due to its protection level. [L:\New Restauraunt Pos\src\RestaurantPOS14\RestaurantPOS14.vbproj]
L:\New Restauraunt Pos\src\RestaurantPOS14\RestaurantPOS14\RPOS_DBDataSet1.vb(18980,20): error BC30456: 'Payroll_MBRowChangedEvent' is not a member of 'RPOS_DBDataSet1.Payroll_MBDataTable'. [L:\New Restauraunt Pos\src\RestaurantPOS14\RestaurantPOS14.vbproj]
L:\New Restauraunt Pos\src\RestaurantPOS14\RestaurantPOS14\RPOS_DBDataSet1.vb(18981,32): error BC30451: 'Payroll_MBRowChanged' is not declared. It may be inaccessible due to its protection level. [L:\New Restauraunt Pos\src\RestaurantPOS14\RestaurantPOS14.vbproj]
L:\New Restauraunt Pos\src\RestaurantPOS14\RestaurantPOS14\RPOS_DBDataSet1.vb(18989,20): error BC30456: 'Payroll_MBRowChangingEvent' is not a member of 'RPOS_DBDataSet1.Payroll_MBDataTable'. [L:\New Restauraunt Pos\src\RestaurantPOS14\RestaurantPOS14.vbproj]
L:\New Restauraunt Pos\src\RestaurantPOS14\RestaurantPOS14\RPOS_DBDataSet1.vb(18990,32): error BC30451: 'Payroll_MBRowChanging' is not declared. It may be inaccessible due to its protection level. [L:\New Restauraunt Pos\src\RestaurantPOS14\RestaurantPOS14.vbproj]
L:\New Restauraunt Pos\src\RestaurantPOS14\RestaurantPOS14\RPOS_DBDataSet1.vb(18998,20): error BC30456: 'Payroll_MBRowDeletedEvent' is not a member of 'RPOS_DBDataSet1.Payroll_MBDataTable'. [L:\New Restauraunt Pos\src\RestaurantPOS14\RestaurantPOS14.vbproj]
L:\New Restauraunt Pos\src\RestaurantPOS14\RestaurantPOS14\RPOS_DBDataSet1.vb(18999,32): error BC30451: 'Payroll_MBRowDeleted' is not declared. It may be inaccessible due to its protection level. [L:\New Restauraunt Pos\src\RestaurantPOS14\RestaurantPOS14.vbproj]
L:\New Restauraunt Pos\src\RestaurantPOS14\RestaurantPOS14\RPOS_DBDataSet1.vb(19007,20): error BC30456: 'Payroll_MBRowDeletingEvent' is not a member of 'RPOS_DBDataSet1.Payroll_MBDataTable'. [L:\New Restauraunt Pos\src\RestaurantPOS14\RestaurantPOS14.vbproj]
L:\New Restauraunt Pos\src\RestaurantPOS14\RestaurantPOS14\RPOS_DBDataSet1.vb(19008,32): error BC30451: 'Payroll_MBRowDeleting' is not declared. It may be inaccessible due to its protection level. [L:\New Restauraunt Pos\src\RestaurantPOS14\RestaurantPOS14.vbproj]
L:\New Restauraunt Pos\src\RestaurantPOS14\RestaurantPOS14\RPOS_DBDataSet1.vb(22621,20): error BC30456: 'ProductRowChangedEvent' is not a member of 'RPOS_DBDataSet1.ProductDataTable'. [L:\New Restauraunt Pos\src\RestaurantPOS14\RestaurantPOS14.vbproj]
L:\New Restauraunt Pos\src\RestaurantPOS14\RestaurantPOS14\RPOS_DBDataSet1.vb(22622,32): error BC30451: 'ProductRowChanged' is not declared. It may be inaccessible due to its protection level. [L:\New Restauraunt Pos\src\RestaurantPOS14\RestaurantPOS14.vbproj]
L:\New Restauraunt Pos\src\RestaurantPOS14\RestaurantPOS14\RPOS_DBDataSet1.vb(22630,20): error BC30456: 'ProductRowChangingEvent' is not a member of 'RPOS_DBDataSet1.ProductDataTable'. [L:\New Restauraunt Pos\src\RestaurantPOS14\RestaurantPOS14.vbproj]
L:\New Restauraunt Pos\src\RestaurantPOS14\RestaurantPOS14\RPOS_DBDataSet1.vb(22631,32): error BC30451: 'ProductRowChanging' is not declared. It may be inaccessible due to its protection level. [L:\New Restauraunt Pos\src\RestaurantPOS14\RestaurantPOS14.vbproj]
L:\New Restauraunt Pos\src\RestaurantPOS14\RestaurantPOS14\RPOS_DBDataSet1.vb(22639,20): error BC30456: 'ProductRowDeletedEvent' is not a member of 'RPOS_DBDataSet1.ProductDataTable'. [L:\New Restauraunt Pos\src\RestaurantPOS14\RestaurantPOS14.vbproj]
L:\New Restauraunt Pos\src\RestaurantPOS14\RestaurantPOS14\RPOS_DBDataSet1.vb(22640,32): error BC30451: 'ProductRowDeleted' is not declared. It may be inaccessible due to its protection level. [L:\New Restauraunt Pos\src\RestaurantPOS14\RestaurantPOS14.vbproj]
L:\New Restauraunt Pos\src\RestaurantPOS14\RestaurantPOS14\RPOS_DBDataSet1.vb(22172,20): error BC30456: 'PosPrinterSettingRowChangedEvent' is not a member of 'RPOS_DBDataSet1.PosPrinterSettingDataTable'. [L:\New Restauraunt Pos\src\RestaurantPOS14\RestaurantPOS14.vbproj]
L:\New Restauraunt Pos\src\RestaurantPOS14\RestaurantPOS14\RPOS_DBDataSet1.vb(22173,32): error BC30451: 'PosPrinterSettingRowChanged' is not declared. It may be inaccessible due to its protection level. [L:\New Restauraunt Pos\src\RestaurantPOS14\RestaurantPOS14.vbproj]
L:\New Restauraunt Pos\src\RestaurantPOS14\RestaurantPOS14\RPOS_DBDataSet1.vb(22648,20): error BC30456: 'ProductRowDeletingEvent' is not a member of 'RPOS_DBDataSet1.ProductDataTable'. [L:\New Restauraunt Pos\src\RestaurantPOS14\RestaurantPOS14.vbproj]
L:\New Restauraunt Pos\src\RestaurantPOS14\RestaurantPOS14\RPOS_DBDataSet1.vb(22649,32): error BC30451: 'ProductRowDeleting' is not declared. It may be inaccessible due to its protection level. [L:\New Restauraunt Pos\src\RestaurantPOS14\RestaurantPOS14.vbproj]
L:\New Restauraunt Pos\src\RestaurantPOS14\RestaurantPOS14\RPOS_DBDataSet1.vb(22181,20): error BC30456: 'PosPrinterSettingRowChangingEvent' is not a member of 'RPOS_DBDataSet1.PosPrinterSettingDataTable'. [L:\New Restauraunt Pos\src\RestaurantPOS14\RestaurantPOS14.vbproj]
L:\New Restauraunt Pos\src\RestaurantPOS14\RestaurantPOS14\RPOS_DBDataSet1.vb(22182,32): error BC30451: 'PosPrinterSettingRowChanging' is not declared. It may be inaccessible due to its protection level. [L:\New Restauraunt Pos\src\RestaurantPOS14\RestaurantPOS14.vbproj]
L:\New Restauraunt Pos\src\RestaurantPOS14\RestaurantPOS14\RPOS_DBDataSet1.vb(22190,20): error BC30456: 'PosPrinterSettingRowDeletedEvent' is not a member of 'RPOS_DBDataSet1.PosPrinterSettingDataTable'. [L:\New Restauraunt Pos\src\RestaurantPOS14\RestaurantPOS14.vbproj]
L:\New Restauraunt Pos\src\RestaurantPOS14\RestaurantPOS14\RPOS_DBDataSet1.vb(22191,32): error BC30451: 'PosPrinterSettingRowDeleted' is not declared. It may be inaccessible due to its protection level. [L:\New Restauraunt Pos\src\RestaurantPOS14\RestaurantPOS14.vbproj]
L:\New Restauraunt Pos\src\RestaurantPOS14\RestaurantPOS14\RPOS_DBDataSet1.vb(22199,20): error BC30456: 'PosPrinterSettingRowDeletingEvent' is not a member of 'RPOS_DBDataSet1.PosPrinterSettingDataTable'. [L:\New Restauraunt Pos\src\RestaurantPOS14\RestaurantPOS14.vbproj]
L:\New Restauraunt Pos\src\RestaurantPOS14\RestaurantPOS14\RPOS_DBDataSet1.vb(22200,32): error BC30451: 'PosPrinterSettingRowDeleting' is not declared. It may be inaccessible due to its protection level. [L:\New Restauraunt Pos\src\RestaurantPOS14\RestaurantPOS14.vbproj]
L:\New Restauraunt Pos\src\RestaurantPOS14\RestaurantPOS14\RPOS_DBDataSet1.vb(21620,20): error BC30456: 'PosGrouping1RowChangedEvent' is not a member of 'RPOS_DBDataSet1.PosGrouping1DataTable'. [L:\New Restauraunt Pos\src\RestaurantPOS14\RestaurantPOS14.vbproj]
L:\New Restauraunt Pos\src\RestaurantPOS14\RestaurantPOS14\RPOS_DBDataSet1.vb(21621,32): error BC30451: 'PosGrouping1RowChanged' is not declared. It may be inaccessible due to its protection level. [L:\New Restauraunt Pos\src\RestaurantPOS14\RestaurantPOS14.vbproj]
L:\New Restauraunt Pos\src\RestaurantPOS14\RestaurantPOS14\RPOS_DBDataSet1.vb(21629,20): error BC30456: 'PosGrouping1RowChangingEvent' is not a member of 'RPOS_DBDataSet1.PosGrouping1DataTable'. [L:\New Restauraunt Pos\src\RestaurantPOS14\RestaurantPOS14.vbproj]
L:\New Restauraunt Pos\src\RestaurantPOS14\RestaurantPOS14\RPOS_DBDataSet1.vb(21630,32): error BC30451: 'PosGrouping1RowChanging' is not declared. It may be inaccessible due to its protection level. [L:\New Restauraunt Pos\src\RestaurantPOS14\RestaurantPOS14.vbproj]
L:\New Restauraunt Pos\src\RestaurantPOS14\RestaurantPOS14\RPOS_DBDataSet1.vb(21638,20): error BC30456: 'PosGrouping1RowDeletedEvent' is not a member of 'RPOS_DBDataSet1.PosGrouping1DataTable'. [L:\New Restauraunt Pos\src\RestaurantPOS14\RestaurantPOS14.vbproj]
L:\New Restauraunt Pos\src\RestaurantPOS14\RestaurantPOS14\RPOS_DBDataSet1.vb(21639,32): error BC30451: 'PosGrouping1RowDeleted' is not declared. It may be inaccessible due to its protection level. [L:\New Restauraunt Pos\src\RestaurantPOS14\RestaurantPOS14.vbproj]
L:\New Restauraunt Pos\src\RestaurantPOS14\RestaurantPOS14\RPOS_DBDataSet1.vb(20098,20): error BC30456: 'PizzaSizeRowChangedEvent' is not a member of 'RPOS_DBDataSet1.PizzaSizeDataTable'. [L:\New Restauraunt Pos\src\RestaurantPOS14\RestaurantPOS14.vbproj]
L:\New Restauraunt Pos\src\RestaurantPOS14\RestaurantPOS14\RPOS_DBDataSet1.vb(20099,32): error BC30451: 'PizzaSizeRowChanged' is not declared. It may be inaccessible due to its protection level. [L:\New Restauraunt Pos\src\RestaurantPOS14\RestaurantPOS14.vbproj]
L:\New Restauraunt Pos\src\RestaurantPOS14\RestaurantPOS14\RPOS_DBDataSet1.vb(21647,20): error BC30456: 'PosGrouping1RowDeletingEvent' is not a member of 'RPOS_DBDataSet1.PosGrouping1DataTable'. [L:\New Restauraunt Pos\src\RestaurantPOS14\RestaurantPOS14.vbproj]
L:\New Restauraunt Pos\src\RestaurantPOS14\RestaurantPOS14\RPOS_DBDataSet1.vb(21648,32): error BC30451: 'PosGrouping1RowDeleting' is not declared. It may be inaccessible due to its protection level. [L:\New Restauraunt Pos\src\RestaurantPOS14\RestaurantPOS14.vbproj]
L:\New Restauraunt Pos\src\RestaurantPOS14\RestaurantPOS14\RPOS_DBDataSet1.vb(20107,20): error BC30456: 'PizzaSizeRowChangingEvent' is not a member of 'RPOS_DBDataSet1.PizzaSizeDataTable'. [L:\New Restauraunt Pos\src\RestaurantPOS14\RestaurantPOS14.vbproj]
L:\New Restauraunt Pos\src\RestaurantPOS14\RestaurantPOS14\RPOS_DBDataSet1.vb(20108,32): error BC30451: 'PizzaSizeRowChanging' is not declared. It may be inaccessible due to its protection level. [L:\New Restauraunt Pos\src\RestaurantPOS14\RestaurantPOS14.vbproj]
L:\New Restauraunt Pos\src\RestaurantPOS14\RestaurantPOS14\RPOS_DBDataSet1.vb(20116,20): error BC30456: 'PizzaSizeRowDeletedEvent' is not a member of 'RPOS_DBDataSet1.PizzaSizeDataTable'. [L:\New Restauraunt Pos\src\RestaurantPOS14\RestaurantPOS14.vbproj]
L:\New Restauraunt Pos\src\RestaurantPOS14\RestaurantPOS14\RPOS_DBDataSet1.vb(20117,32): error BC30451: 'PizzaSizeRowDeleted' is not declared. It may be inaccessible due to its protection level. [L:\New Restauraunt Pos\src\RestaurantPOS14\RestaurantPOS14.vbproj]
L:\New Restauraunt Pos\src\RestaurantPOS14\RestaurantPOS14\RPOS_DBDataSet1.vb(20125,20): error BC30456: 'PizzaSizeRowDeletingEvent' is not a member of 'RPOS_DBDataSet1.PizzaSizeDataTable'. [L:\New Restauraunt Pos\src\RestaurantPOS14\RestaurantPOS14.vbproj]
L:\New Restauraunt Pos\src\RestaurantPOS14\RestaurantPOS14\RPOS_DBDataSet1.vb(20126,32): error BC30451: 'PizzaSizeRowDeleting' is not declared. It may be inaccessible due to its protection level. [L:\New Restauraunt Pos\src\RestaurantPOS14\RestaurantPOS14.vbproj]
L:\New Restauraunt Pos\src\RestaurantPOS14\RestaurantPOS14\RPOS_DBDataSet1.vb(23028,20): error BC30456: 'Product_OpeningStockRowChangedEvent' is not a member of 'RPOS_DBDataSet1.Product_OpeningStockDataTable'. [L:\New Restauraunt Pos\src\RestaurantPOS14\RestaurantPOS14.vbproj]
L:\New Restauraunt Pos\src\RestaurantPOS14\RestaurantPOS14\RPOS_DBDataSet1.vb(23029,32): error BC30451: 'Product_OpeningStockRowChanged' is not declared. It may be inaccessible due to its protection level. [L:\New Restauraunt Pos\src\RestaurantPOS14\RestaurantPOS14.vbproj]
L:\New Restauraunt Pos\src\RestaurantPOS14\RestaurantPOS14\RPOS_DBDataSet1.vb(23037,20): error BC30456: 'Product_OpeningStockRowChangingEvent' is not a member of 'RPOS_DBDataSet1.Product_OpeningStockDataTable'. [L:\New Restauraunt Pos\src\RestaurantPOS14\RestaurantPOS14.vbproj]
L:\New Restauraunt Pos\src\RestaurantPOS14\RestaurantPOS14\RPOS_DBDataSet1.vb(23038,32): error BC30451: 'Product_OpeningStockRowChanging' is not declared. It may be inaccessible due to its protection level. [L:\New Restauraunt Pos\src\RestaurantPOS14\RestaurantPOS14.vbproj]
L:\New Restauraunt Pos\src\RestaurantPOS14\RestaurantPOS14\RPOS_DBDataSet1.vb(23046,20): error BC30456: 'Product_OpeningStockRowDeletedEvent' is not a member of 'RPOS_DBDataSet1.Product_OpeningStockDataTable'. [L:\New Restauraunt Pos\src\RestaurantPOS14\RestaurantPOS14.vbproj]
L:\New Restauraunt Pos\src\RestaurantPOS14\RestaurantPOS14\RPOS_DBDataSet1.vb(23047,32): error BC30451: 'Product_OpeningStockRowDeleted' is not declared. It may be inaccessible due to its protection level. [L:\New Restauraunt Pos\src\RestaurantPOS14\RestaurantPOS14.vbproj]
L:\New Restauraunt Pos\src\RestaurantPOS14\RestaurantPOS14\RPOS_DBDataSet1.vb(23055,20): error BC30456: 'Product_OpeningStockRowDeletingEvent' is not a member of 'RPOS_DBDataSet1.Product_OpeningStockDataTable'. [L:\New Restauraunt Pos\src\RestaurantPOS14\RestaurantPOS14.vbproj]
L:\New Restauraunt Pos\src\RestaurantPOS14\RestaurantPOS14\RPOS_DBDataSet1.vb(23056,32): error BC30451: 'Product_OpeningStockRowDeleting' is not declared. It may be inaccessible due to its protection level. [L:\New Restauraunt Pos\src\RestaurantPOS14\RestaurantPOS14.vbproj]
L:\New Restauraunt Pos\src\RestaurantPOS14\RestaurantPOS14\RPOS_DBDataSet1.vb(23444,20): error BC30456: 'PromotionRowChangedEvent' is not a member of 'RPOS_DBDataSet1.PromotionDataTable'. [L:\New Restauraunt Pos\src\RestaurantPOS14\RestaurantPOS14.vbproj]
L:\New Restauraunt Pos\src\RestaurantPOS14\RestaurantPOS14\RPOS_DBDataSet1.vb(23445,32): error BC30451: 'PromotionRowChanged' is not declared. It may be inaccessible due to its protection level. [L:\New Restauraunt Pos\src\RestaurantPOS14\RestaurantPOS14.vbproj]
L:\New Restauraunt Pos\src\RestaurantPOS14\RestaurantPOS14\RPOS_DBDataSet1.vb(23453,20): error BC30456: 'PromotionRowChangingEvent' is not a member of 'RPOS_DBDataSet1.PromotionDataTable'. [L:\New Restauraunt Pos\src\RestaurantPOS14\RestaurantPOS14.vbproj]
L:\New Restauraunt Pos\src\RestaurantPOS14\RestaurantPOS14\RPOS_DBDataSet1.vb(23454,32): error BC30451: 'PromotionRowChanging' is not declared. It may be inaccessible due to its protection level. [L:\New Restauraunt Pos\src\RestaurantPOS14\RestaurantPOS14.vbproj]
L:\New Restauraunt Pos\src\RestaurantPOS14\RestaurantPOS14\RPOS_DBDataSet1.vb(23462,20): error BC30456: 'PromotionRowDeletedEvent' is not a member of 'RPOS_DBDataSet1.PromotionDataTable'. [L:\New Restauraunt Pos\src\RestaurantPOS14\RestaurantPOS14.vbproj]
L:\New Restauraunt Pos\src\RestaurantPOS14\RestaurantPOS14\RPOS_DBDataSet1.vb(23463,32): error BC30451: 'PromotionRowDeleted' is not declared. It may be inaccessible due to its protection level. [L:\New Restauraunt Pos\src\RestaurantPOS14\RestaurantPOS14.vbproj]
L:\New Restauraunt Pos\src\RestaurantPOS14\RestaurantPOS14\RPOS_DBDataSet1.vb(23471,20): error BC30456: 'PromotionRowDeletingEvent' is not a member of 'RPOS_DBDataSet1.PromotionDataTable'. [L:\New Restauraunt Pos\src\RestaurantPOS14\RestaurantPOS14.vbproj]
L:\New Restauraunt Pos\src\RestaurantPOS14\RestaurantPOS14\RPOS_DBDataSet1.vb(23472,32): error BC30451: 'PromotionRowDeleting' is not declared. It may be inaccessible due to its protection level. [L:\New Restauraunt Pos\src\RestaurantPOS14\RestaurantPOS14.vbproj]
L:\New Restauraunt Pos\src\RestaurantPOS14\RestaurantPOS14\RPOS_DBDataSet1.vb(24483,20): error BC30456: 'Purchase_JoinRowChangedEvent' is not a member of 'RPOS_DBDataSet1.Purchase_JoinDataTable'. [L:\New Restauraunt Pos\src\RestaurantPOS14\RestaurantPOS14.vbproj]
L:\New Restauraunt Pos\src\RestaurantPOS14\RestaurantPOS14\RPOS_DBDataSet1.vb(24484,32): error BC30451: 'Purchase_JoinRowChanged' is not declared. It may be inaccessible due to its protection level. [L:\New Restauraunt Pos\src\RestaurantPOS14\RestaurantPOS14.vbproj]
L:\New Restauraunt Pos\src\RestaurantPOS14\RestaurantPOS14\RPOS_DBDataSet1.vb(24492,20): error BC30456: 'Purchase_JoinRowChangingEvent' is not a member of 'RPOS_DBDataSet1.Purchase_JoinDataTable'. [L:\New Restauraunt Pos\src\RestaurantPOS14\RestaurantPOS14.vbproj]
L:\New Restauraunt Pos\src\RestaurantPOS14\RestaurantPOS14\RPOS_DBDataSet1.vb(24493,32): error BC30451: 'Purchase_JoinRowChanging' is not declared. It may be inaccessible due to its protection level. [L:\New Restauraunt Pos\src\RestaurantPOS14\RestaurantPOS14.vbproj]
L:\New Restauraunt Pos\src\RestaurantPOS14\RestaurantPOS14\RPOS_DBDataSet1.vb(24501,20): error BC30456: 'Purchase_JoinRowDeletedEvent' is not a member of 'RPOS_DBDataSet1.Purchase_JoinDataTable'. [L:\New Restauraunt Pos\src\RestaurantPOS14\RestaurantPOS14.vbproj]
L:\New Restauraunt Pos\src\RestaurantPOS14\RestaurantPOS14\RPOS_DBDataSet1.vb(24502,32): error BC30451: 'Purchase_JoinRowDeleted' is not declared. It may be inaccessible due to its protection level. [L:\New Restauraunt Pos\src\RestaurantPOS14\RestaurantPOS14.vbproj]
L:\New Restauraunt Pos\src\RestaurantPOS14\RestaurantPOS14\RPOS_DBDataSet1.vb(24510,20): error BC30456: 'Purchase_JoinRowDeletingEvent' is not a member of 'RPOS_DBDataSet1.Purchase_JoinDataTable'. [L:\New Restauraunt Pos\src\RestaurantPOS14\RestaurantPOS14.vbproj]
L:\New Restauraunt Pos\src\RestaurantPOS14\RestaurantPOS14\RPOS_DBDataSet1.vb(24511,32): error BC30451: 'Purchase_JoinRowDeleting' is not declared. It may be inaccessible due to its protection level. [L:\New Restauraunt Pos\src\RestaurantPOS14\RestaurantPOS14.vbproj]
L:\New Restauraunt Pos\src\RestaurantPOS14\RestaurantPOS14\RPOS_DBDataSet1.vb(24935,20): error BC30456: 'PurchaseOrderRowChangedEvent' is not a member of 'RPOS_DBDataSet1.PurchaseOrderDataTable'. [L:\New Restauraunt Pos\src\RestaurantPOS14\RestaurantPOS14.vbproj]
L:\New Restauraunt Pos\src\RestaurantPOS14\RestaurantPOS14\RPOS_DBDataSet1.vb(24936,32): error BC30451: 'PurchaseOrderRowChanged' is not declared. It may be inaccessible due to its protection level. [L:\New Restauraunt Pos\src\RestaurantPOS14\RestaurantPOS14.vbproj]
L:\New Restauraunt Pos\src\RestaurantPOS14\RestaurantPOS14\RPOS_DBDataSet1.vb(24944,20): error BC30456: 'PurchaseOrderRowChangingEvent' is not a member of 'RPOS_DBDataSet1.PurchaseOrderDataTable'. [L:\New Restauraunt Pos\src\RestaurantPOS14\RestaurantPOS14.vbproj]
L:\New Restauraunt Pos\src\RestaurantPOS14\RestaurantPOS14\RPOS_DBDataSet1.vb(24945,32): error BC30451: 'PurchaseOrderRowChanging' is not declared. It may be inaccessible due to its protection level. [L:\New Restauraunt Pos\src\RestaurantPOS14\RestaurantPOS14.vbproj]
L:\New Restauraunt Pos\src\RestaurantPOS14\RestaurantPOS14\RPOS_DBDataSet1.vb(24953,20): error BC30456: 'PurchaseOrderRowDeletedEvent' is not a member of 'RPOS_DBDataSet1.PurchaseOrderDataTable'. [L:\New Restauraunt Pos\src\RestaurantPOS14\RestaurantPOS14.vbproj]
L:\New Restauraunt Pos\src\RestaurantPOS14\RestaurantPOS14\RPOS_DBDataSet1.vb(24954,32): error BC30451: 'PurchaseOrderRowDeleted' is not declared. It may be inaccessible due to its protection level. [L:\New Restauraunt Pos\src\RestaurantPOS14\RestaurantPOS14.vbproj]
L:\New Restauraunt Pos\src\RestaurantPOS14\RestaurantPOS14\RPOS_DBDataSet1.vb(24962,20): error BC30456: 'PurchaseOrderRowDeletingEvent' is not a member of 'RPOS_DBDataSet1.PurchaseOrderDataTable'. [L:\New Restauraunt Pos\src\RestaurantPOS14\RestaurantPOS14.vbproj]
L:\New Restauraunt Pos\src\RestaurantPOS14\RestaurantPOS14\RPOS_DBDataSet1.vb(24963,32): error BC30451: 'PurchaseOrderRowDeleting' is not declared. It may be inaccessible due to its protection level. [L:\New Restauraunt Pos\src\RestaurantPOS14\RestaurantPOS14.vbproj]
L:\New Restauraunt Pos\src\RestaurantPOS14\RestaurantPOS14\RPOS_DBDataSet1.vb(25342,20): error BC30456: 'PurchaseOrder_JoinRowChangedEvent' is not a member of 'RPOS_DBDataSet1.PurchaseOrder_JoinDataTable'. [L:\New Restauraunt Pos\src\RestaurantPOS14\RestaurantPOS14.vbproj]
L:\New Restauraunt Pos\src\RestaurantPOS14\RestaurantPOS14\RPOS_DBDataSet1.vb(25343,32): error BC30451: 'PurchaseOrder_JoinRowChanged' is not declared. It may be inaccessible due to its protection level. [L:\New Restauraunt Pos\src\RestaurantPOS14\RestaurantPOS14.vbproj]
L:\New Restauraunt Pos\src\RestaurantPOS14\RestaurantPOS14\RPOS_DBDataSet1.vb(25351,20): error BC30456: 'PurchaseOrder_JoinRowChangingEvent' is not a member of 'RPOS_DBDataSet1.PurchaseOrder_JoinDataTable'. [L:\New Restauraunt Pos\src\RestaurantPOS14\RestaurantPOS14.vbproj]
L:\New Restauraunt Pos\src\RestaurantPOS14\RestaurantPOS14\RPOS_DBDataSet1.vb(25352,32): error BC30451: 'PurchaseOrder_JoinRowChanging' is not declared. It may be inaccessible due to its protection level. [L:\New Restauraunt Pos\src\RestaurantPOS14\RestaurantPOS14.vbproj]
L:\New Restauraunt Pos\src\RestaurantPOS14\RestaurantPOS14\RPOS_DBDataSet1.vb(25360,20): error BC30456: 'PurchaseOrder_JoinRowDeletedEvent' is not a member of 'RPOS_DBDataSet1.PurchaseOrder_JoinDataTable'. [L:\New Restauraunt Pos\src\RestaurantPOS14\RestaurantPOS14.vbproj]
L:\New Restauraunt Pos\src\RestaurantPOS14\RestaurantPOS14\RPOS_DBDataSet1.vb(25361,32): error BC30451: 'PurchaseOrder_JoinRowDeleted' is not declared. It may be inaccessible due to its protection level. [L:\New Restauraunt Pos\src\RestaurantPOS14\RestaurantPOS14.vbproj]
L:\New Restauraunt Pos\src\RestaurantPOS14\RestaurantPOS14\RPOS_DBDataSet1.vb(25369,20): error BC30456: 'PurchaseOrder_JoinRowDeletingEvent' is not a member of 'RPOS_DBDataSet1.PurchaseOrder_JoinDataTable'. [L:\New Restauraunt Pos\src\RestaurantPOS14\RestaurantPOS14.vbproj]
L:\New Restauraunt Pos\src\RestaurantPOS14\RestaurantPOS14\RPOS_DBDataSet1.vb(25370,32): error BC30451: 'PurchaseOrder_JoinRowDeleting' is not declared. It may be inaccessible due to its protection level. [L:\New Restauraunt Pos\src\RestaurantPOS14\RestaurantPOS14.vbproj]
L:\New Restauraunt Pos\src\RestaurantPOS14\RestaurantPOS14\RPOS_DBDataSet1.vb(26516,20): error BC30456: 'Recipe_JoinRowChangedEvent' is not a member of 'RPOS_DBDataSet1.Recipe_JoinDataTable'. [L:\New Restauraunt Pos\src\RestaurantPOS14\RestaurantPOS14.vbproj]
L:\New Restauraunt Pos\src\RestaurantPOS14\RestaurantPOS14\RPOS_DBDataSet1.vb(26517,32): error BC30451: 'Recipe_JoinRowChanged' is not declared. It may be inaccessible due to its protection level. [L:\New Restauraunt Pos\src\RestaurantPOS14\RestaurantPOS14.vbproj]
L:\New Restauraunt Pos\src\RestaurantPOS14\RestaurantPOS14\RPOS_DBDataSet1.vb(25724,20): error BC30456: 'R_TableRowChangedEvent' is not a member of 'RPOS_DBDataSet1.R_TableDataTable'. [L:\New Restauraunt Pos\src\RestaurantPOS14\RestaurantPOS14.vbproj]
L:\New Restauraunt Pos\src\RestaurantPOS14\RestaurantPOS14\RPOS_DBDataSet1.vb(25725,32): error BC30451: 'R_TableRowChanged' is not declared. It may be inaccessible due to its protection level. [L:\New Restauraunt Pos\src\RestaurantPOS14\RestaurantPOS14.vbproj]
L:\New Restauraunt Pos\src\RestaurantPOS14\RestaurantPOS14\RPOS_DBDataSet1.vb(25733,20): error BC30456: 'R_TableRowChangingEvent' is not a member of 'RPOS_DBDataSet1.R_TableDataTable'. [L:\New Restauraunt Pos\src\RestaurantPOS14\RestaurantPOS14.vbproj]
L:\New Restauraunt Pos\src\RestaurantPOS14\RestaurantPOS14\RPOS_DBDataSet1.vb(25734,32): error BC30451: 'R_TableRowChanging' is not declared. It may be inaccessible due to its protection level. [L:\New Restauraunt Pos\src\RestaurantPOS14\RestaurantPOS14.vbproj]
L:\New Restauraunt Pos\src\RestaurantPOS14\RestaurantPOS14\RPOS_DBDataSet1.vb(26525,20): error BC30456: 'Recipe_JoinRowChangingEvent' is not a member of 'RPOS_DBDataSet1.Recipe_JoinDataTable'. [L:\New Restauraunt Pos\src\RestaurantPOS14\RestaurantPOS14.vbproj]
L:\New Restauraunt Pos\src\RestaurantPOS14\RestaurantPOS14\RPOS_DBDataSet1.vb(26526,32): error BC30451: 'Recipe_JoinRowChanging' is not declared. It may be inaccessible due to its protection level. [L:\New Restauraunt Pos\src\RestaurantPOS14\RestaurantPOS14.vbproj]
L:\New Restauraunt Pos\src\RestaurantPOS14\RestaurantPOS14\RPOS_DBDataSet1.vb(25742,20): error BC30456: 'R_TableRowDeletedEvent' is not a member of 'RPOS_DBDataSet1.R_TableDataTable'. [L:\New Restauraunt Pos\src\RestaurantPOS14\RestaurantPOS14.vbproj]
L:\New Restauraunt Pos\src\RestaurantPOS14\RestaurantPOS14\RPOS_DBDataSet1.vb(25743,32): error BC30451: 'R_TableRowDeleted' is not declared. It may be inaccessible due to its protection level. [L:\New Restauraunt Pos\src\RestaurantPOS14\RestaurantPOS14.vbproj]
L:\New Restauraunt Pos\src\RestaurantPOS14\RestaurantPOS14\RPOS_DBDataSet1.vb(26534,20): error BC30456: 'Recipe_JoinRowDeletedEvent' is not a member of 'RPOS_DBDataSet1.Recipe_JoinDataTable'. [L:\New Restauraunt Pos\src\RestaurantPOS14\RestaurantPOS14.vbproj]
L:\New Restauraunt Pos\src\RestaurantPOS14\RestaurantPOS14\RPOS_DBDataSet1.vb(26535,32): error BC30451: 'Recipe_JoinRowDeleted' is not declared. It may be inaccessible due to its protection level. [L:\New Restauraunt Pos\src\RestaurantPOS14\RestaurantPOS14.vbproj]
L:\New Restauraunt Pos\src\RestaurantPOS14\RestaurantPOS14\RPOS_DBDataSet1.vb(26113,20): error BC30456: 'RecipeRowChangedEvent' is not a member of 'RPOS_DBDataSet1.RecipeDataTable'. [L:\New Restauraunt Pos\src\RestaurantPOS14\RestaurantPOS14.vbproj]
L:\New Restauraunt Pos\src\RestaurantPOS14\RestaurantPOS14\RPOS_DBDataSet1.vb(26114,32): error BC30451: 'RecipeRowChanged' is not declared. It may be inaccessible due to its protection level. [L:\New Restauraunt Pos\src\RestaurantPOS14\RestaurantPOS14.vbproj]
L:\New Restauraunt Pos\src\RestaurantPOS14\RestaurantPOS14\RPOS_DBDataSet1.vb(24027,20): error BC30456: 'PurchaseRowChangedEvent' is not a member of 'RPOS_DBDataSet1.PurchaseDataTable'. [L:\New Restauraunt Pos\src\RestaurantPOS14\RestaurantPOS14.vbproj]
L:\New Restauraunt Pos\src\RestaurantPOS14\RestaurantPOS14\RPOS_DBDataSet1.vb(24028,32): error BC30451: 'PurchaseRowChanged' is not declared. It may be inaccessible due to its protection level. [L:\New Restauraunt Pos\src\RestaurantPOS14\RestaurantPOS14.vbproj]
L:\New Restauraunt Pos\src\RestaurantPOS14\RestaurantPOS14\RPOS_DBDataSet1.vb(25751,20): error BC30456: 'R_TableRowDeletingEvent' is not a member of 'RPOS_DBDataSet1.R_TableDataTable'. [L:\New Restauraunt Pos\src\RestaurantPOS14\RestaurantPOS14.vbproj]
L:\New Restauraunt Pos\src\RestaurantPOS14\RestaurantPOS14\RPOS_DBDataSet1.vb(25752,32): error BC30451: 'R_TableRowDeleting' is not declared. It may be inaccessible due to its protection level. [L:\New Restauraunt Pos\src\RestaurantPOS14\RestaurantPOS14.vbproj]
L:\New Restauraunt Pos\src\RestaurantPOS14\RestaurantPOS14\RPOS_DBDataSet1.vb(26543,20): error BC30456: 'Recipe_JoinRowDeletingEvent' is not a member of 'RPOS_DBDataSet1.Recipe_JoinDataTable'. [L:\New Restauraunt Pos\src\RestaurantPOS14\RestaurantPOS14.vbproj]
L:\New Restauraunt Pos\src\RestaurantPOS14\RestaurantPOS14\RPOS_DBDataSet1.vb(26544,32): error BC30451: 'Recipe_JoinRowDeleting' is not declared. It may be inaccessible due to its protection level. [L:\New Restauraunt Pos\src\RestaurantPOS14\RestaurantPOS14.vbproj]
L:\New Restauraunt Pos\src\RestaurantPOS14\RestaurantPOS14\RPOS_DBDataSet1.vb(26122,20): error BC30456: 'RecipeRowChangingEvent' is not a member of 'RPOS_DBDataSet1.RecipeDataTable'. [L:\New Restauraunt Pos\src\RestaurantPOS14\RestaurantPOS14.vbproj]
L:\New Restauraunt Pos\src\RestaurantPOS14\RestaurantPOS14\RPOS_DBDataSet1.vb(26123,32): error BC30451: 'RecipeRowChanging' is not declared. It may be inaccessible due to its protection level. [L:\New Restauraunt Pos\src\RestaurantPOS14\RestaurantPOS14.vbproj]
L:\New Restauraunt Pos\src\RestaurantPOS14\RestaurantPOS14\RPOS_DBDataSet1.vb(24036,20): error BC30456: 'PurchaseRowChangingEvent' is not a member of 'RPOS_DBDataSet1.PurchaseDataTable'. [L:\New Restauraunt Pos\src\RestaurantPOS14\RestaurantPOS14.vbproj]
L:\New Restauraunt Pos\src\RestaurantPOS14\RestaurantPOS14\RPOS_DBDataSet1.vb(24037,32): error BC30451: 'PurchaseRowChanging' is not declared. It may be inaccessible due to its protection level. [L:\New Restauraunt Pos\src\RestaurantPOS14\RestaurantPOS14.vbproj]
L:\New Restauraunt Pos\src\RestaurantPOS14\RestaurantPOS14\RPOS_DBDataSet1.vb(26131,20): error BC30456: 'RecipeRowDeletedEvent' is not a member of 'RPOS_DBDataSet1.RecipeDataTable'. [L:\New Restauraunt Pos\src\RestaurantPOS14\RestaurantPOS14.vbproj]
L:\New Restauraunt Pos\src\RestaurantPOS14\RestaurantPOS14\RPOS_DBDataSet1.vb(26132,32): error BC30451: 'RecipeRowDeleted' is not declared. It may be inaccessible due to its protection level. [L:\New Restauraunt Pos\src\RestaurantPOS14\RestaurantPOS14.vbproj]
L:\New Restauraunt Pos\src\RestaurantPOS14\RestaurantPOS14\RPOS_DBDataSet1.vb(24045,20): error BC30456: 'PurchaseRowDeletedEvent' is not a member of 'RPOS_DBDataSet1.PurchaseDataTable'. [L:\New Restauraunt Pos\src\RestaurantPOS14\RestaurantPOS14.vbproj]
L:\New Restauraunt Pos\src\RestaurantPOS14\RestaurantPOS14\RPOS_DBDataSet1.vb(24046,32): error BC30451: 'PurchaseRowDeleted' is not declared. It may be inaccessible due to its protection level. [L:\New Restauraunt Pos\src\RestaurantPOS14\RestaurantPOS14.vbproj]
L:\New Restauraunt Pos\src\RestaurantPOS14\RestaurantPOS14\RPOS_DBDataSet1.vb(26140,20): error BC30456: 'RecipeRowDeletingEvent' is not a member of 'RPOS_DBDataSet1.RecipeDataTable'. [L:\New Restauraunt Pos\src\RestaurantPOS14\RestaurantPOS14.vbproj]
L:\New Restauraunt Pos\src\RestaurantPOS14\RestaurantPOS14\RPOS_DBDataSet1.vb(26141,32): error BC30451: 'RecipeRowDeleting' is not declared. It may be inaccessible due to its protection level. [L:\New Restauraunt Pos\src\RestaurantPOS14\RestaurantPOS14.vbproj]
L:\New Restauraunt Pos\src\RestaurantPOS14\RestaurantPOS14\RPOS_DBDataSet1.vb(24054,20): error BC30456: 'PurchaseRowDeletingEvent' is not a member of 'RPOS_DBDataSet1.PurchaseDataTable'. [L:\New Restauraunt Pos\src\RestaurantPOS14\RestaurantPOS14.vbproj]
L:\New Restauraunt Pos\src\RestaurantPOS14\RestaurantPOS14\RPOS_DBDataSet1.vb(24055,32): error BC30451: 'PurchaseRowDeleting' is not declared. It may be inaccessible due to its protection level. [L:\New Restauraunt Pos\src\RestaurantPOS14\RestaurantPOS14.vbproj]
L:\New Restauraunt Pos\src\RestaurantPOS14\RestaurantPOS14\RPOS_DBDataSet1.vb(27001,20): error BC30456: 'RegistrationRowChangedEvent' is not a member of 'RPOS_DBDataSet1.RegistrationDataTable'. [L:\New Restauraunt Pos\src\RestaurantPOS14\RestaurantPOS14.vbproj]
L:\New Restauraunt Pos\src\RestaurantPOS14\RestaurantPOS14\RPOS_DBDataSet1.vb(27002,32): error BC30451: 'RegistrationRowChanged' is not declared. It may be inaccessible due to its protection level. [L:\New Restauraunt Pos\src\RestaurantPOS14\RestaurantPOS14.vbproj]
L:\New Restauraunt Pos\src\RestaurantPOS14\RestaurantPOS14\RPOS_DBDataSet1.vb(27010,20): error BC30456: 'RegistrationRowChangingEvent' is not a member of 'RPOS_DBDataSet1.RegistrationDataTable'. [L:\New Restauraunt Pos\src\RestaurantPOS14\RestaurantPOS14.vbproj]
L:\New Restauraunt Pos\src\RestaurantPOS14\RestaurantPOS14\RPOS_DBDataSet1.vb(27011,32): error BC30451: 'RegistrationRowChanging' is not declared. It may be inaccessible due to its protection level. [L:\New Restauraunt Pos\src\RestaurantPOS14\RestaurantPOS14.vbproj]
L:\New Restauraunt Pos\src\RestaurantPOS14\RestaurantPOS14\RPOS_DBDataSet1.vb(27019,20): error BC30456: 'RegistrationRowDeletedEvent' is not a member of 'RPOS_DBDataSet1.RegistrationDataTable'. [L:\New Restauraunt Pos\src\RestaurantPOS14\RestaurantPOS14.vbproj]
L:\New Restauraunt Pos\src\RestaurantPOS14\RestaurantPOS14\RPOS_DBDataSet1.vb(27020,32): error BC30451: 'RegistrationRowDeleted' is not declared. It may be inaccessible due to its protection level. [L:\New Restauraunt Pos\src\RestaurantPOS14\RestaurantPOS14.vbproj]
L:\New Restauraunt Pos\src\RestaurantPOS14\RestaurantPOS14\RPOS_DBDataSet1.vb(27028,20): error BC30456: 'RegistrationRowDeletingEvent' is not a member of 'RPOS_DBDataSet1.RegistrationDataTable'. [L:\New Restauraunt Pos\src\RestaurantPOS14\RestaurantPOS14.vbproj]
L:\New Restauraunt Pos\src\RestaurantPOS14\RestaurantPOS14\RPOS_DBDataSet1.vb(27029,32): error BC30451: 'RegistrationRowDeleting' is not declared. It may be inaccessible due to its protection level. [L:\New Restauraunt Pos\src\RestaurantPOS14\RestaurantPOS14.vbproj]
L:\New Restauraunt Pos\src\RestaurantPOS14\RestaurantPOS14\RPOS_DBDataSet1.vb(27658,20): error BC30456: 'RestaurantPOS_BillingInfoEBRowChangedEvent' is not a member of 'RPOS_DBDataSet1.RestaurantPOS_BillingInfoEBDataTable'. [L:\New Restauraunt Pos\src\RestaurantPOS14\RestaurantPOS14.vbproj]
L:\New Restauraunt Pos\src\RestaurantPOS14\RestaurantPOS14\RPOS_DBDataSet1.vb(27659,32): error BC30451: 'RestaurantPOS_BillingInfoEBRowChanged' is not declared. It may be inaccessible due to its protection level. [L:\New Restauraunt Pos\src\RestaurantPOS14\RestaurantPOS14.vbproj]
L:\New Restauraunt Pos\src\RestaurantPOS14\RestaurantPOS14\RPOS_DBDataSet1.vb(27667,20): error BC30456: 'RestaurantPOS_BillingInfoEBRowChangingEvent' is not a member of 'RPOS_DBDataSet1.RestaurantPOS_BillingInfoEBDataTable'. [L:\New Restauraunt Pos\src\RestaurantPOS14\RestaurantPOS14.vbproj]
L:\New Restauraunt Pos\src\RestaurantPOS14\RestaurantPOS14\RPOS_DBDataSet1.vb(27668,32): error BC30451: 'RestaurantPOS_BillingInfoEBRowChanging' is not declared. It may be inaccessible due to its protection level. [L:\New Restauraunt Pos\src\RestaurantPOS14\RestaurantPOS14.vbproj]
L:\New Restauraunt Pos\src\RestaurantPOS14\RestaurantPOS14\RPOS_DBDataSet1.vb(27676,20): error BC30456: 'RestaurantPOS_BillingInfoEBRowDeletedEvent' is not a member of 'RPOS_DBDataSet1.RestaurantPOS_BillingInfoEBDataTable'. [L:\New Restauraunt Pos\src\RestaurantPOS14\RestaurantPOS14.vbproj]
L:\New Restauraunt Pos\src\RestaurantPOS14\RestaurantPOS14\RPOS_DBDataSet1.vb(27677,32): error BC30451: 'RestaurantPOS_BillingInfoEBRowDeleted' is not declared. It may be inaccessible due to its protection level. [L:\New Restauraunt Pos\src\RestaurantPOS14\RestaurantPOS14.vbproj]
L:\New Restauraunt Pos\src\RestaurantPOS14\RestaurantPOS14\RPOS_DBDataSet1.vb(27685,20): error BC30456: 'RestaurantPOS_BillingInfoEBRowDeletingEvent' is not a member of 'RPOS_DBDataSet1.RestaurantPOS_BillingInfoEBDataTable'. [L:\New Restauraunt Pos\src\RestaurantPOS14\RestaurantPOS14.vbproj]
L:\New Restauraunt Pos\src\RestaurantPOS14\RestaurantPOS14\RPOS_DBDataSet1.vb(27686,32): error BC30451: 'RestaurantPOS_BillingInfoEBRowDeleting' is not declared. It may be inaccessible due to its protection level. [L:\New Restauraunt Pos\src\RestaurantPOS14\RestaurantPOS14.vbproj]
L:\New Restauraunt Pos\src\RestaurantPOS14\RestaurantPOS14\RPOS_DBDataSet1.vb(29032,20): error BC30456: 'RestaurantPOS_BillingInfoKOTRowChangedEvent' is not a member of 'RPOS_DBDataSet1.RestaurantPOS_BillingInfoKOTDataTable'. [L:\New Restauraunt Pos\src\RestaurantPOS14\RestaurantPOS14.vbproj]
L:\New Restauraunt Pos\src\RestaurantPOS14\RestaurantPOS14\RPOS_DBDataSet1.vb(29033,32): error BC30451: 'RestaurantPOS_BillingInfoKOTRowChanged' is not declared. It may be inaccessible due to its protection level. [L:\New Restauraunt Pos\src\RestaurantPOS14\RestaurantPOS14.vbproj]
L:\New Restauraunt Pos\src\RestaurantPOS14\RestaurantPOS14\RPOS_DBDataSet1.vb(29041,20): error BC30456: 'RestaurantPOS_BillingInfoKOTRowChangingEvent' is not a member of 'RPOS_DBDataSet1.RestaurantPOS_BillingInfoKOTDataTable'. [L:\New Restauraunt Pos\src\RestaurantPOS14\RestaurantPOS14.vbproj]
L:\New Restauraunt Pos\src\RestaurantPOS14\RestaurantPOS14\RPOS_DBDataSet1.vb(29042,32): error BC30451: 'RestaurantPOS_BillingInfoKOTRowChanging' is not declared. It may be inaccessible due to its protection level. [L:\New Restauraunt Pos\src\RestaurantPOS14\RestaurantPOS14.vbproj]
L:\New Restauraunt Pos\src\RestaurantPOS14\RestaurantPOS14\RPOS_DBDataSet1.vb(30302,20): error BC30456: 'RestaurantPOS_OrderedProductBillEBRowChangedEvent' is not a member of 'RPOS_DBDataSet1.RestaurantPOS_OrderedProductBillEBDataTable'. [L:\New Restauraunt Pos\src\RestaurantPOS14\RestaurantPOS14.vbproj]
L:\New Restauraunt Pos\src\RestaurantPOS14\RestaurantPOS14\RPOS_DBDataSet1.vb(30303,32): error BC30451: 'RestaurantPOS_OrderedProductBillEBRowChanged' is not declared. It may be inaccessible due to its protection level. [L:\New Restauraunt Pos\src\RestaurantPOS14\RestaurantPOS14.vbproj]
L:\New Restauraunt Pos\src\RestaurantPOS14\RestaurantPOS14\RPOS_DBDataSet1.vb(29050,20): error BC30456: 'RestaurantPOS_BillingInfoKOTRowDeletedEvent' is not a member of 'RPOS_DBDataSet1.RestaurantPOS_BillingInfoKOTDataTable'. [L:\New Restauraunt Pos\src\RestaurantPOS14\RestaurantPOS14.vbproj]
L:\New Restauraunt Pos\src\RestaurantPOS14\RestaurantPOS14\RPOS_DBDataSet1.vb(29051,32): error BC30451: 'RestaurantPOS_BillingInfoKOTRowDeleted' is not declared. It may be inaccessible due to its protection level. [L:\New Restauraunt Pos\src\RestaurantPOS14\RestaurantPOS14.vbproj]
L:\New Restauraunt Pos\src\RestaurantPOS14\RestaurantPOS14\RPOS_DBDataSet1.vb(30311,20): error BC30456: 'RestaurantPOS_OrderedProductBillEBRowChangingEvent' is not a member of 'RPOS_DBDataSet1.RestaurantPOS_OrderedProductBillEBDataTable'. [L:\New Restauraunt Pos\src\RestaurantPOS14\RestaurantPOS14.vbproj]
L:\New Restauraunt Pos\src\RestaurantPOS14\RestaurantPOS14\RPOS_DBDataSet1.vb(30312,32): error BC30451: 'RestaurantPOS_OrderedProductBillEBRowChanging' is not declared. It may be inaccessible due to its protection level. [L:\New Restauraunt Pos\src\RestaurantPOS14\RestaurantPOS14.vbproj]
L:\New Restauraunt Pos\src\RestaurantPOS14\RestaurantPOS14\RPOS_DBDataSet1.vb(29059,20): error BC30456: 'RestaurantPOS_BillingInfoKOTRowDeletingEvent' is not a member of 'RPOS_DBDataSet1.RestaurantPOS_BillingInfoKOTDataTable'. [L:\New Restauraunt Pos\src\RestaurantPOS14\RestaurantPOS14.vbproj]
L:\New Restauraunt Pos\src\RestaurantPOS14\RestaurantPOS14\RPOS_DBDataSet1.vb(29060,32): error BC30451: 'RestaurantPOS_BillingInfoKOTRowDeleting' is not declared. It may be inaccessible due to its protection level. [L:\New Restauraunt Pos\src\RestaurantPOS14\RestaurantPOS14.vbproj]
L:\New Restauraunt Pos\src\RestaurantPOS14\RestaurantPOS14\RPOS_DBDataSet1.vb(30320,20): error BC30456: 'RestaurantPOS_OrderedProductBillEBRowDeletedEvent' is not a member of 'RPOS_DBDataSet1.RestaurantPOS_OrderedProductBillEBDataTable'. [L:\New Restauraunt Pos\src\RestaurantPOS14\RestaurantPOS14.vbproj]
L:\New Restauraunt Pos\src\RestaurantPOS14\RestaurantPOS14\RPOS_DBDataSet1.vb(30321,32): error BC30451: 'RestaurantPOS_OrderedProductBillEBRowDeleted' is not declared. It may be inaccessible due to its protection level. [L:\New Restauraunt Pos\src\RestaurantPOS14\RestaurantPOS14.vbproj]
L:\New Restauraunt Pos\src\RestaurantPOS14\RestaurantPOS14\RPOS_DBDataSet1.vb(30329,20): error BC30456: 'RestaurantPOS_OrderedProductBillEBRowDeletingEvent' is not a member of 'RPOS_DBDataSet1.RestaurantPOS_OrderedProductBillEBDataTable'. [L:\New Restauraunt Pos\src\RestaurantPOS14\RestaurantPOS14.vbproj]
L:\New Restauraunt Pos\src\RestaurantPOS14\RestaurantPOS14\RPOS_DBDataSet1.vb(30330,32): error BC30451: 'RestaurantPOS_OrderedProductBillEBRowDeleting' is not declared. It may be inaccessible due to its protection level. [L:\New Restauraunt Pos\src\RestaurantPOS14\RestaurantPOS14.vbproj]
L:\New Restauraunt Pos\src\RestaurantPOS14\RestaurantPOS14\RPOS_DBDataSet1.vb(30875,20): error BC30456: 'RestaurantPOS_OrderedProductBillHDRowChangedEvent' is not a member of 'RPOS_DBDataSet1.RestaurantPOS_OrderedProductBillHDDataTable'. [L:\New Restauraunt Pos\src\RestaurantPOS14\RestaurantPOS14.vbproj]
L:\New Restauraunt Pos\src\RestaurantPOS14\RestaurantPOS14\RPOS_DBDataSet1.vb(30876,32): error BC30451: 'RestaurantPOS_OrderedProductBillHDRowChanged' is not declared. It may be inaccessible due to its protection level. [L:\New Restauraunt Pos\src\RestaurantPOS14\RestaurantPOS14.vbproj]
L:\New Restauraunt Pos\src\RestaurantPOS14\RestaurantPOS14\RPOS_DBDataSet1.vb(30884,20): error BC30456: 'RestaurantPOS_OrderedProductBillHDRowChangingEvent' is not a member of 'RPOS_DBDataSet1.RestaurantPOS_OrderedProductBillHDDataTable'. [L:\New Restauraunt Pos\src\RestaurantPOS14\RestaurantPOS14.vbproj]
L:\New Restauraunt Pos\src\RestaurantPOS14\RestaurantPOS14\RPOS_DBDataSet1.vb(30885,32): error BC30451: 'RestaurantPOS_OrderedProductBillHDRowChanging' is not declared. It may be inaccessible due to its protection level. [L:\New Restauraunt Pos\src\RestaurantPOS14\RestaurantPOS14.vbproj]
L:\New Restauraunt Pos\src\RestaurantPOS14\RestaurantPOS14\RPOS_DBDataSet1.vb(30893,20): error BC30456: 'RestaurantPOS_OrderedProductBillHDRowDeletedEvent' is not a member of 'RPOS_DBDataSet1.RestaurantPOS_OrderedProductBillHDDataTable'. [L:\New Restauraunt Pos\src\RestaurantPOS14\RestaurantPOS14.vbproj]
L:\New Restauraunt Pos\src\RestaurantPOS14\RestaurantPOS14\RPOS_DBDataSet1.vb(30894,32): error BC30451: 'RestaurantPOS_OrderedProductBillHDRowDeleted' is not declared. It may be inaccessible due to its protection level. [L:\New Restauraunt Pos\src\RestaurantPOS14\RestaurantPOS14.vbproj]
L:\New Restauraunt Pos\src\RestaurantPOS14\RestaurantPOS14\RPOS_DBDataSet1.vb(30902,20): error BC30456: 'RestaurantPOS_OrderedProductBillHDRowDeletingEvent' is not a member of 'RPOS_DBDataSet1.RestaurantPOS_OrderedProductBillHDDataTable'. [L:\New Restauraunt Pos\src\RestaurantPOS14\RestaurantPOS14.vbproj]
L:\New Restauraunt Pos\src\RestaurantPOS14\RestaurantPOS14\RPOS_DBDataSet1.vb(30903,32): error BC30451: 'RestaurantPOS_OrderedProductBillHDRowDeleting' is not declared. It may be inaccessible due to its protection level. [L:\New Restauraunt Pos\src\RestaurantPOS14\RestaurantPOS14.vbproj]
L:\New Restauraunt Pos\src\RestaurantPOS14\RestaurantPOS14\RPOS_DBDataSet1.vb(29718,20): error BC30456: 'RestaurantPOS_BillingInfoTARowChangedEvent' is not a member of 'RPOS_DBDataSet1.RestaurantPOS_BillingInfoTADataTable'. [L:\New Restauraunt Pos\src\RestaurantPOS14\RestaurantPOS14.vbproj]
L:\New Restauraunt Pos\src\RestaurantPOS14\RestaurantPOS14\RPOS_DBDataSet1.vb(29719,32): error BC30451: 'RestaurantPOS_BillingInfoTARowChanged' is not declared. It may be inaccessible due to its protection level. [L:\New Restauraunt Pos\src\RestaurantPOS14\RestaurantPOS14.vbproj]
L:\New Restauraunt Pos\src\RestaurantPOS14\RestaurantPOS14\RPOS_DBDataSet1.vb(28323,20): error BC30456: 'RestaurantPOS_BillingInfoHDRowChangedEvent' is not a member of 'RPOS_DBDataSet1.RestaurantPOS_BillingInfoHDDataTable'. [L:\New Restauraunt Pos\src\RestaurantPOS14\RestaurantPOS14.vbproj]
L:\New Restauraunt Pos\src\RestaurantPOS14\RestaurantPOS14\RPOS_DBDataSet1.vb(28324,32): error BC30451: 'RestaurantPOS_BillingInfoHDRowChanged' is not declared. It may be inaccessible due to its protection level. [L:\New Restauraunt Pos\src\RestaurantPOS14\RestaurantPOS14.vbproj]
L:\New Restauraunt Pos\src\RestaurantPOS14\RestaurantPOS14\RPOS_DBDataSet1.vb(28332,20): error BC30456: 'RestaurantPOS_BillingInfoHDRowChangingEvent' is not a member of 'RPOS_DBDataSet1.RestaurantPOS_BillingInfoHDDataTable'. [L:\New Restauraunt Pos\src\RestaurantPOS14\RestaurantPOS14.vbproj]
L:\New Restauraunt Pos\src\RestaurantPOS14\RestaurantPOS14\RPOS_DBDataSet1.vb(28333,32): error BC30451: 'RestaurantPOS_BillingInfoHDRowChanging' is not declared. It may be inaccessible due to its protection level. [L:\New Restauraunt Pos\src\RestaurantPOS14\RestaurantPOS14.vbproj]
L:\New Restauraunt Pos\src\RestaurantPOS14\RestaurantPOS14\RPOS_DBDataSet1.vb(29727,20): error BC30456: 'RestaurantPOS_BillingInfoTARowChangingEvent' is not a member of 'RPOS_DBDataSet1.RestaurantPOS_BillingInfoTADataTable'. [L:\New Restauraunt Pos\src\RestaurantPOS14\RestaurantPOS14.vbproj]
L:\New Restauraunt Pos\src\RestaurantPOS14\RestaurantPOS14\RPOS_DBDataSet1.vb(29728,32): error BC30451: 'RestaurantPOS_BillingInfoTARowChanging' is not declared. It may be inaccessible due to its protection level. [L:\New Restauraunt Pos\src\RestaurantPOS14\RestaurantPOS14.vbproj]
L:\New Restauraunt Pos\src\RestaurantPOS14\RestaurantPOS14\RPOS_DBDataSet1.vb(28341,20): error BC30456: 'RestaurantPOS_BillingInfoHDRowDeletedEvent' is not a member of 'RPOS_DBDataSet1.RestaurantPOS_BillingInfoHDDataTable'. [L:\New Restauraunt Pos\src\RestaurantPOS14\RestaurantPOS14.vbproj]
L:\New Restauraunt Pos\src\RestaurantPOS14\RestaurantPOS14\RPOS_DBDataSet1.vb(28342,32): error BC30451: 'RestaurantPOS_BillingInfoHDRowDeleted' is not declared. It may be inaccessible due to its protection level. [L:\New Restauraunt Pos\src\RestaurantPOS14\RestaurantPOS14.vbproj]
L:\New Restauraunt Pos\src\RestaurantPOS14\RestaurantPOS14\RPOS_DBDataSet1.vb(29736,20): error BC30456: 'RestaurantPOS_BillingInfoTARowDeletedEvent' is not a member of 'RPOS_DBDataSet1.RestaurantPOS_BillingInfoTADataTable'. [L:\New Restauraunt Pos\src\RestaurantPOS14\RestaurantPOS14.vbproj]
L:\New Restauraunt Pos\src\RestaurantPOS14\RestaurantPOS14\RPOS_DBDataSet1.vb(29737,32): error BC30451: 'RestaurantPOS_BillingInfoTARowDeleted' is not declared. It may be inaccessible due to its protection level. [L:\New Restauraunt Pos\src\RestaurantPOS14\RestaurantPOS14.vbproj]
L:\New Restauraunt Pos\src\RestaurantPOS14\RestaurantPOS14\RPOS_DBDataSet1.vb(33463,20): error BC30456: 'RM_UsedRowChangedEvent' is not a member of 'RPOS_DBDataSet1.RM_UsedDataTable'. [L:\New Restauraunt Pos\src\RestaurantPOS14\RestaurantPOS14.vbproj]
L:\New Restauraunt Pos\src\RestaurantPOS14\RestaurantPOS14\RPOS_DBDataSet1.vb(33464,32): error BC30451: 'RM_UsedRowChanged' is not declared. It may be inaccessible due to its protection level. [L:\New Restauraunt Pos\src\RestaurantPOS14\RestaurantPOS14.vbproj]
L:\New Restauraunt Pos\src\RestaurantPOS14\RestaurantPOS14\RPOS_DBDataSet1.vb(28350,20): error BC30456: 'RestaurantPOS_BillingInfoHDRowDeletingEvent' is not a member of 'RPOS_DBDataSet1.RestaurantPOS_BillingInfoHDDataTable'. [L:\New Restauraunt Pos\src\RestaurantPOS14\RestaurantPOS14.vbproj]
L:\New Restauraunt Pos\src\RestaurantPOS14\RestaurantPOS14\RPOS_DBDataSet1.vb(28351,32): error BC30451: 'RestaurantPOS_BillingInfoHDRowDeleting' is not declared. It may be inaccessible due to its protection level. [L:\New Restauraunt Pos\src\RestaurantPOS14\RestaurantPOS14.vbproj]
L:\New Restauraunt Pos\src\RestaurantPOS14\RestaurantPOS14\RPOS_DBDataSet1.vb(29745,20): error BC30456: 'RestaurantPOS_BillingInfoTARowDeletingEvent' is not a member of 'RPOS_DBDataSet1.RestaurantPOS_BillingInfoTADataTable'. [L:\New Restauraunt Pos\src\RestaurantPOS14\RestaurantPOS14.vbproj]
L:\New Restauraunt Pos\src\RestaurantPOS14\RestaurantPOS14\RPOS_DBDataSet1.vb(29746,32): error BC30451: 'RestaurantPOS_BillingInfoTARowDeleting' is not declared. It may be inaccessible due to its protection level. [L:\New Restauraunt Pos\src\RestaurantPOS14\RestaurantPOS14.vbproj]
L:\New Restauraunt Pos\src\RestaurantPOS14\RestaurantPOS14\RPOS_DBDataSet1.vb(33472,20): error BC30456: 'RM_UsedRowChangingEvent' is not a member of 'RPOS_DBDataSet1.RM_UsedDataTable'. [L:\New Restauraunt Pos\src\RestaurantPOS14\RestaurantPOS14.vbproj]
L:\New Restauraunt Pos\src\RestaurantPOS14\RestaurantPOS14\RPOS_DBDataSet1.vb(33473,32): error BC30451: 'RM_UsedRowChanging' is not declared. It may be inaccessible due to its protection level. [L:\New Restauraunt Pos\src\RestaurantPOS14\RestaurantPOS14.vbproj]
L:\New Restauraunt Pos\src\RestaurantPOS14\RestaurantPOS14\RPOS_DBDataSet1.vb(33481,20): error BC30456: 'RM_UsedRowDeletedEvent' is not a member of 'RPOS_DBDataSet1.RM_UsedDataTable'. [L:\New Restauraunt Pos\src\RestaurantPOS14\RestaurantPOS14.vbproj]
L:\New Restauraunt Pos\src\RestaurantPOS14\RestaurantPOS14\RPOS_DBDataSet1.vb(33482,32): error BC30451: 'RM_UsedRowDeleted' is not declared. It may be inaccessible due to its protection level. [L:\New Restauraunt Pos\src\RestaurantPOS14\RestaurantPOS14.vbproj]
L:\New Restauraunt Pos\src\RestaurantPOS14\RestaurantPOS14\RPOS_DBDataSet1.vb(33490,20): error BC30456: 'RM_UsedRowDeletingEvent' is not a member of 'RPOS_DBDataSet1.RM_UsedDataTable'. [L:\New Restauraunt Pos\src\RestaurantPOS14\RestaurantPOS14.vbproj]
L:\New Restauraunt Pos\src\RestaurantPOS14\RestaurantPOS14\RPOS_DBDataSet1.vb(33491,32): error BC30451: 'RM_UsedRowDeleting' is not declared. It may be inaccessible due to its protection level. [L:\New Restauraunt Pos\src\RestaurantPOS14\RestaurantPOS14.vbproj]
L:\New Restauraunt Pos\src\RestaurantPOS14\RestaurantPOS14\RPOS_DBDataSet1.vb(31449,20): error BC30456: 'RestaurantPOS_OrderedProductBillKOTRowChangedEvent' is not a member of 'RPOS_DBDataSet1.RestaurantPOS_OrderedProductBillKOTDataTable'. [L:\New Restauraunt Pos\src\RestaurantPOS14\RestaurantPOS14.vbproj]
L:\New Restauraunt Pos\src\RestaurantPOS14\RestaurantPOS14\RPOS_DBDataSet1.vb(31450,32): error BC30451: 'RestaurantPOS_OrderedProductBillKOTRowChanged' is not declared. It may be inaccessible due to its protection level. [L:\New Restauraunt Pos\src\RestaurantPOS14\RestaurantPOS14.vbproj]
L:\New Restauraunt Pos\src\RestaurantPOS14\RestaurantPOS14\RPOS_DBDataSet1.vb(31458,20): error BC30456: 'RestaurantPOS_OrderedProductBillKOTRowChangingEvent' is not a member of 'RPOS_DBDataSet1.RestaurantPOS_OrderedProductBillKOTDataTable'. [L:\New Restauraunt Pos\src\RestaurantPOS14\RestaurantPOS14.vbproj]
L:\New Restauraunt Pos\src\RestaurantPOS14\RestaurantPOS14\RPOS_DBDataSet1.vb(31459,32): error BC30451: 'RestaurantPOS_OrderedProductBillKOTRowChanging' is not declared. It may be inaccessible due to its protection level. [L:\New Restauraunt Pos\src\RestaurantPOS14\RestaurantPOS14.vbproj]
L:\New Restauraunt Pos\src\RestaurantPOS14\RestaurantPOS14\RPOS_DBDataSet1.vb(31467,20): error BC30456: 'RestaurantPOS_OrderedProductBillKOTRowDeletedEvent' is not a member of 'RPOS_DBDataSet1.RestaurantPOS_OrderedProductBillKOTDataTable'. [L:\New Restauraunt Pos\src\RestaurantPOS14\RestaurantPOS14.vbproj]
L:\New Restauraunt Pos\src\RestaurantPOS14\RestaurantPOS14\RPOS_DBDataSet1.vb(31468,32): error BC30451: 'RestaurantPOS_OrderedProductBillKOTRowDeleted' is not declared. It may be inaccessible due to its protection level. [L:\New Restauraunt Pos\src\RestaurantPOS14\RestaurantPOS14.vbproj]
L:\New Restauraunt Pos\src\RestaurantPOS14\RestaurantPOS14\RPOS_DBDataSet1.vb(31476,20): error BC30456: 'RestaurantPOS_OrderedProductBillKOTRowDeletingEvent' is not a member of 'RPOS_DBDataSet1.RestaurantPOS_OrderedProductBillKOTDataTable'. [L:\New Restauraunt Pos\src\RestaurantPOS14\RestaurantPOS14.vbproj]
L:\New Restauraunt Pos\src\RestaurantPOS14\RestaurantPOS14\RPOS_DBDataSet1.vb(31477,32): error BC30451: 'RestaurantPOS_OrderedProductBillKOTRowDeleting' is not declared. It may be inaccessible due to its protection level. [L:\New Restauraunt Pos\src\RestaurantPOS14\RestaurantPOS14.vbproj]
L:\New Restauraunt Pos\src\RestaurantPOS14\RestaurantPOS14\RPOS_DBDataSet1.vb(33112,20): error BC30456: 'RestaurantPOS_OrderInfoKOTRowChangedEvent' is not a member of 'RPOS_DBDataSet1.RestaurantPOS_OrderInfoKOTDataTable'. [L:\New Restauraunt Pos\src\RestaurantPOS14\RestaurantPOS14.vbproj]
L:\New Restauraunt Pos\src\RestaurantPOS14\RestaurantPOS14\RPOS_DBDataSet1.vb(33113,32): error BC30451: 'RestaurantPOS_OrderInfoKOTRowChanged' is not declared. It may be inaccessible due to its protection level. [L:\New Restauraunt Pos\src\RestaurantPOS14\RestaurantPOS14.vbproj]
L:\New Restauraunt Pos\src\RestaurantPOS14\RestaurantPOS14\RPOS_DBDataSet1.vb(33121,20): error BC30456: 'RestaurantPOS_OrderInfoKOTRowChangingEvent' is not a member of 'RPOS_DBDataSet1.RestaurantPOS_OrderInfoKOTDataTable'. [L:\New Restauraunt Pos\src\RestaurantPOS14\RestaurantPOS14.vbproj]
L:\New Restauraunt Pos\src\RestaurantPOS14\RestaurantPOS14\RPOS_DBDataSet1.vb(33122,32): error BC30451: 'RestaurantPOS_OrderInfoKOTRowChanging' is not declared. It may be inaccessible due to its protection level. [L:\New Restauraunt Pos\src\RestaurantPOS14\RestaurantPOS14.vbproj]
L:\New Restauraunt Pos\src\RestaurantPOS14\RestaurantPOS14\RPOS_DBDataSet1.vb(33130,20): error BC30456: 'RestaurantPOS_OrderInfoKOTRowDeletedEvent' is not a member of 'RPOS_DBDataSet1.RestaurantPOS_OrderInfoKOTDataTable'. [L:\New Restauraunt Pos\src\RestaurantPOS14\RestaurantPOS14.vbproj]
L:\New Restauraunt Pos\src\RestaurantPOS14\RestaurantPOS14\RPOS_DBDataSet1.vb(33131,32): error BC30451: 'RestaurantPOS_OrderInfoKOTRowDeleted' is not declared. It may be inaccessible due to its protection level. [L:\New Restauraunt Pos\src\RestaurantPOS14\RestaurantPOS14.vbproj]
L:\New Restauraunt Pos\src\RestaurantPOS14\RestaurantPOS14\RPOS_DBDataSet1.vb(33139,20): error BC30456: 'RestaurantPOS_OrderInfoKOTRowDeletingEvent' is not a member of 'RPOS_DBDataSet1.RestaurantPOS_OrderInfoKOTDataTable'. [L:\New Restauraunt Pos\src\RestaurantPOS14\RestaurantPOS14.vbproj]
L:\New Restauraunt Pos\src\RestaurantPOS14\RestaurantPOS14\RPOS_DBDataSet1.vb(33140,32): error BC30451: 'RestaurantPOS_OrderInfoKOTRowDeleting' is not declared. It may be inaccessible due to its protection level. [L:\New Restauraunt Pos\src\RestaurantPOS14\RestaurantPOS14.vbproj]
L:\New Restauraunt Pos\src\RestaurantPOS14\RestaurantPOS14\RPOS_DBDataSet1.vb(32621,20): error BC30456: 'RestaurantPOS_OrderedProductKOTRowChangedEvent' is not a member of 'RPOS_DBDataSet1.RestaurantPOS_OrderedProductKOTDataTable'. [L:\New Restauraunt Pos\src\RestaurantPOS14\RestaurantPOS14.vbproj]
L:\New Restauraunt Pos\src\RestaurantPOS14\RestaurantPOS14\RPOS_DBDataSet1.vb(32622,32): error BC30451: 'RestaurantPOS_OrderedProductKOTRowChanged' is not declared. It may be inaccessible due to its protection level. [L:\New Restauraunt Pos\src\RestaurantPOS14\RestaurantPOS14.vbproj]
L:\New Restauraunt Pos\src\RestaurantPOS14\RestaurantPOS14\RPOS_DBDataSet1.vb(32630,20): error BC30456: 'RestaurantPOS_OrderedProductKOTRowChangingEvent' is not a member of 'RPOS_DBDataSet1.RestaurantPOS_OrderedProductKOTDataTable'. [L:\New Restauraunt Pos\src\RestaurantPOS14\RestaurantPOS14.vbproj]
L:\New Restauraunt Pos\src\RestaurantPOS14\RestaurantPOS14\RPOS_DBDataSet1.vb(32631,32): error BC30451: 'RestaurantPOS_OrderedProductKOTRowChanging' is not declared. It may be inaccessible due to its protection level. [L:\New Restauraunt Pos\src\RestaurantPOS14\RestaurantPOS14.vbproj]
L:\New Restauraunt Pos\src\RestaurantPOS14\RestaurantPOS14\RPOS_DBDataSet1.vb(32639,20): error BC30456: 'RestaurantPOS_OrderedProductKOTRowDeletedEvent' is not a member of 'RPOS_DBDataSet1.RestaurantPOS_OrderedProductKOTDataTable'. [L:\New Restauraunt Pos\src\RestaurantPOS14\RestaurantPOS14.vbproj]
L:\New Restauraunt Pos\src\RestaurantPOS14\RestaurantPOS14\RPOS_DBDataSet1.vb(32640,32): error BC30451: 'RestaurantPOS_OrderedProductKOTRowDeleted' is not declared. It may be inaccessible due to its protection level. [L:\New Restauraunt Pos\src\RestaurantPOS14\RestaurantPOS14.vbproj]
L:\New Restauraunt Pos\src\RestaurantPOS14\RestaurantPOS14\RPOS_DBDataSet1.vb(32648,20): error BC30456: 'RestaurantPOS_OrderedProductKOTRowDeletingEvent' is not a member of 'RPOS_DBDataSet1.RestaurantPOS_OrderedProductKOTDataTable'. [L:\New Restauraunt Pos\src\RestaurantPOS14\RestaurantPOS14.vbproj]
L:\New Restauraunt Pos\src\RestaurantPOS14\RestaurantPOS14\RPOS_DBDataSet1.vb(32649,32): error BC30451: 'RestaurantPOS_OrderedProductKOTRowDeleting' is not declared. It may be inaccessible due to its protection level. [L:\New Restauraunt Pos\src\RestaurantPOS14\RestaurantPOS14.vbproj]
L:\New Restauraunt Pos\src\RestaurantPOS14\RestaurantPOS14\RPOS_DBDataSet1.vb(32036,20): error BC30456: 'RestaurantPOS_OrderedProductBillTARowChangedEvent' is not a member of 'RPOS_DBDataSet1.RestaurantPOS_OrderedProductBillTADataTable'. [L:\New Restauraunt Pos\src\RestaurantPOS14\RestaurantPOS14.vbproj]
L:\New Restauraunt Pos\src\RestaurantPOS14\RestaurantPOS14\RPOS_DBDataSet1.vb(32037,32): error BC30451: 'RestaurantPOS_OrderedProductBillTARowChanged' is not declared. It may be inaccessible due to its protection level. [L:\New Restauraunt Pos\src\RestaurantPOS14\RestaurantPOS14.vbproj]
L:\New Restauraunt Pos\src\RestaurantPOS14\RestaurantPOS14\RPOS_DBDataSet1.vb(32045,20): error BC30456: 'RestaurantPOS_OrderedProductBillTARowChangingEvent' is not a member of 'RPOS_DBDataSet1.RestaurantPOS_OrderedProductBillTADataTable'. [L:\New Restauraunt Pos\src\RestaurantPOS14\RestaurantPOS14.vbproj]
L:\New Restauraunt Pos\src\RestaurantPOS14\RestaurantPOS14\RPOS_DBDataSet1.vb(32046,32): error BC30451: 'RestaurantPOS_OrderedProductBillTARowChanging' is not declared. It may be inaccessible due to its protection level. [L:\New Restauraunt Pos\src\RestaurantPOS14\RestaurantPOS14.vbproj]
L:\New Restauraunt Pos\src\RestaurantPOS14\RestaurantPOS14\RPOS_DBDataSet1.vb(32054,20): error BC30456: 'RestaurantPOS_OrderedProductBillTARowDeletedEvent' is not a member of 'RPOS_DBDataSet1.RestaurantPOS_OrderedProductBillTADataTable'. [L:\New Restauraunt Pos\src\RestaurantPOS14\RestaurantPOS14.vbproj]
L:\New Restauraunt Pos\src\RestaurantPOS14\RestaurantPOS14\RPOS_DBDataSet1.vb(32055,32): error BC30451: 'RestaurantPOS_OrderedProductBillTARowDeleted' is not declared. It may be inaccessible due to its protection level. [L:\New Restauraunt Pos\src\RestaurantPOS14\RestaurantPOS14.vbproj]
L:\New Restauraunt Pos\src\RestaurantPOS14\RestaurantPOS14\RPOS_DBDataSet1.vb(32063,20): error BC30456: 'RestaurantPOS_OrderedProductBillTARowDeletingEvent' is not a member of 'RPOS_DBDataSet1.RestaurantPOS_OrderedProductBillTADataTable'. [L:\New Restauraunt Pos\src\RestaurantPOS14\RestaurantPOS14.vbproj]
L:\New Restauraunt Pos\src\RestaurantPOS14\RestaurantPOS14\RPOS_DBDataSet1.vb(32064,32): error BC30451: 'RestaurantPOS_OrderedProductBillTARowDeleting' is not declared. It may be inaccessible due to its protection level. [L:\New Restauraunt Pos\src\RestaurantPOS14\RestaurantPOS14.vbproj]
L:\New Restauraunt Pos\src\RestaurantPOS14\RestaurantPOS14\RPOS_DBDataSet1.vb(33841,20): error BC30456: 'RM_Used_JoinRowChangedEvent' is not a member of 'RPOS_DBDataSet1.RM_Used_JoinDataTable'. [L:\New Restauraunt Pos\src\RestaurantPOS14\RestaurantPOS14.vbproj]
L:\New Restauraunt Pos\src\RestaurantPOS14\RestaurantPOS14\RPOS_DBDataSet1.vb(33842,32): error BC30451: 'RM_Used_JoinRowChanged' is not declared. It may be inaccessible due to its protection level. [L:\New Restauraunt Pos\src\RestaurantPOS14\RestaurantPOS14.vbproj]
L:\New Restauraunt Pos\src\RestaurantPOS14\RestaurantPOS14\RPOS_DBDataSet1.vb(34166,20): error BC30456: 'RMCategoryRowChangedEvent' is not a member of 'RPOS_DBDataSet1.RMCategoryDataTable'. [L:\New Restauraunt Pos\src\RestaurantPOS14\RestaurantPOS14.vbproj]
L:\New Restauraunt Pos\src\RestaurantPOS14\RestaurantPOS14\RPOS_DBDataSet1.vb(34167,32): error BC30451: 'RMCategoryRowChanged' is not declared. It may be inaccessible due to its protection level. [L:\New Restauraunt Pos\src\RestaurantPOS14\RestaurantPOS14.vbproj]
L:\New Restauraunt Pos\src\RestaurantPOS14\RestaurantPOS14\RPOS_DBDataSet1.vb(33850,20): error BC30456: 'RM_Used_JoinRowChangingEvent' is not a member of 'RPOS_DBDataSet1.RM_Used_JoinDataTable'. [L:\New Restauraunt Pos\src\RestaurantPOS14\RestaurantPOS14.vbproj]
L:\New Restauraunt Pos\src\RestaurantPOS14\RestaurantPOS14\RPOS_DBDataSet1.vb(33851,32): error BC30451: 'RM_Used_JoinRowChanging' is not declared. It may be inaccessible due to its protection level. [L:\New Restauraunt Pos\src\RestaurantPOS14\RestaurantPOS14.vbproj]
L:\New Restauraunt Pos\src\RestaurantPOS14\RestaurantPOS14\RPOS_DBDataSet1.vb(34175,20): error BC30456: 'RMCategoryRowChangingEvent' is not a member of 'RPOS_DBDataSet1.RMCategoryDataTable'. [L:\New Restauraunt Pos\src\RestaurantPOS14\RestaurantPOS14.vbproj]
L:\New Restauraunt Pos\src\RestaurantPOS14\RestaurantPOS14\RPOS_DBDataSet1.vb(34176,32): error BC30451: 'RMCategoryRowChanging' is not declared. It may be inaccessible due to its protection level. [L:\New Restauraunt Pos\src\RestaurantPOS14\RestaurantPOS14.vbproj]
L:\New Restauraunt Pos\src\RestaurantPOS14\RestaurantPOS14\RPOS_DBDataSet1.vb(33859,20): error BC30456: 'RM_Used_JoinRowDeletedEvent' is not a member of 'RPOS_DBDataSet1.RM_Used_JoinDataTable'. [L:\New Restauraunt Pos\src\RestaurantPOS14\RestaurantPOS14.vbproj]
L:\New Restauraunt Pos\src\RestaurantPOS14\RestaurantPOS14\RPOS_DBDataSet1.vb(33860,32): error BC30451: 'RM_Used_JoinRowDeleted' is not declared. It may be inaccessible due to its protection level. [L:\New Restauraunt Pos\src\RestaurantPOS14\RestaurantPOS14.vbproj]
L:\New Restauraunt Pos\src\RestaurantPOS14\RestaurantPOS14\RPOS_DBDataSet1.vb(34184,20): error BC30456: 'RMCategoryRowDeletedEvent' is not a member of 'RPOS_DBDataSet1.RMCategoryDataTable'. [L:\New Restauraunt Pos\src\RestaurantPOS14\RestaurantPOS14.vbproj]
L:\New Restauraunt Pos\src\RestaurantPOS14\RestaurantPOS14\RPOS_DBDataSet1.vb(34185,32): error BC30451: 'RMCategoryRowDeleted' is not declared. It may be inaccessible due to its protection level. [L:\New Restauraunt Pos\src\RestaurantPOS14\RestaurantPOS14.vbproj]
L:\New Restauraunt Pos\src\RestaurantPOS14\RestaurantPOS14\RPOS_DBDataSet1.vb(33868,20): error BC30456: 'RM_Used_JoinRowDeletingEvent' is not a member of 'RPOS_DBDataSet1.RM_Used_JoinDataTable'. [L:\New Restauraunt Pos\src\RestaurantPOS14\RestaurantPOS14.vbproj]
L:\New Restauraunt Pos\src\RestaurantPOS14\RestaurantPOS14\RPOS_DBDataSet1.vb(33869,32): error BC30451: 'RM_Used_JoinRowDeleting' is not declared. It may be inaccessible due to its protection level. [L:\New Restauraunt Pos\src\RestaurantPOS14\RestaurantPOS14.vbproj]
L:\New Restauraunt Pos\src\RestaurantPOS14\RestaurantPOS14\RPOS_DBDataSet1.vb(34193,20): error BC30456: 'RMCategoryRowDeletingEvent' is not a member of 'RPOS_DBDataSet1.RMCategoryDataTable'. [L:\New Restauraunt Pos\src\RestaurantPOS14\RestaurantPOS14.vbproj]
L:\New Restauraunt Pos\src\RestaurantPOS14\RestaurantPOS14\RPOS_DBDataSet1.vb(34194,32): error BC30451: 'RMCategoryRowDeleting' is not declared. It may be inaccessible due to its protection level. [L:\New Restauraunt Pos\src\RestaurantPOS14\RestaurantPOS14.vbproj]
L:\New Restauraunt Pos\src\RestaurantPOS14\RestaurantPOS14\RPOS_DBDataSet1.vb(34898,20): error BC30456: 'Stock_StoreRowChangedEvent' is not a member of 'RPOS_DBDataSet1.Stock_StoreDataTable'. [L:\New Restauraunt Pos\src\RestaurantPOS14\RestaurantPOS14.vbproj]
L:\New Restauraunt Pos\src\RestaurantPOS14\RestaurantPOS14\RPOS_DBDataSet1.vb(34899,32): error BC30451: 'Stock_StoreRowChanged' is not declared. It may be inaccessible due to its protection level. [L:\New Restauraunt Pos\src\RestaurantPOS14\RestaurantPOS14.vbproj]
L:\New Restauraunt Pos\src\RestaurantPOS14\RestaurantPOS14\RPOS_DBDataSet1.vb(34907,20): error BC30456: 'Stock_StoreRowChangingEvent' is not a member of 'RPOS_DBDataSet1.Stock_StoreDataTable'. [L:\New Restauraunt Pos\src\RestaurantPOS14\RestaurantPOS14.vbproj]
L:\New Restauraunt Pos\src\RestaurantPOS14\RestaurantPOS14\RPOS_DBDataSet1.vb(34908,32): error BC30451: 'Stock_StoreRowChanging' is not declared. It may be inaccessible due to its protection level. [L:\New Restauraunt Pos\src\RestaurantPOS14\RestaurantPOS14.vbproj]
L:\New Restauraunt Pos\src\RestaurantPOS14\RestaurantPOS14\RPOS_DBDataSet1.vb(34916,20): error BC30456: 'Stock_StoreRowDeletedEvent' is not a member of 'RPOS_DBDataSet1.Stock_StoreDataTable'. [L:\New Restauraunt Pos\src\RestaurantPOS14\RestaurantPOS14.vbproj]
L:\New Restauraunt Pos\src\RestaurantPOS14\RestaurantPOS14\RPOS_DBDataSet1.vb(34917,32): error BC30451: 'Stock_StoreRowDeleted' is not declared. It may be inaccessible due to its protection level. [L:\New Restauraunt Pos\src\RestaurantPOS14\RestaurantPOS14.vbproj]
L:\New Restauraunt Pos\src\RestaurantPOS14\RestaurantPOS14\RPOS_DBDataSet1.vb(35280,20): error BC30456: 'Stock_Store_JoinRowChangedEvent' is not a member of 'RPOS_DBDataSet1.Stock_Store_JoinDataTable'. [L:\New Restauraunt Pos\src\RestaurantPOS14\RestaurantPOS14.vbproj]
L:\New Restauraunt Pos\src\RestaurantPOS14\RestaurantPOS14\RPOS_DBDataSet1.vb(35281,32): error BC30451: 'Stock_Store_JoinRowChanged' is not declared. It may be inaccessible due to its protection level. [L:\New Restauraunt Pos\src\RestaurantPOS14\RestaurantPOS14.vbproj]
L:\New Restauraunt Pos\src\RestaurantPOS14\RestaurantPOS14\RPOS_DBDataSet1.vb(34925,20): error BC30456: 'Stock_StoreRowDeletingEvent' is not a member of 'RPOS_DBDataSet1.Stock_StoreDataTable'. [L:\New Restauraunt Pos\src\RestaurantPOS14\RestaurantPOS14.vbproj]
L:\New Restauraunt Pos\src\RestaurantPOS14\RestaurantPOS14\RPOS_DBDataSet1.vb(34926,32): error BC30451: 'Stock_StoreRowDeleting' is not declared. It may be inaccessible due to its protection level. [L:\New Restauraunt Pos\src\RestaurantPOS14\RestaurantPOS14.vbproj]
L:\New Restauraunt Pos\src\RestaurantPOS14\RestaurantPOS14\RPOS_DBDataSet1.vb(35289,20): error BC30456: 'Stock_Store_JoinRowChangingEvent' is not a member of 'RPOS_DBDataSet1.Stock_Store_JoinDataTable'. [L:\New Restauraunt Pos\src\RestaurantPOS14\RestaurantPOS14.vbproj]
L:\New Restauraunt Pos\src\RestaurantPOS14\RestaurantPOS14\RPOS_DBDataSet1.vb(35290,32): error BC30451: 'Stock_Store_JoinRowChanging' is not declared. It may be inaccessible due to its protection level. [L:\New Restauraunt Pos\src\RestaurantPOS14\RestaurantPOS14.vbproj]
L:\New Restauraunt Pos\src\RestaurantPOS14\RestaurantPOS14\RPOS_DBDataSet1.vb(35298,20): error BC30456: 'Stock_Store_JoinRowDeletedEvent' is not a member of 'RPOS_DBDataSet1.Stock_Store_JoinDataTable'. [L:\New Restauraunt Pos\src\RestaurantPOS14\RestaurantPOS14.vbproj]
L:\New Restauraunt Pos\src\RestaurantPOS14\RestaurantPOS14\RPOS_DBDataSet1.vb(35299,32): error BC30451: 'Stock_Store_JoinRowDeleted' is not declared. It may be inaccessible due to its protection level. [L:\New Restauraunt Pos\src\RestaurantPOS14\RestaurantPOS14.vbproj]
L:\New Restauraunt Pos\src\RestaurantPOS14\RestaurantPOS14\RPOS_DBDataSet1.vb(35307,20): error BC30456: 'Stock_Store_JoinRowDeletingEvent' is not a member of 'RPOS_DBDataSet1.Stock_Store_JoinDataTable'. [L:\New Restauraunt Pos\src\RestaurantPOS14\RestaurantPOS14.vbproj]
L:\New Restauraunt Pos\src\RestaurantPOS14\RestaurantPOS14\RPOS_DBDataSet1.vb(35308,32): error BC30451: 'Stock_Store_JoinRowDeleting' is not declared. It may be inaccessible due to its protection level. [L:\New Restauraunt Pos\src\RestaurantPOS14\RestaurantPOS14.vbproj]
L:\New Restauraunt Pos\src\RestaurantPOS14\RestaurantPOS14\RPOS_DBDataSet1.vb(34542,20): error BC30456: 'SMSSettingRowChangedEvent' is not a member of 'RPOS_DBDataSet1.SMSSettingDataTable'. [L:\New Restauraunt Pos\src\RestaurantPOS14\RestaurantPOS14.vbproj]
L:\New Restauraunt Pos\src\RestaurantPOS14\RestaurantPOS14\RPOS_DBDataSet1.vb(34543,32): error BC30451: 'SMSSettingRowChanged' is not declared. It may be inaccessible due to its protection level. [L:\New Restauraunt Pos\src\RestaurantPOS14\RestaurantPOS14.vbproj]
L:\New Restauraunt Pos\src\RestaurantPOS14\RestaurantPOS14\RPOS_DBDataSet1.vb(34551,20): error BC30456: 'SMSSettingRowChangingEvent' is not a member of 'RPOS_DBDataSet1.SMSSettingDataTable'. [L:\New Restauraunt Pos\src\RestaurantPOS14\RestaurantPOS14.vbproj]
L:\New Restauraunt Pos\src\RestaurantPOS14\RestaurantPOS14\RPOS_DBDataSet1.vb(34552,32): error BC30451: 'SMSSettingRowChanging' is not declared. It may be inaccessible due to its protection level. [L:\New Restauraunt Pos\src\RestaurantPOS14\RestaurantPOS14.vbproj]
L:\New Restauraunt Pos\src\RestaurantPOS14\RestaurantPOS14\RPOS_DBDataSet1.vb(34560,20): error BC30456: 'SMSSettingRowDeletedEvent' is not a member of 'RPOS_DBDataSet1.SMSSettingDataTable'. [L:\New Restauraunt Pos\src\RestaurantPOS14\RestaurantPOS14.vbproj]
L:\New Restauraunt Pos\src\RestaurantPOS14\RestaurantPOS14\RPOS_DBDataSet1.vb(34561,32): error BC30451: 'SMSSettingRowDeleted' is not declared. It may be inaccessible due to its protection level. [L:\New Restauraunt Pos\src\RestaurantPOS14\RestaurantPOS14.vbproj]
L:\New Restauraunt Pos\src\RestaurantPOS14\RestaurantPOS14\RPOS_DBDataSet1.vb(34569,20): error BC30456: 'SMSSettingRowDeletingEvent' is not a member of 'RPOS_DBDataSet1.SMSSettingDataTable'. [L:\New Restauraunt Pos\src\RestaurantPOS14\RestaurantPOS14.vbproj]
L:\New Restauraunt Pos\src\RestaurantPOS14\RestaurantPOS14\RPOS_DBDataSet1.vb(34570,32): error BC30451: 'SMSSettingRowDeleting' is not declared. It may be inaccessible due to its protection level. [L:\New Restauraunt Pos\src\RestaurantPOS14\RestaurantPOS14.vbproj]
L:\New Restauraunt Pos\src\RestaurantPOS14\RestaurantPOS14\RPOS_DBDataSet1.vb(36080,20): error BC30456: 'StockAdjustment_StoreRowChangedEvent' is not a member of 'RPOS_DBDataSet1.StockAdjustment_StoreDataTable'. [L:\New Restauraunt Pos\src\RestaurantPOS14\RestaurantPOS14.vbproj]
L:\New Restauraunt Pos\src\RestaurantPOS14\RestaurantPOS14\RPOS_DBDataSet1.vb(36081,32): error BC30451: 'StockAdjustment_StoreRowChanged' is not declared. It may be inaccessible due to its protection level. [L:\New Restauraunt Pos\src\RestaurantPOS14\RestaurantPOS14.vbproj]
L:\New Restauraunt Pos\src\RestaurantPOS14\RestaurantPOS14\RPOS_DBDataSet1.vb(35679,20): error BC30456: 'StockAdjustment_MIRowChangedEvent' is not a member of 'RPOS_DBDataSet1.StockAdjustment_MIDataTable'. [L:\New Restauraunt Pos\src\RestaurantPOS14\RestaurantPOS14.vbproj]
L:\New Restauraunt Pos\src\RestaurantPOS14\RestaurantPOS14\RPOS_DBDataSet1.vb(35680,32): error BC30451: 'StockAdjustment_MIRowChanged' is not declared. It may be inaccessible due to its protection level. [L:\New Restauraunt Pos\src\RestaurantPOS14\RestaurantPOS14.vbproj]
L:\New Restauraunt Pos\src\RestaurantPOS14\RestaurantPOS14\RPOS_DBDataSet1.vb(36089,20): error BC30456: 'StockAdjustment_StoreRowChangingEvent' is not a member of 'RPOS_DBDataSet1.StockAdjustment_StoreDataTable'. [L:\New Restauraunt Pos\src\RestaurantPOS14\RestaurantPOS14.vbproj]
L:\New Restauraunt Pos\src\RestaurantPOS14\RestaurantPOS14\RPOS_DBDataSet1.vb(36090,32): error BC30451: 'StockAdjustment_StoreRowChanging' is not declared. It may be inaccessible due to its protection level. [L:\New Restauraunt Pos\src\RestaurantPOS14\RestaurantPOS14.vbproj]
L:\New Restauraunt Pos\src\RestaurantPOS14\RestaurantPOS14\RPOS_DBDataSet1.vb(35688,20): error BC30456: 'StockAdjustment_MIRowChangingEvent' is not a member of 'RPOS_DBDataSet1.StockAdjustment_MIDataTable'. [L:\New Restauraunt Pos\src\RestaurantPOS14\RestaurantPOS14.vbproj]
L:\New Restauraunt Pos\src\RestaurantPOS14\RestaurantPOS14\RPOS_DBDataSet1.vb(35689,32): error BC30451: 'StockAdjustment_MIRowChanging' is not declared. It may be inaccessible due to its protection level. [L:\New Restauraunt Pos\src\RestaurantPOS14\RestaurantPOS14.vbproj]
L:\New Restauraunt Pos\src\RestaurantPOS14\RestaurantPOS14\RPOS_DBDataSet1.vb(36098,20): error BC30456: 'StockAdjustment_StoreRowDeletedEvent' is not a member of 'RPOS_DBDataSet1.StockAdjustment_StoreDataTable'. [L:\New Restauraunt Pos\src\RestaurantPOS14\RestaurantPOS14.vbproj]
L:\New Restauraunt Pos\src\RestaurantPOS14\RestaurantPOS14\RPOS_DBDataSet1.vb(36099,32): error BC30451: 'StockAdjustment_StoreRowDeleted' is not declared. It may be inaccessible due to its protection level. [L:\New Restauraunt Pos\src\RestaurantPOS14\RestaurantPOS14.vbproj]
L:\New Restauraunt Pos\src\RestaurantPOS14\RestaurantPOS14\RPOS_DBDataSet1.vb(35697,20): error BC30456: 'StockAdjustment_MIRowDeletedEvent' is not a member of 'RPOS_DBDataSet1.StockAdjustment_MIDataTable'. [L:\New Restauraunt Pos\src\RestaurantPOS14\RestaurantPOS14.vbproj]
L:\New Restauraunt Pos\src\RestaurantPOS14\RestaurantPOS14\RPOS_DBDataSet1.vb(35698,32): error BC30451: 'StockAdjustment_MIRowDeleted' is not declared. It may be inaccessible due to its protection level. [L:\New Restauraunt Pos\src\RestaurantPOS14\RestaurantPOS14.vbproj]
L:\New Restauraunt Pos\src\RestaurantPOS14\RestaurantPOS14\RPOS_DBDataSet1.vb(36107,20): error BC30456: 'StockAdjustment_StoreRowDeletingEvent' is not a member of 'RPOS_DBDataSet1.StockAdjustment_StoreDataTable'. [L:\New Restauraunt Pos\src\RestaurantPOS14\RestaurantPOS14.vbproj]
L:\New Restauraunt Pos\src\RestaurantPOS14\RestaurantPOS14\RPOS_DBDataSet1.vb(36108,32): error BC30451: 'StockAdjustment_StoreRowDeleting' is not declared. It may be inaccessible due to its protection level. [L:\New Restauraunt Pos\src\RestaurantPOS14\RestaurantPOS14.vbproj]
L:\New Restauraunt Pos\src\RestaurantPOS14\RestaurantPOS14\RPOS_DBDataSet1.vb(35706,20): error BC30456: 'StockAdjustment_MIRowDeletingEvent' is not a member of 'RPOS_DBDataSet1.StockAdjustment_MIDataTable'. [L:\New Restauraunt Pos\src\RestaurantPOS14\RestaurantPOS14.vbproj]
L:\New Restauraunt Pos\src\RestaurantPOS14\RestaurantPOS14\RPOS_DBDataSet1.vb(35707,32): error BC30451: 'StockAdjustment_MIRowDeleting' is not declared. It may be inaccessible due to its protection level. [L:\New Restauraunt Pos\src\RestaurantPOS14\RestaurantPOS14.vbproj]
L:\New Restauraunt Pos\src\RestaurantPOS14\RestaurantPOS14\RPOS_DBDataSet1.vb(36859,20): error BC30456: 'StockTransferRowChangedEvent' is not a member of 'RPOS_DBDataSet1.StockTransferDataTable'. [L:\New Restauraunt Pos\src\RestaurantPOS14\RestaurantPOS14.vbproj]
L:\New Restauraunt Pos\src\RestaurantPOS14\RestaurantPOS14\RPOS_DBDataSet1.vb(36860,32): error BC30451: 'StockTransferRowChanged' is not declared. It may be inaccessible due to its protection level. [L:\New Restauraunt Pos\src\RestaurantPOS14\RestaurantPOS14.vbproj]
L:\New Restauraunt Pos\src\RestaurantPOS14\RestaurantPOS14\RPOS_DBDataSet1.vb(36868,20): error BC30456: 'StockTransferRowChangingEvent' is not a member of 'RPOS_DBDataSet1.StockTransferDataTable'. [L:\New Restauraunt Pos\src\RestaurantPOS14\RestaurantPOS14.vbproj]
L:\New Restauraunt Pos\src\RestaurantPOS14\RestaurantPOS14\RPOS_DBDataSet1.vb(36869,32): error BC30451: 'StockTransferRowChanging' is not declared. It may be inaccessible due to its protection level. [L:\New Restauraunt Pos\src\RestaurantPOS14\RestaurantPOS14.vbproj]
L:\New Restauraunt Pos\src\RestaurantPOS14\RestaurantPOS14\RPOS_DBDataSet1.vb(36877,20): error BC30456: 'StockTransferRowDeletedEvent' is not a member of 'RPOS_DBDataSet1.StockTransferDataTable'. [L:\New Restauraunt Pos\src\RestaurantPOS14\RestaurantPOS14.vbproj]
L:\New Restauraunt Pos\src\RestaurantPOS14\RestaurantPOS14\RPOS_DBDataSet1.vb(36878,32): error BC30451: 'StockTransferRowDeleted' is not declared. It may be inaccessible due to its protection level. [L:\New Restauraunt Pos\src\RestaurantPOS14\RestaurantPOS14.vbproj]
L:\New Restauraunt Pos\src\RestaurantPOS14\RestaurantPOS14\RPOS_DBDataSet1.vb(36886,20): error BC30456: 'StockTransferRowDeletingEvent' is not a member of 'RPOS_DBDataSet1.StockTransferDataTable'. [L:\New Restauraunt Pos\src\RestaurantPOS14\RestaurantPOS14.vbproj]
L:\New Restauraunt Pos\src\RestaurantPOS14\RestaurantPOS14\RPOS_DBDataSet1.vb(36887,32): error BC30451: 'StockTransferRowDeleting' is not declared. It may be inaccessible due to its protection level. [L:\New Restauraunt Pos\src\RestaurantPOS14\RestaurantPOS14.vbproj]
L:\New Restauraunt Pos\src\RestaurantPOS14\RestaurantPOS14\RPOS_DBDataSet1.vb(36496,20): error BC30456: 'StockAdjustment_WarehouseRowChangedEvent' is not a member of 'RPOS_DBDataSet1.StockAdjustment_WarehouseDataTable'. [L:\New Restauraunt Pos\src\RestaurantPOS14\RestaurantPOS14.vbproj]
L:\New Restauraunt Pos\src\RestaurantPOS14\RestaurantPOS14\RPOS_DBDataSet1.vb(36497,32): error BC30451: 'StockAdjustment_WarehouseRowChanged' is not declared. It may be inaccessible due to its protection level. [L:\New Restauraunt Pos\src\RestaurantPOS14\RestaurantPOS14.vbproj]
L:\New Restauraunt Pos\src\RestaurantPOS14\RestaurantPOS14\RPOS_DBDataSet1.vb(36505,20): error BC30456: 'StockAdjustment_WarehouseRowChangingEvent' is not a member of 'RPOS_DBDataSet1.StockAdjustment_WarehouseDataTable'. [L:\New Restauraunt Pos\src\RestaurantPOS14\RestaurantPOS14.vbproj]
L:\New Restauraunt Pos\src\RestaurantPOS14\RestaurantPOS14\RPOS_DBDataSet1.vb(36506,32): error BC30451: 'StockAdjustment_WarehouseRowChanging' is not declared. It may be inaccessible due to its protection level. [L:\New Restauraunt Pos\src\RestaurantPOS14\RestaurantPOS14.vbproj]
L:\New Restauraunt Pos\src\RestaurantPOS14\RestaurantPOS14\RPOS_DBDataSet1.vb(36514,20): error BC30456: 'StockAdjustment_WarehouseRowDeletedEvent' is not a member of 'RPOS_DBDataSet1.StockAdjustment_WarehouseDataTable'. [L:\New Restauraunt Pos\src\RestaurantPOS14\RestaurantPOS14.vbproj]
L:\New Restauraunt Pos\src\RestaurantPOS14\RestaurantPOS14\RPOS_DBDataSet1.vb(36515,32): error BC30451: 'StockAdjustment_WarehouseRowDeleted' is not declared. It may be inaccessible due to its protection level. [L:\New Restauraunt Pos\src\RestaurantPOS14\RestaurantPOS14.vbproj]
L:\New Restauraunt Pos\src\RestaurantPOS14\RestaurantPOS14\RPOS_DBDataSet1.vb(37270,20): error BC30456: 'StockTransfer_JoinRowChangedEvent' is not a member of 'RPOS_DBDataSet1.StockTransfer_JoinDataTable'. [L:\New Restauraunt Pos\src\RestaurantPOS14\RestaurantPOS14.vbproj]
L:\New Restauraunt Pos\src\RestaurantPOS14\RestaurantPOS14\RPOS_DBDataSet1.vb(37271,32): error BC30451: 'StockTransfer_JoinRowChanged' is not declared. It may be inaccessible due to its protection level. [L:\New Restauraunt Pos\src\RestaurantPOS14\RestaurantPOS14.vbproj]
L:\New Restauraunt Pos\src\RestaurantPOS14\RestaurantPOS14\RPOS_DBDataSet1.vb(37279,20): error BC30456: 'StockTransfer_JoinRowChangingEvent' is not a member of 'RPOS_DBDataSet1.StockTransfer_JoinDataTable'. [L:\New Restauraunt Pos\src\RestaurantPOS14\RestaurantPOS14.vbproj]
L:\New Restauraunt Pos\src\RestaurantPOS14\RestaurantPOS14\RPOS_DBDataSet1.vb(37280,32): error BC30451: 'StockTransfer_JoinRowChanging' is not declared. It may be inaccessible due to its protection level. [L:\New Restauraunt Pos\src\RestaurantPOS14\RestaurantPOS14.vbproj]
L:\New Restauraunt Pos\src\RestaurantPOS14\RestaurantPOS14\RPOS_DBDataSet1.vb(37288,20): error BC30456: 'StockTransfer_JoinRowDeletedEvent' is not a member of 'RPOS_DBDataSet1.StockTransfer_JoinDataTable'. [L:\New Restauraunt Pos\src\RestaurantPOS14\RestaurantPOS14.vbproj]
L:\New Restauraunt Pos\src\RestaurantPOS14\RestaurantPOS14\RPOS_DBDataSet1.vb(37289,32): error BC30451: 'StockTransfer_JoinRowDeleted' is not declared. It may be inaccessible due to its protection level. [L:\New Restauraunt Pos\src\RestaurantPOS14\RestaurantPOS14.vbproj]
L:\New Restauraunt Pos\src\RestaurantPOS14\RestaurantPOS14\RPOS_DBDataSet1.vb(37297,20): error BC30456: 'StockTransfer_JoinRowDeletingEvent' is not a member of 'RPOS_DBDataSet1.StockTransfer_JoinDataTable'. [L:\New Restauraunt Pos\src\RestaurantPOS14\RestaurantPOS14.vbproj]
L:\New Restauraunt Pos\src\RestaurantPOS14\RestaurantPOS14\RPOS_DBDataSet1.vb(37298,32): error BC30451: 'StockTransfer_JoinRowDeleting' is not declared. It may be inaccessible due to its protection level. [L:\New Restauraunt Pos\src\RestaurantPOS14\RestaurantPOS14.vbproj]
L:\New Restauraunt Pos\src\RestaurantPOS14\RestaurantPOS14\RPOS_DBDataSet1.vb(36523,20): error BC30456: 'StockAdjustment_WarehouseRowDeletingEvent' is not a member of 'RPOS_DBDataSet1.StockAdjustment_WarehouseDataTable'. [L:\New Restauraunt Pos\src\RestaurantPOS14\RestaurantPOS14.vbproj]
L:\New Restauraunt Pos\src\RestaurantPOS14\RestaurantPOS14\RPOS_DBDataSet1.vb(36524,32): error BC30451: 'StockAdjustment_WarehouseRowDeleting' is not declared. It may be inaccessible due to its protection level. [L:\New Restauraunt Pos\src\RestaurantPOS14\RestaurantPOS14.vbproj]
L:\New Restauraunt Pos\src\RestaurantPOS14\RestaurantPOS14\RPOS_DBDataSet1.vb(39101,20): error BC30456: 'TableMappingRowChangedEvent' is not a member of 'RPOS_DBDataSet1.TableMappingDataTable'. [L:\New Restauraunt Pos\src\RestaurantPOS14\RestaurantPOS14.vbproj]
L:\New Restauraunt Pos\src\RestaurantPOS14\RestaurantPOS14\RPOS_DBDataSet1.vb(39102,32): error BC30451: 'TableMappingRowChanged' is not declared. It may be inaccessible due to its protection level. [L:\New Restauraunt Pos\src\RestaurantPOS14\RestaurantPOS14.vbproj]
L:\New Restauraunt Pos\src\RestaurantPOS14\RestaurantPOS14\RPOS_DBDataSet1.vb(39110,20): error BC30456: 'TableMappingRowChangingEvent' is not a member of 'RPOS_DBDataSet1.TableMappingDataTable'. [L:\New Restauraunt Pos\src\RestaurantPOS14\RestaurantPOS14.vbproj]
L:\New Restauraunt Pos\src\RestaurantPOS14\RestaurantPOS14\RPOS_DBDataSet1.vb(39111,32): error BC30451: 'TableMappingRowChanging' is not declared. It may be inaccessible due to its protection level. [L:\New Restauraunt Pos\src\RestaurantPOS14\RestaurantPOS14.vbproj]
L:\New Restauraunt Pos\src\RestaurantPOS14\RestaurantPOS14\RPOS_DBDataSet1.vb(38309,20): error BC30456: 'SupplierLedgerBookRowChangedEvent' is not a member of 'RPOS_DBDataSet1.SupplierLedgerBookDataTable'. [L:\New Restauraunt Pos\src\RestaurantPOS14\RestaurantPOS14.vbproj]
L:\New Restauraunt Pos\src\RestaurantPOS14\RestaurantPOS14\RPOS_DBDataSet1.vb(38310,32): error BC30451: 'SupplierLedgerBookRowChanged' is not declared. It may be inaccessible due to its protection level. [L:\New Restauraunt Pos\src\RestaurantPOS14\RestaurantPOS14.vbproj]
L:\New Restauraunt Pos\src\RestaurantPOS14\RestaurantPOS14\RPOS_DBDataSet1.vb(39119,20): error BC30456: 'TableMappingRowDeletedEvent' is not a member of 'RPOS_DBDataSet1.TableMappingDataTable'. [L:\New Restauraunt Pos\src\RestaurantPOS14\RestaurantPOS14.vbproj]
L:\New Restauraunt Pos\src\RestaurantPOS14\RestaurantPOS14\RPOS_DBDataSet1.vb(39120,32): error BC30451: 'TableMappingRowDeleted' is not declared. It may be inaccessible due to its protection level. [L:\New Restauraunt Pos\src\RestaurantPOS14\RestaurantPOS14.vbproj]
L:\New Restauraunt Pos\src\RestaurantPOS14\RestaurantPOS14\RPOS_DBDataSet1.vb(38318,20): error BC30456: 'SupplierLedgerBookRowChangingEvent' is not a member of 'RPOS_DBDataSet1.SupplierLedgerBookDataTable'. [L:\New Restauraunt Pos\src\RestaurantPOS14\RestaurantPOS14.vbproj]
L:\New Restauraunt Pos\src\RestaurantPOS14\RestaurantPOS14\RPOS_DBDataSet1.vb(38319,32): error BC30451: 'SupplierLedgerBookRowChanging' is not declared. It may be inaccessible due to its protection level. [L:\New Restauraunt Pos\src\RestaurantPOS14\RestaurantPOS14.vbproj]
L:\New Restauraunt Pos\src\RestaurantPOS14\RestaurantPOS14\RPOS_DBDataSet1.vb(39128,20): error BC30456: 'TableMappingRowDeletingEvent' is not a member of 'RPOS_DBDataSet1.TableMappingDataTable'. [L:\New Restauraunt Pos\src\RestaurantPOS14\RestaurantPOS14.vbproj]
L:\New Restauraunt Pos\src\RestaurantPOS14\RestaurantPOS14\RPOS_DBDataSet1.vb(39129,32): error BC30451: 'TableMappingRowDeleting' is not declared. It may be inaccessible due to its protection level. [L:\New Restauraunt Pos\src\RestaurantPOS14\RestaurantPOS14.vbproj]
L:\New Restauraunt Pos\src\RestaurantPOS14\RestaurantPOS14\RPOS_DBDataSet1.vb(38327,20): error BC30456: 'SupplierLedgerBookRowDeletedEvent' is not a member of 'RPOS_DBDataSet1.SupplierLedgerBookDataTable'. [L:\New Restauraunt Pos\src\RestaurantPOS14\RestaurantPOS14.vbproj]
L:\New Restauraunt Pos\src\RestaurantPOS14\RestaurantPOS14\RPOS_DBDataSet1.vb(38328,32): error BC30451: 'SupplierLedgerBookRowDeleted' is not declared. It may be inaccessible due to its protection level. [L:\New Restauraunt Pos\src\RestaurantPOS14\RestaurantPOS14.vbproj]
L:\New Restauraunt Pos\src\RestaurantPOS14\RestaurantPOS14\RPOS_DBDataSet1.vb(39899,20): error BC30456: 'tblOrderRowChangedEvent' is not a member of 'RPOS_DBDataSet1.tblOrderDataTable'. [L:\New Restauraunt Pos\src\RestaurantPOS14\RestaurantPOS14.vbproj]
L:\New Restauraunt Pos\src\RestaurantPOS14\RestaurantPOS14\RPOS_DBDataSet1.vb(39900,32): error BC30451: 'tblOrderRowChanged' is not declared. It may be inaccessible due to its protection level. [L:\New Restauraunt Pos\src\RestaurantPOS14\RestaurantPOS14.vbproj]
L:\New Restauraunt Pos\src\RestaurantPOS14\RestaurantPOS14\RPOS_DBDataSet1.vb(38336,20): error BC30456: 'SupplierLedgerBookRowDeletingEvent' is not a member of 'RPOS_DBDataSet1.SupplierLedgerBookDataTable'. [L:\New Restauraunt Pos\src\RestaurantPOS14\RestaurantPOS14.vbproj]
L:\New Restauraunt Pos\src\RestaurantPOS14\RestaurantPOS14\RPOS_DBDataSet1.vb(38337,32): error BC30451: 'SupplierLedgerBookRowDeleting' is not declared. It may be inaccessible due to its protection level. [L:\New Restauraunt Pos\src\RestaurantPOS14\RestaurantPOS14.vbproj]
L:\New Restauraunt Pos\src\RestaurantPOS14\RestaurantPOS14\RPOS_DBDataSet1.vb(38737,20): error BC30456: 'TableLayoutRowChangedEvent' is not a member of 'RPOS_DBDataSet1.TableLayoutDataTable'. [L:\New Restauraunt Pos\src\RestaurantPOS14\RestaurantPOS14.vbproj]
L:\New Restauraunt Pos\src\RestaurantPOS14\RestaurantPOS14\RPOS_DBDataSet1.vb(38738,32): error BC30451: 'TableLayoutRowChanged' is not declared. It may be inaccessible due to its protection level. [L:\New Restauraunt Pos\src\RestaurantPOS14\RestaurantPOS14.vbproj]
L:\New Restauraunt Pos\src\RestaurantPOS14\RestaurantPOS14\RPOS_DBDataSet1.vb(39908,20): error BC30456: 'tblOrderRowChangingEvent' is not a member of 'RPOS_DBDataSet1.tblOrderDataTable'. [L:\New Restauraunt Pos\src\RestaurantPOS14\RestaurantPOS14.vbproj]
L:\New Restauraunt Pos\src\RestaurantPOS14\RestaurantPOS14\RPOS_DBDataSet1.vb(39909,32): error BC30451: 'tblOrderRowChanging' is not declared. It may be inaccessible due to its protection level. [L:\New Restauraunt Pos\src\RestaurantPOS14\RestaurantPOS14.vbproj]
L:\New Restauraunt Pos\src\RestaurantPOS14\RestaurantPOS14\RPOS_DBDataSet1.vb(39917,20): error BC30456: 'tblOrderRowDeletedEvent' is not a member of 'RPOS_DBDataSet1.tblOrderDataTable'. [L:\New Restauraunt Pos\src\RestaurantPOS14\RestaurantPOS14.vbproj]
L:\New Restauraunt Pos\src\RestaurantPOS14\RestaurantPOS14\RPOS_DBDataSet1.vb(39918,32): error BC30451: 'tblOrderRowDeleted' is not declared. It may be inaccessible due to its protection level. [L:\New Restauraunt Pos\src\RestaurantPOS14\RestaurantPOS14.vbproj]
L:\New Restauraunt Pos\src\RestaurantPOS14\RestaurantPOS14\RPOS_DBDataSet1.vb(39926,20): error BC30456: 'tblOrderRowDeletingEvent' is not a member of 'RPOS_DBDataSet1.tblOrderDataTable'. [L:\New Restauraunt Pos\src\RestaurantPOS14\RestaurantPOS14.vbproj]
L:\New Restauraunt Pos\src\RestaurantPOS14\RestaurantPOS14\RPOS_DBDataSet1.vb(39927,32): error BC30451: 'tblOrderRowDeleting' is not declared. It may be inaccessible due to its protection level. [L:\New Restauraunt Pos\src\RestaurantPOS14\RestaurantPOS14.vbproj]
L:\New Restauraunt Pos\src\RestaurantPOS14\RestaurantPOS14\RPOS_DBDataSet1.vb(38746,20): error BC30456: 'TableLayoutRowChangingEvent' is not a member of 'RPOS_DBDataSet1.TableLayoutDataTable'. [L:\New Restauraunt Pos\src\RestaurantPOS14\RestaurantPOS14.vbproj]
L:\New Restauraunt Pos\src\RestaurantPOS14\RestaurantPOS14\RPOS_DBDataSet1.vb(38747,32): error BC30451: 'TableLayoutRowChanging' is not declared. It may be inaccessible due to its protection level. [L:\New Restauraunt Pos\src\RestaurantPOS14\RestaurantPOS14.vbproj]
L:\New Restauraunt Pos\src\RestaurantPOS14\RestaurantPOS14\RPOS_DBDataSet1.vb(38755,20): error BC30456: 'TableLayoutRowDeletedEvent' is not a member of 'RPOS_DBDataSet1.TableLayoutDataTable'. [L:\New Restauraunt Pos\src\RestaurantPOS14\RestaurantPOS14.vbproj]
L:\New Restauraunt Pos\src\RestaurantPOS14\RestaurantPOS14\RPOS_DBDataSet1.vb(38756,32): error BC30451: 'TableLayoutRowDeleted' is not declared. It may be inaccessible due to its protection level. [L:\New Restauraunt Pos\src\RestaurantPOS14\RestaurantPOS14.vbproj]
L:\New Restauraunt Pos\src\RestaurantPOS14\RestaurantPOS14\RPOS_DBDataSet1.vb(41033,20): error BC30456: 'Temp_Stock_StoreRowChangedEvent' is not a member of 'RPOS_DBDataSet1.Temp_Stock_StoreDataTable'. [L:\New Restauraunt Pos\src\RestaurantPOS14\RestaurantPOS14.vbproj]
L:\New Restauraunt Pos\src\RestaurantPOS14\RestaurantPOS14\RPOS_DBDataSet1.vb(41034,32): error BC30451: 'Temp_Stock_StoreRowChanged' is not declared. It may be inaccessible due to its protection level. [L:\New Restauraunt Pos\src\RestaurantPOS14\RestaurantPOS14.vbproj]
L:\New Restauraunt Pos\src\RestaurantPOS14\RestaurantPOS14\RPOS_DBDataSet1.vb(40669,20): error BC30456: 'Temp_Stock_RMRowChangedEvent' is not a member of 'RPOS_DBDataSet1.Temp_Stock_RMDataTable'. [L:\New Restauraunt Pos\src\RestaurantPOS14\RestaurantPOS14.vbproj]
L:\New Restauraunt Pos\src\RestaurantPOS14\RestaurantPOS14\RPOS_DBDataSet1.vb(40670,32): error BC30451: 'Temp_Stock_RMRowChanged' is not declared. It may be inaccessible due to its protection level. [L:\New Restauraunt Pos\src\RestaurantPOS14\RestaurantPOS14.vbproj]
L:\New Restauraunt Pos\src\RestaurantPOS14\RestaurantPOS14\RPOS_DBDataSet1.vb(41042,20): error BC30456: 'Temp_Stock_StoreRowChangingEvent' is not a member of 'RPOS_DBDataSet1.Temp_Stock_StoreDataTable'. [L:\New Restauraunt Pos\src\RestaurantPOS14\RestaurantPOS14.vbproj]
L:\New Restauraunt Pos\src\RestaurantPOS14\RestaurantPOS14\RPOS_DBDataSet1.vb(41043,32): error BC30451: 'Temp_Stock_StoreRowChanging' is not declared. It may be inaccessible due to its protection level. [L:\New Restauraunt Pos\src\RestaurantPOS14\RestaurantPOS14.vbproj]
L:\New Restauraunt Pos\src\RestaurantPOS14\RestaurantPOS14\RPOS_DBDataSet1.vb(40678,20): error BC30456: 'Temp_Stock_RMRowChangingEvent' is not a member of 'RPOS_DBDataSet1.Temp_Stock_RMDataTable'. [L:\New Restauraunt Pos\src\RestaurantPOS14\RestaurantPOS14.vbproj]
L:\New Restauraunt Pos\src\RestaurantPOS14\RestaurantPOS14\RPOS_DBDataSet1.vb(40679,32): error BC30451: 'Temp_Stock_RMRowChanging' is not declared. It may be inaccessible due to its protection level. [L:\New Restauraunt Pos\src\RestaurantPOS14\RestaurantPOS14.vbproj]
L:\New Restauraunt Pos\src\RestaurantPOS14\RestaurantPOS14\RPOS_DBDataSet1.vb(41051,20): error BC30456: 'Temp_Stock_StoreRowDeletedEvent' is not a member of 'RPOS_DBDataSet1.Temp_Stock_StoreDataTable'. [L:\New Restauraunt Pos\src\RestaurantPOS14\RestaurantPOS14.vbproj]
L:\New Restauraunt Pos\src\RestaurantPOS14\RestaurantPOS14\RPOS_DBDataSet1.vb(41052,32): error BC30451: 'Temp_Stock_StoreRowDeleted' is not declared. It may be inaccessible due to its protection level. [L:\New Restauraunt Pos\src\RestaurantPOS14\RestaurantPOS14.vbproj]
L:\New Restauraunt Pos\src\RestaurantPOS14\RestaurantPOS14\RPOS_DBDataSet1.vb(41060,20): error BC30456: 'Temp_Stock_StoreRowDeletingEvent' is not a member of 'RPOS_DBDataSet1.Temp_Stock_StoreDataTable'. [L:\New Restauraunt Pos\src\RestaurantPOS14\RestaurantPOS14.vbproj]
L:\New Restauraunt Pos\src\RestaurantPOS14\RestaurantPOS14\RPOS_DBDataSet1.vb(41061,32): error BC30451: 'Temp_Stock_StoreRowDeleting' is not declared. It may be inaccessible due to its protection level. [L:\New Restauraunt Pos\src\RestaurantPOS14\RestaurantPOS14.vbproj]
L:\New Restauraunt Pos\src\RestaurantPOS14\RestaurantPOS14\RPOS_DBDataSet1.vb(40687,20): error BC30456: 'Temp_Stock_RMRowDeletedEvent' is not a member of 'RPOS_DBDataSet1.Temp_Stock_RMDataTable'. [L:\New Restauraunt Pos\src\RestaurantPOS14\RestaurantPOS14.vbproj]
L:\New Restauraunt Pos\src\RestaurantPOS14\RestaurantPOS14\RPOS_DBDataSet1.vb(40688,32): error BC30451: 'Temp_Stock_RMRowDeleted' is not declared. It may be inaccessible due to its protection level. [L:\New Restauraunt Pos\src\RestaurantPOS14\RestaurantPOS14.vbproj]
L:\New Restauraunt Pos\src\RestaurantPOS14\RestaurantPOS14\RPOS_DBDataSet1.vb(40696,20): error BC30456: 'Temp_Stock_RMRowDeletingEvent' is not a member of 'RPOS_DBDataSet1.Temp_Stock_RMDataTable'. [L:\New Restauraunt Pos\src\RestaurantPOS14\RestaurantPOS14.vbproj]
L:\New Restauraunt Pos\src\RestaurantPOS14\RestaurantPOS14\RPOS_DBDataSet1.vb(40697,32): error BC30451: 'Temp_Stock_RMRowDeleting' is not declared. It may be inaccessible due to its protection level. [L:\New Restauraunt Pos\src\RestaurantPOS14\RestaurantPOS14.vbproj]
L:\New Restauraunt Pos\src\RestaurantPOS14\RestaurantPOS14\RPOS_DBDataSet1.vb(43814,20): error BC30456: 'Voucher_OtherDetailsRowChangedEvent' is not a member of 'RPOS_DBDataSet1.Voucher_OtherDetailsDataTable'. [L:\New Restauraunt Pos\src\RestaurantPOS14\RestaurantPOS14.vbproj]
L:\New Restauraunt Pos\src\RestaurantPOS14\RestaurantPOS14\RPOS_DBDataSet1.vb(43815,32): error BC30451: 'Voucher_OtherDetailsRowChanged' is not declared. It may be inaccessible due to its protection level. [L:\New Restauraunt Pos\src\RestaurantPOS14\RestaurantPOS14.vbproj]
L:\New Restauraunt Pos\src\RestaurantPOS14\RestaurantPOS14\RPOS_DBDataSet1.vb(43823,20): error BC30456: 'Voucher_OtherDetailsRowChangingEvent' is not a member of 'RPOS_DBDataSet1.Voucher_OtherDetailsDataTable'. [L:\New Restauraunt Pos\src\RestaurantPOS14\RestaurantPOS14.vbproj]
L:\New Restauraunt Pos\src\RestaurantPOS14\RestaurantPOS14\RPOS_DBDataSet1.vb(43824,32): error BC30451: 'Voucher_OtherDetailsRowChanging' is not declared. It may be inaccessible due to its protection level. [L:\New Restauraunt Pos\src\RestaurantPOS14\RestaurantPOS14.vbproj]
L:\New Restauraunt Pos\src\RestaurantPOS14\RestaurantPOS14\RPOS_DBDataSet1.vb(43832,20): error BC30456: 'Voucher_OtherDetailsRowDeletedEvent' is not a member of 'RPOS_DBDataSet1.Voucher_OtherDetailsDataTable'. [L:\New Restauraunt Pos\src\RestaurantPOS14\RestaurantPOS14.vbproj]
L:\New Restauraunt Pos\src\RestaurantPOS14\RestaurantPOS14\RPOS_DBDataSet1.vb(43833,32): error BC30451: 'Voucher_OtherDetailsRowDeleted' is not declared. It may be inaccessible due to its protection level. [L:\New Restauraunt Pos\src\RestaurantPOS14\RestaurantPOS14.vbproj]
L:\New Restauraunt Pos\src\RestaurantPOS14\RestaurantPOS14\RPOS_DBDataSet1.vb(43841,20): error BC30456: 'Voucher_OtherDetailsRowDeletingEvent' is not a member of 'RPOS_DBDataSet1.Voucher_OtherDetailsDataTable'. [L:\New Restauraunt Pos\src\RestaurantPOS14\RestaurantPOS14.vbproj]
L:\New Restauraunt Pos\src\RestaurantPOS14\RestaurantPOS14\RPOS_DBDataSet1.vb(43842,32): error BC30451: 'Voucher_OtherDetailsRowDeleting' is not declared. It may be inaccessible due to its protection level. [L:\New Restauraunt Pos\src\RestaurantPOS14\RestaurantPOS14.vbproj]
L:\New Restauraunt Pos\src\RestaurantPOS14\RestaurantPOS14\RPOS_DBDataSet1.vb(44139,20): error BC30456: 'WalletRowChangedEvent' is not a member of 'RPOS_DBDataSet1.WalletDataTable'. [L:\New Restauraunt Pos\src\RestaurantPOS14\RestaurantPOS14.vbproj]
L:\New Restauraunt Pos\src\RestaurantPOS14\RestaurantPOS14\RPOS_DBDataSet1.vb(44140,32): error BC30451: 'WalletRowChanged' is not declared. It may be inaccessible due to its protection level. [L:\New Restauraunt Pos\src\RestaurantPOS14\RestaurantPOS14.vbproj]
L:\New Restauraunt Pos\src\RestaurantPOS14\RestaurantPOS14\RPOS_DBDataSet1.vb(44148,20): error BC30456: 'WalletRowChangingEvent' is not a member of 'RPOS_DBDataSet1.WalletDataTable'. [L:\New Restauraunt Pos\src\RestaurantPOS14\RestaurantPOS14.vbproj]
L:\New Restauraunt Pos\src\RestaurantPOS14\RestaurantPOS14\RPOS_DBDataSet1.vb(44149,32): error BC30451: 'WalletRowChanging' is not declared. It may be inaccessible due to its protection level. [L:\New Restauraunt Pos\src\RestaurantPOS14\RestaurantPOS14.vbproj]
L:\New Restauraunt Pos\src\RestaurantPOS14\RestaurantPOS14\RPOS_DBDataSet1.vb(44157,20): error BC30456: 'WalletRowDeletedEvent' is not a member of 'RPOS_DBDataSet1.WalletDataTable'. [L:\New Restauraunt Pos\src\RestaurantPOS14\RestaurantPOS14.vbproj]
L:\New Restauraunt Pos\src\RestaurantPOS14\RestaurantPOS14\RPOS_DBDataSet1.vb(44158,32): error BC30451: 'WalletRowDeleted' is not declared. It may be inaccessible due to its protection level. [L:\New Restauraunt Pos\src\RestaurantPOS14\RestaurantPOS14.vbproj]
L:\New Restauraunt Pos\src\RestaurantPOS14\RestaurantPOS14\RPOS_DBDataSet1.vb(44166,20): error BC30456: 'WalletRowDeletingEvent' is not a member of 'RPOS_DBDataSet1.WalletDataTable'. [L:\New Restauraunt Pos\src\RestaurantPOS14\RestaurantPOS14.vbproj]
L:\New Restauraunt Pos\src\RestaurantPOS14\RestaurantPOS14\RPOS_DBDataSet1.vb(44167,32): error BC30451: 'WalletRowDeleting' is not declared. It may be inaccessible due to its protection level. [L:\New Restauraunt Pos\src\RestaurantPOS14\RestaurantPOS14.vbproj]
L:\New Restauraunt Pos\src\RestaurantPOS14\RestaurantPOS14\RPOS_DBDataSet1.vb(43418,20): error BC30456: 'VoucherRowChangedEvent' is not a member of 'RPOS_DBDataSet1.VoucherDataTable'. [L:\New Restauraunt Pos\src\RestaurantPOS14\RestaurantPOS14.vbproj]
L:\New Restauraunt Pos\src\RestaurantPOS14\RestaurantPOS14\RPOS_DBDataSet1.vb(43419,32): error BC30451: 'VoucherRowChanged' is not declared. It may be inaccessible due to its protection level. [L:\New Restauraunt Pos\src\RestaurantPOS14\RestaurantPOS14.vbproj]
L:\New Restauraunt Pos\src\RestaurantPOS14\RestaurantPOS14\RPOS_DBDataSet1.vb(43427,20): error BC30456: 'VoucherRowChangingEvent' is not a member of 'RPOS_DBDataSet1.VoucherDataTable'. [L:\New Restauraunt Pos\src\RestaurantPOS14\RestaurantPOS14.vbproj]
L:\New Restauraunt Pos\src\RestaurantPOS14\RestaurantPOS14\RPOS_DBDataSet1.vb(43428,32): error BC30451: 'VoucherRowChanging' is not declared. It may be inaccessible due to its protection level. [L:\New Restauraunt Pos\src\RestaurantPOS14\RestaurantPOS14.vbproj]
L:\New Restauraunt Pos\src\RestaurantPOS14\RestaurantPOS14\RPOS_DBDataSet1.vb(43436,20): error BC30456: 'VoucherRowDeletedEvent' is not a member of 'RPOS_DBDataSet1.VoucherDataTable'. [L:\New Restauraunt Pos\src\RestaurantPOS14\RestaurantPOS14.vbproj]
L:\New Restauraunt Pos\src\RestaurantPOS14\RestaurantPOS14\RPOS_DBDataSet1.vb(43437,32): error BC30451: 'VoucherRowDeleted' is not declared. It may be inaccessible due to its protection level. [L:\New Restauraunt Pos\src\RestaurantPOS14\RestaurantPOS14.vbproj]
L:\New Restauraunt Pos\src\RestaurantPOS14\RestaurantPOS14\RPOS_DBDataSet1.vb(43445,20): error BC30456: 'VoucherRowDeletingEvent' is not a member of 'RPOS_DBDataSet1.VoucherDataTable'. [L:\New Restauraunt Pos\src\RestaurantPOS14\RestaurantPOS14.vbproj]
L:\New Restauraunt Pos\src\RestaurantPOS14\RestaurantPOS14\RPOS_DBDataSet1.vb(43446,32): error BC30451: 'VoucherRowDeleting' is not declared. It may be inaccessible due to its protection level. [L:\New Restauraunt Pos\src\RestaurantPOS14\RestaurantPOS14.vbproj]
L:\New Restauraunt Pos\src\RestaurantPOS14\RestaurantPOS14\RPOS_DBDataSet1.vb(44841,20): error BC30456: 'WarehouseTypeRowChangedEvent' is not a member of 'RPOS_DBDataSet1.WarehouseTypeDataTable'. [L:\New Restauraunt Pos\src\RestaurantPOS14\RestaurantPOS14.vbproj]
L:\New Restauraunt Pos\src\RestaurantPOS14\RestaurantPOS14\RPOS_DBDataSet1.vb(44842,32): error BC30451: 'WarehouseTypeRowChanged' is not declared. It may be inaccessible due to its protection level. [L:\New Restauraunt Pos\src\RestaurantPOS14\RestaurantPOS14.vbproj]
L:\New Restauraunt Pos\src\RestaurantPOS14\RestaurantPOS14\RPOS_DBDataSet1.vb(44850,20): error BC30456: 'WarehouseTypeRowChangingEvent' is not a member of 'RPOS_DBDataSet1.WarehouseTypeDataTable'. [L:\New Restauraunt Pos\src\RestaurantPOS14\RestaurantPOS14.vbproj]
L:\New Restauraunt Pos\src\RestaurantPOS14\RestaurantPOS14\RPOS_DBDataSet1.vb(44851,32): error BC30451: 'WarehouseTypeRowChanging' is not declared. It may be inaccessible due to its protection level. [L:\New Restauraunt Pos\src\RestaurantPOS14\RestaurantPOS14.vbproj]
L:\New Restauraunt Pos\src\RestaurantPOS14\RestaurantPOS14\RPOS_DBDataSet1.vb(44859,20): error BC30456: 'WarehouseTypeRowDeletedEvent' is not a member of 'RPOS_DBDataSet1.WarehouseTypeDataTable'. [L:\New Restauraunt Pos\src\RestaurantPOS14\RestaurantPOS14.vbproj]
L:\New Restauraunt Pos\src\RestaurantPOS14\RestaurantPOS14\RPOS_DBDataSet1.vb(44860,32): error BC30451: 'WarehouseTypeRowDeleted' is not declared. It may be inaccessible due to its protection level. [L:\New Restauraunt Pos\src\RestaurantPOS14\RestaurantPOS14.vbproj]
L:\New Restauraunt Pos\src\RestaurantPOS14\RestaurantPOS14\RPOS_DBDataSet1.vb(44516,20): error BC30456: 'WarehouseRowChangedEvent' is not a member of 'RPOS_DBDataSet1.WarehouseDataTable'. [L:\New Restauraunt Pos\src\RestaurantPOS14\RestaurantPOS14.vbproj]
L:\New Restauraunt Pos\src\RestaurantPOS14\RestaurantPOS14\RPOS_DBDataSet1.vb(44517,32): error BC30451: 'WarehouseRowChanged' is not declared. It may be inaccessible due to its protection level. [L:\New Restauraunt Pos\src\RestaurantPOS14\RestaurantPOS14.vbproj]
L:\New Restauraunt Pos\src\RestaurantPOS14\RestaurantPOS14\RPOS_DBDataSet1.vb(44525,20): error BC30456: 'WarehouseRowChangingEvent' is not a member of 'RPOS_DBDataSet1.WarehouseDataTable'. [L:\New Restauraunt Pos\src\RestaurantPOS14\RestaurantPOS14.vbproj]
L:\New Restauraunt Pos\src\RestaurantPOS14\RestaurantPOS14\RPOS_DBDataSet1.vb(44526,32): error BC30451: 'WarehouseRowChanging' is not declared. It may be inaccessible due to its protection level. [L:\New Restauraunt Pos\src\RestaurantPOS14\RestaurantPOS14.vbproj]
L:\New Restauraunt Pos\src\RestaurantPOS14\RestaurantPOS14\RPOS_DBDataSet1.vb(38764,20): error BC30456: 'TableLayoutRowDeletingEvent' is not a member of 'RPOS_DBDataSet1.TableLayoutDataTable'. [L:\New Restauraunt Pos\src\RestaurantPOS14\RestaurantPOS14.vbproj]
L:\New Restauraunt Pos\src\RestaurantPOS14\RestaurantPOS14\RPOS_DBDataSet1.vb(38765,32): error BC30451: 'TableLayoutRowDeleting' is not declared. It may be inaccessible due to its protection level. [L:\New Restauraunt Pos\src\RestaurantPOS14\RestaurantPOS14.vbproj]
L:\New Restauraunt Pos\src\RestaurantPOS14\RestaurantPOS14\RPOS_DBDataSet1.vb(44534,20): error BC30456: 'WarehouseRowDeletedEvent' is not a member of 'RPOS_DBDataSet1.WarehouseDataTable'. [L:\New Restauraunt Pos\src\RestaurantPOS14\RestaurantPOS14.vbproj]
L:\New Restauraunt Pos\src\RestaurantPOS14\RestaurantPOS14\RPOS_DBDataSet1.vb(44535,32): error BC30451: 'WarehouseRowDeleted' is not declared. It may be inaccessible due to its protection level. [L:\New Restauraunt Pos\src\RestaurantPOS14\RestaurantPOS14.vbproj]
L:\New Restauraunt Pos\src\RestaurantPOS14\RestaurantPOS14\RPOS_DBDataSet1.vb(44543,20): error BC30456: 'WarehouseRowDeletingEvent' is not a member of 'RPOS_DBDataSet1.WarehouseDataTable'. [L:\New Restauraunt Pos\src\RestaurantPOS14\RestaurantPOS14.vbproj]
L:\New Restauraunt Pos\src\RestaurantPOS14\RestaurantPOS14\RPOS_DBDataSet1.vb(44544,32): error BC30451: 'WarehouseRowDeleting' is not declared. It may be inaccessible due to its protection level. [L:\New Restauraunt Pos\src\RestaurantPOS14\RestaurantPOS14.vbproj]
L:\New Restauraunt Pos\src\RestaurantPOS14\RestaurantPOS14\RPOS_DBDataSet1.vb(39543,20): error BC30456: 'TableReservationRowChangedEvent' is not a member of 'RPOS_DBDataSet1.TableReservationDataTable'. [L:\New Restauraunt Pos\src\RestaurantPOS14\RestaurantPOS14.vbproj]
L:\New Restauraunt Pos\src\RestaurantPOS14\RestaurantPOS14\RPOS_DBDataSet1.vb(39544,32): error BC30451: 'TableReservationRowChanged' is not declared. It may be inaccessible due to its protection level. [L:\New Restauraunt Pos\src\RestaurantPOS14\RestaurantPOS14.vbproj]
L:\New Restauraunt Pos\src\RestaurantPOS14\RestaurantPOS14\RPOS_DBDataSet1.vb(44868,20): error BC30456: 'WarehouseTypeRowDeletingEvent' is not a member of 'RPOS_DBDataSet1.WarehouseTypeDataTable'. [L:\New Restauraunt Pos\src\RestaurantPOS14\RestaurantPOS14.vbproj]
L:\New Restauraunt Pos\src\RestaurantPOS14\RestaurantPOS14\RPOS_DBDataSet1.vb(44869,32): error BC30451: 'WarehouseTypeRowDeleting' is not declared. It may be inaccessible due to its protection level. [L:\New Restauraunt Pos\src\RestaurantPOS14\RestaurantPOS14.vbproj]
L:\New Restauraunt Pos\src\RestaurantPOS14\RestaurantPOS14\RPOS_DBDataSet1.vb(39552,20): error BC30456: 'TableReservationRowChangingEvent' is not a member of 'RPOS_DBDataSet1.TableReservationDataTable'. [L:\New Restauraunt Pos\src\RestaurantPOS14\RestaurantPOS14.vbproj]
L:\New Restauraunt Pos\src\RestaurantPOS14\RestaurantPOS14\RPOS_DBDataSet1.vb(39553,32): error BC30451: 'TableReservationRowChanging' is not declared. It may be inaccessible due to its protection level. [L:\New Restauraunt Pos\src\RestaurantPOS14\RestaurantPOS14.vbproj]
L:\New Restauraunt Pos\src\RestaurantPOS14\RestaurantPOS14\RPOS_DBDataSet1.vb(39561,20): error BC30456: 'TableReservationRowDeletedEvent' is not a member of 'RPOS_DBDataSet1.TableReservationDataTable'. [L:\New Restauraunt Pos\src\RestaurantPOS14\RestaurantPOS14.vbproj]
L:\New Restauraunt Pos\src\RestaurantPOS14\RestaurantPOS14\RPOS_DBDataSet1.vb(39562,32): error BC30451: 'TableReservationRowDeleted' is not declared. It may be inaccessible due to its protection level. [L:\New Restauraunt Pos\src\RestaurantPOS14\RestaurantPOS14.vbproj]
L:\New Restauraunt Pos\src\RestaurantPOS14\RestaurantPOS14\RPOS_DBDataSet1.vb(39570,20): error BC30456: 'TableReservationRowDeletingEvent' is not a member of 'RPOS_DBDataSet1.TableReservationDataTable'. [L:\New Restauraunt Pos\src\RestaurantPOS14\RestaurantPOS14.vbproj]
L:\New Restauraunt Pos\src\RestaurantPOS14\RestaurantPOS14\RPOS_DBDataSet1.vb(39571,32): error BC30451: 'TableReservationRowDeleting' is not declared. It may be inaccessible due to its protection level. [L:\New Restauraunt Pos\src\RestaurantPOS14\RestaurantPOS14.vbproj]
L:\New Restauraunt Pos\src\RestaurantPOS14\RestaurantPOS14\RPOS_DBDataSet1.vb(37877,20): error BC30456: 'SupplierRowChangedEvent' is not a member of 'RPOS_DBDataSet1.SupplierDataTable'. [L:\New Restauraunt Pos\src\RestaurantPOS14\RestaurantPOS14.vbproj]
L:\New Restauraunt Pos\src\RestaurantPOS14\RestaurantPOS14\RPOS_DBDataSet1.vb(37878,32): error BC30451: 'SupplierRowChanged' is not declared. It may be inaccessible due to its protection level. [L:\New Restauraunt Pos\src\RestaurantPOS14\RestaurantPOS14.vbproj]
L:\New Restauraunt Pos\src\RestaurantPOS14\RestaurantPOS14\RPOS_DBDataSet1.vb(37886,20): error BC30456: 'SupplierRowChangingEvent' is not a member of 'RPOS_DBDataSet1.SupplierDataTable'. [L:\New Restauraunt Pos\src\RestaurantPOS14\RestaurantPOS14.vbproj]
L:\New Restauraunt Pos\src\RestaurantPOS14\RestaurantPOS14\RPOS_DBDataSet1.vb(37887,32): error BC30451: 'SupplierRowChanging' is not declared. It may be inaccessible due to its protection level. [L:\New Restauraunt Pos\src\RestaurantPOS14\RestaurantPOS14.vbproj]
L:\New Restauraunt Pos\src\RestaurantPOS14\RestaurantPOS14\RPOS_DBDataSet1.vb(37895,20): error BC30456: 'SupplierRowDeletedEvent' is not a member of 'RPOS_DBDataSet1.SupplierDataTable'. [L:\New Restauraunt Pos\src\RestaurantPOS14\RestaurantPOS14.vbproj]
L:\New Restauraunt Pos\src\RestaurantPOS14\RestaurantPOS14\RPOS_DBDataSet1.vb(37896,32): error BC30451: 'SupplierRowDeleted' is not declared. It may be inaccessible due to its protection level. [L:\New Restauraunt Pos\src\RestaurantPOS14\RestaurantPOS14.vbproj]
L:\New Restauraunt Pos\src\RestaurantPOS14\RestaurantPOS14\RPOS_DBDataSet1.vb(37904,20): error BC30456: 'SupplierRowDeletingEvent' is not a member of 'RPOS_DBDataSet1.SupplierDataTable'. [L:\New Restauraunt Pos\src\RestaurantPOS14\RestaurantPOS14.vbproj]
L:\New Restauraunt Pos\src\RestaurantPOS14\RestaurantPOS14\RPOS_DBDataSet1.vb(37905,32): error BC30451: 'SupplierRowDeleting' is not declared. It may be inaccessible due to its protection level. [L:\New Restauraunt Pos\src\RestaurantPOS14\RestaurantPOS14.vbproj]
L:\New Restauraunt Pos\src\RestaurantPOS14\RestaurantPOS14\RPOS_DBDataSet1.vb(45186,20): error BC30456: 'WorkPeriodEndRowChangedEvent' is not a member of 'RPOS_DBDataSet1.WorkPeriodEndDataTable'. [L:\New Restauraunt Pos\src\RestaurantPOS14\RestaurantPOS14.vbproj]
L:\New Restauraunt Pos\src\RestaurantPOS14\RestaurantPOS14\RPOS_DBDataSet1.vb(45187,32): error BC30451: 'WorkPeriodEndRowChanged' is not declared. It may be inaccessible due to its protection level. [L:\New Restauraunt Pos\src\RestaurantPOS14\RestaurantPOS14.vbproj]
L:\New Restauraunt Pos\src\RestaurantPOS14\RestaurantPOS14\RPOS_DBDataSet1.vb(45195,20): error BC30456: 'WorkPeriodEndRowChangingEvent' is not a member of 'RPOS_DBDataSet1.WorkPeriodEndDataTable'. [L:\New Restauraunt Pos\src\RestaurantPOS14\RestaurantPOS14.vbproj]
L:\New Restauraunt Pos\src\RestaurantPOS14\RestaurantPOS14\RPOS_DBDataSet1.vb(45196,32): error BC30451: 'WorkPeriodEndRowChanging' is not declared. It may be inaccessible due to its protection level. [L:\New Restauraunt Pos\src\RestaurantPOS14\RestaurantPOS14.vbproj]
L:\New Restauraunt Pos\src\RestaurantPOS14\RestaurantPOS14\RPOS_DBDataSet1.vb(45204,20): error BC30456: 'WorkPeriodEndRowDeletedEvent' is not a member of 'RPOS_DBDataSet1.WorkPeriodEndDataTable'. [L:\New Restauraunt Pos\src\RestaurantPOS14\RestaurantPOS14.vbproj]
L:\New Restauraunt Pos\src\RestaurantPOS14\RestaurantPOS14\RPOS_DBDataSet1.vb(45205,32): error BC30451: 'WorkPeriodEndRowDeleted' is not declared. It may be inaccessible due to its protection level. [L:\New Restauraunt Pos\src\RestaurantPOS14\RestaurantPOS14.vbproj]
L:\New Restauraunt Pos\src\RestaurantPOS14\RestaurantPOS14\RPOS_DBDataSet1.vb(45213,20): error BC30456: 'WorkPeriodEndRowDeletingEvent' is not a member of 'RPOS_DBDataSet1.WorkPeriodEndDataTable'. [L:\New Restauraunt Pos\src\RestaurantPOS14\RestaurantPOS14.vbproj]
L:\New Restauraunt Pos\src\RestaurantPOS14\RestaurantPOS14\RPOS_DBDataSet1.vb(45214,32): error BC30451: 'WorkPeriodEndRowDeleting' is not declared. It may be inaccessible due to its protection level. [L:\New Restauraunt Pos\src\RestaurantPOS14\RestaurantPOS14.vbproj]
L:\New Restauraunt Pos\src\RestaurantPOS14\RestaurantPOS14\RPOS_DBDataSet1.vb(45543,20): error BC30456: 'WorkPeriodStartRowChangedEvent' is not a member of 'RPOS_DBDataSet1.WorkPeriodStartDataTable'. [L:\New Restauraunt Pos\src\RestaurantPOS14\RestaurantPOS14.vbproj]
L:\New Restauraunt Pos\src\RestaurantPOS14\RestaurantPOS14\RPOS_DBDataSet1.vb(45544,32): error BC30451: 'WorkPeriodStartRowChanged' is not declared. It may be inaccessible due to its protection level. [L:\New Restauraunt Pos\src\RestaurantPOS14\RestaurantPOS14.vbproj]
L:\New Restauraunt Pos\src\RestaurantPOS14\RestaurantPOS14\RPOS_DBDataSet1.vb(45552,20): error BC30456: 'WorkPeriodStartRowChangingEvent' is not a member of 'RPOS_DBDataSet1.WorkPeriodStartDataTable'. [L:\New Restauraunt Pos\src\RestaurantPOS14\RestaurantPOS14.vbproj]
L:\New Restauraunt Pos\src\RestaurantPOS14\RestaurantPOS14\RPOS_DBDataSet1.vb(45553,32): error BC30451: 'WorkPeriodStartRowChanging' is not declared. It may be inaccessible due to its protection level. [L:\New Restauraunt Pos\src\RestaurantPOS14\RestaurantPOS14.vbproj]
L:\New Restauraunt Pos\src\RestaurantPOS14\RestaurantPOS14\RPOS_DBDataSet1.vb(45561,20): error BC30456: 'WorkPeriodStartRowDeletedEvent' is not a member of 'RPOS_DBDataSet1.WorkPeriodStartDataTable'. [L:\New Restauraunt Pos\src\RestaurantPOS14\RestaurantPOS14.vbproj]
L:\New Restauraunt Pos\src\RestaurantPOS14\RestaurantPOS14\RPOS_DBDataSet1.vb(45562,32): error BC30451: 'WorkPeriodStartRowDeleted' is not declared. It may be inaccessible due to its protection level. [L:\New Restauraunt Pos\src\RestaurantPOS14\RestaurantPOS14.vbproj]
L:\New Restauraunt Pos\src\RestaurantPOS14\RestaurantPOS14\RPOS_DBDataSet1.vb(45570,20): error BC30456: 'WorkPeriodStartRowDeletingEvent' is not a member of 'RPOS_DBDataSet1.WorkPeriodStartDataTable'. [L:\New Restauraunt Pos\src\RestaurantPOS14\RestaurantPOS14.vbproj]
L:\New Restauraunt Pos\src\RestaurantPOS14\RestaurantPOS14\RPOS_DBDataSet1.vb(45571,32): error BC30451: 'WorkPeriodStartRowDeleting' is not declared. It may be inaccessible due to its protection level. [L:\New Restauraunt Pos\src\RestaurantPOS14\RestaurantPOS14.vbproj]
L:\New Restauraunt Pos\src\RestaurantPOS14\RestaurantPOS14\RPOS_DBDataSet1.vb(42265,20): error BC30456: 'TempRestaurantPOS_OrderedProductBillKOTRowChangedEvent' is not a member of 'RPOS_DBDataSet1.TempRestaurantPOS_OrderedProductBillKOTDataTable'. [L:\New Restauraunt Pos\src\RestaurantPOS14\RestaurantPOS14.vbproj]
L:\New Restauraunt Pos\src\RestaurantPOS14\RestaurantPOS14\RPOS_DBDataSet1.vb(42266,32): error BC30451: 'TempRestaurantPOS_OrderedProductBillKOTRowChanged' is not declared. It may be inaccessible due to its protection level. [L:\New Restauraunt Pos\src\RestaurantPOS14\RestaurantPOS14.vbproj]
L:\New Restauraunt Pos\src\RestaurantPOS14\RestaurantPOS14\RPOS_DBDataSet1.vb(42274,20): error BC30456: 'TempRestaurantPOS_OrderedProductBillKOTRowChangingEvent' is not a member of 'RPOS_DBDataSet1.TempRestaurantPOS_OrderedProductBillKOTDataTable'. [L:\New Restauraunt Pos\src\RestaurantPOS14\RestaurantPOS14.vbproj]
L:\New Restauraunt Pos\src\RestaurantPOS14\RestaurantPOS14\RPOS_DBDataSet1.vb(42275,32): error BC30451: 'TempRestaurantPOS_OrderedProductBillKOTRowChanging' is not declared. It may be inaccessible due to its protection level. [L:\New Restauraunt Pos\src\RestaurantPOS14\RestaurantPOS14.vbproj]
L:\New Restauraunt Pos\src\RestaurantPOS14\RestaurantPOS14\RPOS_DBDataSet1.vb(42283,20): error BC30456: 'TempRestaurantPOS_OrderedProductBillKOTRowDeletedEvent' is not a member of 'RPOS_DBDataSet1.TempRestaurantPOS_OrderedProductBillKOTDataTable'. [L:\New Restauraunt Pos\src\RestaurantPOS14\RestaurantPOS14.vbproj]
L:\New Restauraunt Pos\src\RestaurantPOS14\RestaurantPOS14\RPOS_DBDataSet1.vb(42284,32): error BC30451: 'TempRestaurantPOS_OrderedProductBillKOTRowDeleted' is not declared. It may be inaccessible due to its protection level. [L:\New Restauraunt Pos\src\RestaurantPOS14\RestaurantPOS14.vbproj]
L:\New Restauraunt Pos\src\RestaurantPOS14\RestaurantPOS14\RPOS_DBDataSet1.vb(42292,20): error BC30456: 'TempRestaurantPOS_OrderedProductBillKOTRowDeletingEvent' is not a member of 'RPOS_DBDataSet1.TempRestaurantPOS_OrderedProductBillKOTDataTable'. [L:\New Restauraunt Pos\src\RestaurantPOS14\RestaurantPOS14.vbproj]
L:\New Restauraunt Pos\src\RestaurantPOS14\RestaurantPOS14\RPOS_DBDataSet1.vb(42293,32): error BC30451: 'TempRestaurantPOS_OrderedProductBillKOTRowDeleting' is not declared. It may be inaccessible due to its protection level. [L:\New Restauraunt Pos\src\RestaurantPOS14\RestaurantPOS14.vbproj]
L:\New Restauraunt Pos\src\RestaurantPOS14\RestaurantPOS14\RPOS_DBDataSet1.vb(43005,20): error BC30456: 'UserRightsRowChangedEvent' is not a member of 'RPOS_DBDataSet1.UserRightsDataTable'. [L:\New Restauraunt Pos\src\RestaurantPOS14\RestaurantPOS14.vbproj]
L:\New Restauraunt Pos\src\RestaurantPOS14\RestaurantPOS14\RPOS_DBDataSet1.vb(43006,32): error BC30451: 'UserRightsRowChanged' is not declared. It may be inaccessible due to its protection level. [L:\New Restauraunt Pos\src\RestaurantPOS14\RestaurantPOS14.vbproj]
L:\New Restauraunt Pos\src\RestaurantPOS14\RestaurantPOS14\RPOS_DBDataSet1.vb(43014,20): error BC30456: 'UserRightsRowChangingEvent' is not a member of 'RPOS_DBDataSet1.UserRightsDataTable'. [L:\New Restauraunt Pos\src\RestaurantPOS14\RestaurantPOS14.vbproj]
L:\New Restauraunt Pos\src\RestaurantPOS14\RestaurantPOS14\RPOS_DBDataSet1.vb(43015,32): error BC30451: 'UserRightsRowChanging' is not declared. It may be inaccessible due to its protection level. [L:\New Restauraunt Pos\src\RestaurantPOS14\RestaurantPOS14.vbproj]
L:\New Restauraunt Pos\src\RestaurantPOS14\RestaurantPOS14\RPOS_DBDataSet1.vb(43023,20): error BC30456: 'UserRightsRowDeletedEvent' is not a member of 'RPOS_DBDataSet1.UserRightsDataTable'. [L:\New Restauraunt Pos\src\RestaurantPOS14\RestaurantPOS14.vbproj]
L:\New Restauraunt Pos\src\RestaurantPOS14\RestaurantPOS14\RPOS_DBDataSet1.vb(43024,32): error BC30451: 'UserRightsRowDeleted' is not declared. It may be inaccessible due to its protection level. [L:\New Restauraunt Pos\src\RestaurantPOS14\RestaurantPOS14.vbproj]
L:\New Restauraunt Pos\src\RestaurantPOS14\RestaurantPOS14\RPOS_DBDataSet1.vb(43032,20): error BC30456: 'UserRightsRowDeletingEvent' is not a member of 'RPOS_DBDataSet1.UserRightsDataTable'. [L:\New Restauraunt Pos\src\RestaurantPOS14\RestaurantPOS14.vbproj]
L:\New Restauraunt Pos\src\RestaurantPOS14\RestaurantPOS14\RPOS_DBDataSet1.vb(43033,32): error BC30451: 'UserRightsRowDeleting' is not declared. It may be inaccessible due to its protection level. [L:\New Restauraunt Pos\src\RestaurantPOS14\RestaurantPOS14.vbproj]
L:\New Restauraunt Pos\src\RestaurantPOS14\RestaurantPOS14\RPOS_DBDataSet1.vb(40309,20): error BC30456: 'Temp_StockRowChangedEvent' is not a member of 'RPOS_DBDataSet1.Temp_StockDataTable'. [L:\New Restauraunt Pos\src\RestaurantPOS14\RestaurantPOS14.vbproj]
L:\New Restauraunt Pos\src\RestaurantPOS14\RestaurantPOS14\RPOS_DBDataSet1.vb(40310,32): error BC30451: 'Temp_StockRowChanged' is not declared. It may be inaccessible due to its protection level. [L:\New Restauraunt Pos\src\RestaurantPOS14\RestaurantPOS14.vbproj]
L:\New Restauraunt Pos\src\RestaurantPOS14\RestaurantPOS14\RPOS_DBDataSet1.vb(40318,20): error BC30456: 'Temp_StockRowChangingEvent' is not a member of 'RPOS_DBDataSet1.Temp_StockDataTable'. [L:\New Restauraunt Pos\src\RestaurantPOS14\RestaurantPOS14.vbproj]
L:\New Restauraunt Pos\src\RestaurantPOS14\RestaurantPOS14\RPOS_DBDataSet1.vb(40319,32): error BC30451: 'Temp_StockRowChanging' is not declared. It may be inaccessible due to its protection level. [L:\New Restauraunt Pos\src\RestaurantPOS14\RestaurantPOS14.vbproj]
L:\New Restauraunt Pos\src\RestaurantPOS14\RestaurantPOS14\RPOS_DBDataSet1.vb(40327,20): error BC30456: 'Temp_StockRowDeletedEvent' is not a member of 'RPOS_DBDataSet1.Temp_StockDataTable'. [L:\New Restauraunt Pos\src\RestaurantPOS14\RestaurantPOS14.vbproj]
L:\New Restauraunt Pos\src\RestaurantPOS14\RestaurantPOS14\RPOS_DBDataSet1.vb(40328,32): error BC30451: 'Temp_StockRowDeleted' is not declared. It may be inaccessible due to its protection level. [L:\New Restauraunt Pos\src\RestaurantPOS14\RestaurantPOS14.vbproj]
L:\New Restauraunt Pos\src\RestaurantPOS14\RestaurantPOS14\RPOS_DBDataSet1.vb(40336,20): error BC30456: 'Temp_StockRowDeletingEvent' is not a member of 'RPOS_DBDataSet1.Temp_StockDataTable'. [L:\New Restauraunt Pos\src\RestaurantPOS14\RestaurantPOS14.vbproj]
L:\New Restauraunt Pos\src\RestaurantPOS14\RestaurantPOS14\RPOS_DBDataSet1.vb(40337,32): error BC30451: 'Temp_StockRowDeleting' is not declared. It may be inaccessible due to its protection level. [L:\New Restauraunt Pos\src\RestaurantPOS14\RestaurantPOS14.vbproj]
L:\New Restauraunt Pos\src\RestaurantPOS14\RestaurantPOS14\RPOS_DBDataSet1.vb(41688,20): error BC30456: 'TempRestaurantPOS_BillingInfoKOTRowChangedEvent' is not a member of 'RPOS_DBDataSet1.TempRestaurantPOS_BillingInfoKOTDataTable'. [L:\New Restauraunt Pos\src\RestaurantPOS14\RestaurantPOS14.vbproj]
L:\New Restauraunt Pos\src\RestaurantPOS14\RestaurantPOS14\RPOS_DBDataSet1.vb(41689,32): error BC30451: 'TempRestaurantPOS_BillingInfoKOTRowChanged' is not declared. It may be inaccessible due to its protection level. [L:\New Restauraunt Pos\src\RestaurantPOS14\RestaurantPOS14.vbproj]
L:\New Restauraunt Pos\src\RestaurantPOS14\RestaurantPOS14\RPOS_DBDataSet1.vb(41697,20): error BC30456: 'TempRestaurantPOS_BillingInfoKOTRowChangingEvent' is not a member of 'RPOS_DBDataSet1.TempRestaurantPOS_BillingInfoKOTDataTable'. [L:\New Restauraunt Pos\src\RestaurantPOS14\RestaurantPOS14.vbproj]
L:\New Restauraunt Pos\src\RestaurantPOS14\RestaurantPOS14\RPOS_DBDataSet1.vb(41698,32): error BC30451: 'TempRestaurantPOS_BillingInfoKOTRowChanging' is not declared. It may be inaccessible due to its protection level. [L:\New Restauraunt Pos\src\RestaurantPOS14\RestaurantPOS14.vbproj]
L:\New Restauraunt Pos\src\RestaurantPOS14\RestaurantPOS14\RPOS_DBDataSet1.vb(41706,20): error BC30456: 'TempRestaurantPOS_BillingInfoKOTRowDeletedEvent' is not a member of 'RPOS_DBDataSet1.TempRestaurantPOS_BillingInfoKOTDataTable'. [L:\New Restauraunt Pos\src\RestaurantPOS14\RestaurantPOS14.vbproj]
L:\New Restauraunt Pos\src\RestaurantPOS14\RestaurantPOS14\RPOS_DBDataSet1.vb(41707,32): error BC30451: 'TempRestaurantPOS_BillingInfoKOTRowDeleted' is not declared. It may be inaccessible due to its protection level. [L:\New Restauraunt Pos\src\RestaurantPOS14\RestaurantPOS14.vbproj]
L:\New Restauraunt Pos\src\RestaurantPOS14\RestaurantPOS14\RPOS_DBDataSet1.vb(41715,20): error BC30456: 'TempRestaurantPOS_BillingInfoKOTRowDeletingEvent' is not a member of 'RPOS_DBDataSet1.TempRestaurantPOS_BillingInfoKOTDataTable'. [L:\New Restauraunt Pos\src\RestaurantPOS14\RestaurantPOS14.vbproj]
L:\New Restauraunt Pos\src\RestaurantPOS14\RestaurantPOS14\RPOS_DBDataSet1.vb(41716,32): error BC30451: 'TempRestaurantPOS_BillingInfoKOTRowDeleting' is not declared. It may be inaccessible due to its protection level. [L:\New Restauraunt Pos\src\RestaurantPOS14\RestaurantPOS14.vbproj]
L:\New Restauraunt Pos\src\RestaurantPOS14\RestaurantPOS14\RPOS_DBDataSet1.vb(42590,20): error BC30456: 'UnitMasterRowChangedEvent' is not a member of 'RPOS_DBDataSet1.UnitMasterDataTable'. [L:\New Restauraunt Pos\src\RestaurantPOS14\RestaurantPOS14.vbproj]
L:\New Restauraunt Pos\src\RestaurantPOS14\RestaurantPOS14\RPOS_DBDataSet1.vb(42591,32): error BC30451: 'UnitMasterRowChanged' is not declared. It may be inaccessible due to its protection level. [L:\New Restauraunt Pos\src\RestaurantPOS14\RestaurantPOS14.vbproj]
L:\New Restauraunt Pos\src\RestaurantPOS14\RestaurantPOS14\RPOS_DBDataSet1.vb(42599,20): error BC30456: 'UnitMasterRowChangingEvent' is not a member of 'RPOS_DBDataSet1.UnitMasterDataTable'. [L:\New Restauraunt Pos\src\RestaurantPOS14\RestaurantPOS14.vbproj]
L:\New Restauraunt Pos\src\RestaurantPOS14\RestaurantPOS14\RPOS_DBDataSet1.vb(42600,32): error BC30451: 'UnitMasterRowChanging' is not declared. It may be inaccessible due to its protection level. [L:\New Restauraunt Pos\src\RestaurantPOS14\RestaurantPOS14.vbproj]
L:\New Restauraunt Pos\src\RestaurantPOS14\RestaurantPOS14\RPOS_DBDataSet1.vb(42608,20): error BC30456: 'UnitMasterRowDeletedEvent' is not a member of 'RPOS_DBDataSet1.UnitMasterDataTable'. [L:\New Restauraunt Pos\src\RestaurantPOS14\RestaurantPOS14.vbproj]
L:\New Restauraunt Pos\src\RestaurantPOS14\RestaurantPOS14\RPOS_DBDataSet1.vb(42609,32): error BC30451: 'UnitMasterRowDeleted' is not declared. It may be inaccessible due to its protection level. [L:\New Restauraunt Pos\src\RestaurantPOS14\RestaurantPOS14.vbproj]
L:\New Restauraunt Pos\src\RestaurantPOS14\RestaurantPOS14\RPOS_DBDataSet1.vb(42617,20): error BC30456: 'UnitMasterRowDeletingEvent' is not a member of 'RPOS_DBDataSet1.UnitMasterDataTable'. [L:\New Restauraunt Pos\src\RestaurantPOS14\RestaurantPOS14.vbproj]
L:\New Restauraunt Pos\src\RestaurantPOS14\RestaurantPOS14\RPOS_DBDataSet1.vb(42618,32): error BC30451: 'UnitMasterRowDeleting' is not declared. It may be inaccessible due to its protection level. [L:\New Restauraunt Pos\src\RestaurantPOS14\RestaurantPOS14.vbproj]
L:\New Restauraunt Pos\src\RestaurantPOS14\RestaurantPOS14\frmPOS.vb(19732,77): warning BC40000: 'Public Shared Function __Assign(Of SqlConnection)(ByRef target As SqlConnection, value As SqlConnection) As SqlConnection' is obsolete: 'Please refactor calling code to use normal Visual Basic assignment'. [L:\New Restauraunt Pos\src\RestaurantPOS14\RestaurantPOS14.vbproj]
L:\New Restauraunt Pos\src\RestaurantPOS14\RestaurantPOS14\frmPOS.vb(21132,76): warning BC40000: 'Public Shared Function __Assign(Of SqlConnection)(ByRef target As SqlConnection, value As SqlConnection) As SqlConnection' is obsolete: 'Please refactor calling code to use normal Visual Basic assignment'. [L:\New Restauraunt Pos\src\RestaurantPOS14\RestaurantPOS14.vbproj]
L:\New Restauraunt Pos\src\RestaurantPOS14\RestaurantPOS14\frmPOS.vb(21146,205): warning BC42030: Variable 'uinKOT' is passed by reference before it has been assigned a value. A null reference exception could result at runtime. [L:\New Restauraunt Pos\src\RestaurantPOS14\RestaurantPOS14.vbproj]
L:\New Restauraunt Pos\src\RestaurantPOS14\RestaurantPOS14\frmPOS.vb(21146,213): warning BC42030: Variable 'qrKOT' is passed by reference before it has been assigned a value. A null reference exception could result at runtime. [L:\New Restauraunt Pos\src\RestaurantPOS14\RestaurantPOS14.vbproj]
L:\New Restauraunt Pos\src\RestaurantPOS14\RestaurantPOS14\frmPOS.vb(21209,77): warning BC40000: 'Public Shared Function __Assign(Of SqlConnection)(ByRef target As SqlConnection, value As SqlConnection) As SqlConnection' is obsolete: 'Please refactor calling code to use normal Visual Basic assignment'. [L:\New Restauraunt Pos\src\RestaurantPOS14\RestaurantPOS14.vbproj]
L:\New Restauraunt Pos\src\RestaurantPOS14\RestaurantPOS14\frmPOS.vb(21247,72): warning BC40000: 'Public Shared Function __Assign(Of SqlConnection)(ByRef target As SqlConnection, value As SqlConnection) As SqlConnection' is obsolete: 'Please refactor calling code to use normal Visual Basic assignment'. [L:\New Restauraunt Pos\src\RestaurantPOS14\RestaurantPOS14.vbproj]
L:\New Restauraunt Pos\src\RestaurantPOS14\RestaurantPOS14\frmPOS.vb(21261,200): warning BC42030: Variable 'uinTA' is passed by reference before it has been assigned a value. A null reference exception could result at runtime. [L:\New Restauraunt Pos\src\RestaurantPOS14\RestaurantPOS14.vbproj]
L:\New Restauraunt Pos\src\RestaurantPOS14\RestaurantPOS14\frmPOS.vb(21261,207): warning BC42030: Variable 'qrTA' is passed by reference before it has been assigned a value. A null reference exception could result at runtime. [L:\New Restauraunt Pos\src\RestaurantPOS14\RestaurantPOS14.vbproj]
L:\New Restauraunt Pos\src\RestaurantPOS14\RestaurantPOS14\frmPOS.vb(21337,77): warning BC40000: 'Public Shared Function __Assign(Of SqlConnection)(ByRef target As SqlConnection, value As SqlConnection) As SqlConnection' is obsolete: 'Please refactor calling code to use normal Visual Basic assignment'. [L:\New Restauraunt Pos\src\RestaurantPOS14\RestaurantPOS14.vbproj]
L:\New Restauraunt Pos\src\RestaurantPOS14\RestaurantPOS14\frmPOS.vb(21375,72): warning BC40000: 'Public Shared Function __Assign(Of SqlConnection)(ByRef target As SqlConnection, value As SqlConnection) As SqlConnection' is obsolete: 'Please refactor calling code to use normal Visual Basic assignment'. [L:\New Restauraunt Pos\src\RestaurantPOS14\RestaurantPOS14.vbproj]
L:\New Restauraunt Pos\src\RestaurantPOS14\RestaurantPOS14\frmPOS.vb(21389,200): warning BC42030: Variable 'uinHD' is passed by reference before it has been assigned a value. A null reference exception could result at runtime. [L:\New Restauraunt Pos\src\RestaurantPOS14\RestaurantPOS14.vbproj]
L:\New Restauraunt Pos\src\RestaurantPOS14\RestaurantPOS14\frmPOS.vb(21389,207): warning BC42030: Variable 'qrHD' is passed by reference before it has been assigned a value. A null reference exception could result at runtime. [L:\New Restauraunt Pos\src\RestaurantPOS14\RestaurantPOS14.vbproj]
L:\New Restauraunt Pos\src\RestaurantPOS14\RestaurantPOS14\frmPOS.vb(23940,77): warning BC40000: 'Public Shared Function __Assign(Of SqlConnection)(ByRef target As SqlConnection, value As SqlConnection) As SqlConnection' is obsolete: 'Please refactor calling code to use normal Visual Basic assignment'. [L:\New Restauraunt Pos\src\RestaurantPOS14\RestaurantPOS14.vbproj]
L:\New Restauraunt Pos\src\RestaurantPOS14\RestaurantPOS14\frmPOS.vb(23978,72): warning BC40000: 'Public Shared Function __Assign(Of SqlConnection)(ByRef target As SqlConnection, value As SqlConnection) As SqlConnection' is obsolete: 'Please refactor calling code to use normal Visual Basic assignment'. [L:\New Restauraunt Pos\src\RestaurantPOS14\RestaurantPOS14.vbproj]
L:\New Restauraunt Pos\src\RestaurantPOS14\RestaurantPOS14\frmPOS.vb(23992,200): warning BC42030: Variable 'uinEB' is passed by reference before it has been assigned a value. A null reference exception could result at runtime. [L:\New Restauraunt Pos\src\RestaurantPOS14\RestaurantPOS14.vbproj]
L:\New Restauraunt Pos\src\RestaurantPOS14\RestaurantPOS14\frmPOS.vb(23992,207): warning BC42030: Variable 'qrEB' is passed by reference before it has been assigned a value. A null reference exception could result at runtime. [L:\New Restauraunt Pos\src\RestaurantPOS14\RestaurantPOS14.vbproj]
L:\New Restauraunt Pos\src\RestaurantPOS14\RestaurantPOS14\frmPOS.vb(25081,77): warning BC40000: 'Public Shared Function __Assign(Of SqlConnection)(ByRef target As SqlConnection, value As SqlConnection) As SqlConnection' is obsolete: 'Please refactor calling code to use normal Visual Basic assignment'. [L:\New Restauraunt Pos\src\RestaurantPOS14\RestaurantPOS14.vbproj]
L:\New Restauraunt Pos\src\RestaurantPOS14\RestaurantPOS14\frmPOS.vb(25138,77): warning BC40000: 'Public Shared Function __Assign(Of SqlConnection)(ByRef target As SqlConnection, value As SqlConnection) As SqlConnection' is obsolete: 'Please refactor calling code to use normal Visual Basic assignment'. [L:\New Restauraunt Pos\src\RestaurantPOS14\RestaurantPOS14.vbproj]
L:\New Restauraunt Pos\src\RestaurantPOS14\RestaurantPOS14\frmPOS.vb(25764,13): error BC30451: '__' is not declared. It may be inaccessible due to its protection level. [L:\New Restauraunt Pos\src\RestaurantPOS14\RestaurantPOS14.vbproj]
L:\New Restauraunt Pos\src\RestaurantPOS14\RestaurantPOS14\frmPOS.vb(25788,32): warning BC42356: This async method lacks 'Await' operators and so will run synchronously. Consider using the 'Await' operator to await non-blocking API calls, or 'Await Task.Run(...)' to do CPU-bound work on a background thread. [L:\New Restauraunt Pos\src\RestaurantPOS14\RestaurantPOS14.vbproj]
L:\New Restauraunt Pos\src\RestaurantPOS14\RestaurantPOS14\frmPOS.vb(25836,99): error BC30451: 'uinSim' is not declared. It may be inaccessible due to its protection level. [L:\New Restauraunt Pos\src\RestaurantPOS14\RestaurantPOS14.vbproj]
L:\New Restauraunt Pos\src\RestaurantPOS14\RestaurantPOS14\frmPOS.vb(25837,127): error BC30451: 'table' is not declared. It may be inaccessible due to its protection level. [L:\New Restauraunt Pos\src\RestaurantPOS14\RestaurantPOS14.vbproj]
L:\New Restauraunt Pos\src\RestaurantPOS14\RestaurantPOS14\frmPOS.vb(25839,77): error BC30451: 'uinSim' is not declared. It may be inaccessible due to its protection level. [L:\New Restauraunt Pos\src\RestaurantPOS14\RestaurantPOS14.vbproj]
L:\New Restauraunt Pos\src\RestaurantPOS14\RestaurantPOS14\frmPOS.vb(25987,17): error BC30030: Try must have at least one 'Catch' or a 'Finally'. [L:\New Restauraunt Pos\src\RestaurantPOS14\RestaurantPOS14.vbproj]
L:\New Restauraunt Pos\src\RestaurantPOS14\RestaurantPOS14\frmPOS.vb(26030,17): error BC30451: 'up2' is not declared. It may be inaccessible due to its protection level. [L:\New Restauraunt Pos\src\RestaurantPOS14\RestaurantPOS14.vbproj]
L:\New Restauraunt Pos\src\RestaurantPOS14\RestaurantPOS14\frmPOS.vb(26031,17): error BC30451: 'up2' is not declared. It may be inaccessible due to its protection level. [L:\New Restauraunt Pos\src\RestaurantPOS14\RestaurantPOS14.vbproj]
L:\New Restauraunt Pos\src\RestaurantPOS14\RestaurantPOS14\frmPOS.vb(26032,17): error BC30451: 'up2' is not declared. It may be inaccessible due to its protection level. [L:\New Restauraunt Pos\src\RestaurantPOS14\RestaurantPOS14.vbproj]
L:\New Restauraunt Pos\src\RestaurantPOS14\RestaurantPOS14\frmPOS.vb(26033,23): error BC30451: 'up2' is not declared. It may be inaccessible due to its protection level. [L:\New Restauraunt Pos\src\RestaurantPOS14\RestaurantPOS14.vbproj]
L:\New Restauraunt Pos\src\RestaurantPOS14\RestaurantPOS14\frmPOS.vb(26086,187): error BC30451: 'billTable' is not declared. It may be inaccessible due to its protection level. [L:\New Restauraunt Pos\src\RestaurantPOS14\RestaurantPOS14.vbproj]
L:\New Restauraunt Pos\src\RestaurantPOS14\RestaurantPOS14\frmPOS.vb(26090,21): error BC30451: 'billNo' is not declared. It may be inaccessible due to its protection level. [L:\New Restauraunt Pos\src\RestaurantPOS14\RestaurantPOS14.vbproj]
L:\New Restauraunt Pos\src\RestaurantPOS14\RestaurantPOS14\frmPOS.vb(26114,185): error BC30451: 'linesTable' is not declared. It may be inaccessible due to its protection level. [L:\New Restauraunt Pos\src\RestaurantPOS14\RestaurantPOS14.vbproj]
L:\New Restauraunt Pos\src\RestaurantPOS14\RestaurantPOS14\frmPOS.vb(26138,84): error BC30451: 'billNo' is not declared. It may be inaccessible due to its protection level. [L:\New Restauraunt Pos\src\RestaurantPOS14\RestaurantPOS14.vbproj]
L:\New Restauraunt Pos\src\RestaurantPOS14\RestaurantPOS14\frmPOS.vb(28892,13): error BC30451: '__' is not declared. It may be inaccessible due to its protection level. [L:\New Restauraunt Pos\src\RestaurantPOS14\RestaurantPOS14.vbproj]

Build FAILED.

L:\New Restauraunt Pos\src\RestaurantPOS14\RestaurantPOS14\RPOS_DBDataSet1.vb(52104,29): warning BC40003: property 'Item' shadows an overloadable member declared in the base class 'DataRow'.  If you want to overload the base method, this method must be declared 'Overloads'. [L:\New Restauraunt Pos\src\RestaurantPOS14\RestaurantPOS14.vbproj]
L:\New Restauraunt Pos\src\RestaurantPOS14\RestaurantPOS14\frmAccountingReport.vb(1413,76): warning BC40000: 'Public Shared Function __Assign(Of SqlConnection)(ByRef target As SqlConnection, value As SqlConnection) As SqlConnection' is obsolete: 'Please refactor calling code to use normal Visual Basic assignment'. [L:\New Restauraunt Pos\src\RestaurantPOS14\RestaurantPOS14.vbproj]
L:\New Restauraunt Pos\src\RestaurantPOS14\RestaurantPOS14\frmAccountingReport.vb(1658,76): warning BC40000: 'Public Shared Function __Assign(Of SqlConnection)(ByRef target As SqlConnection, value As SqlConnection) As SqlConnection' is obsolete: 'Please refactor calling code to use normal Visual Basic assignment'. [L:\New Restauraunt Pos\src\RestaurantPOS14\RestaurantPOS14.vbproj]
L:\New Restauraunt Pos\src\RestaurantPOS14\RestaurantPOS14\frmCreditCustomerReceipt.vb(1209,76): warning BC40000: 'Public Shared Function __Assign(Of SqlConnection)(ByRef target As SqlConnection, value As SqlConnection) As SqlConnection' is obsolete: 'Please refactor calling code to use normal Visual Basic assignment'. [L:\New Restauraunt Pos\src\RestaurantPOS14\RestaurantPOS14.vbproj]
L:\New Restauraunt Pos\src\RestaurantPOS14\RestaurantPOS14\frmBillSplit.vb(3033,76): warning BC40000: 'Public Shared Function __Assign(Of SqlConnection)(ByRef target As SqlConnection, value As SqlConnection) As SqlConnection' is obsolete: 'Please refactor calling code to use normal Visual Basic assignment'. [L:\New Restauraunt Pos\src\RestaurantPOS14\RestaurantPOS14.vbproj]
L:\New Restauraunt Pos\src\RestaurantPOS14\RestaurantPOS14\frmEmailSetting.vb(987,20): warning BC40000: 'Public Shared Function __Assign(Of TextBox)(ByRef target As TextBox, value As TextBox) As TextBox' is obsolete: 'Please refactor calling code to use normal Visual Basic assignment'. [L:\New Restauraunt Pos\src\RestaurantPOS14\RestaurantPOS14.vbproj]
L:\New Restauraunt Pos\src\RestaurantPOS14\RestaurantPOS14\frmEmailSetting.vb(990,20): warning BC40000: 'Public Shared Function __Assign(Of TextBox)(ByRef target As TextBox, value As TextBox) As TextBox' is obsolete: 'Please refactor calling code to use normal Visual Basic assignment'. [L:\New Restauraunt Pos\src\RestaurantPOS14\RestaurantPOS14.vbproj]
L:\New Restauraunt Pos\src\RestaurantPOS14\RestaurantPOS14\frmPizza.vb(160,20): warning BC40054: 'Public Sub New()' in designer-generated type 'frmPizza' should call InitializeComponent method. [L:\New Restauraunt Pos\src\RestaurantPOS14\RestaurantPOS14.vbproj]
L:\New Restauraunt Pos\src\RestaurantPOS14\RestaurantPOS14\frmPayment.vb(1237,76): warning BC40000: 'Public Shared Function __Assign(Of SqlConnection)(ByRef target As SqlConnection, value As SqlConnection) As SqlConnection' is obsolete: 'Please refactor calling code to use normal Visual Basic assignment'. [L:\New Restauraunt Pos\src\RestaurantPOS14\RestaurantPOS14.vbproj]
L:\New Restauraunt Pos\src\RestaurantPOS14\RestaurantPOS14\frmPayroll_MB.vb(1464,76): warning BC40000: 'Public Shared Function __Assign(Of SqlConnection)(ByRef target As SqlConnection, value As SqlConnection) As SqlConnection' is obsolete: 'Please refactor calling code to use normal Visual Basic assignment'. [L:\New Restauraunt Pos\src\RestaurantPOS14\RestaurantPOS14.vbproj]
L:\New Restauraunt Pos\src\RestaurantPOS14\RestaurantPOS14\frmPizzaModifiersList_AutoPopUp.vb(423,20): warning BC40054: 'Public Sub New()' in designer-generated type 'frmPizzaModifiersList_AutoPopUp' should call InitializeComponent method. [L:\New Restauraunt Pos\src\RestaurantPOS14\RestaurantPOS14.vbproj]
L:\New Restauraunt Pos\src\RestaurantPOS14\RestaurantPOS14\frmPizzaModifiersList.vb(423,20): warning BC40054: 'Public Sub New()' in designer-generated type 'frmPizzaModifiersList' should call InitializeComponent method. [L:\New Restauraunt Pos\src\RestaurantPOS14\RestaurantPOS14.vbproj]
L:\New Restauraunt Pos\src\RestaurantPOS14\RestaurantPOS14\frmPizzaSize.vb(331,20): warning BC40054: 'Public Sub New()' in designer-generated type 'frmPizzaSize' should call InitializeComponent method. [L:\New Restauraunt Pos\src\RestaurantPOS14\RestaurantPOS14.vbproj]
L:\New Restauraunt Pos\src\RestaurantPOS14\RestaurantPOS14\frmPizzasExportImport.vb(347,20): warning BC40054: 'Public Sub New()' in designer-generated type 'frmPizzasExportImport' should call InitializeComponent method. [L:\New Restauraunt Pos\src\RestaurantPOS14\RestaurantPOS14.vbproj]
L:\New Restauraunt Pos\src\RestaurantPOS14\RestaurantPOS14\frmPO_CRViewer.vb(240,80): warning BC40000: 'Public Shared Function __Assign(Of SqlConnection)(ByRef target As SqlConnection, value As SqlConnection) As SqlConnection' is obsolete: 'Please refactor calling code to use normal Visual Basic assignment'. [L:\New Restauraunt Pos\src\RestaurantPOS14\RestaurantPOS14.vbproj]
L:\New Restauraunt Pos\src\RestaurantPOS14\RestaurantPOS14\frmPizzaModifiers.vb(685,20): warning BC40054: 'Public Sub New()' in designer-generated type 'frmPizzaModifiers' should call InitializeComponent method. [L:\New Restauraunt Pos\src\RestaurantPOS14\RestaurantPOS14.vbproj]
L:\New Restauraunt Pos\src\RestaurantPOS14\RestaurantPOS14\frmPizzaMaster.vb(725,20): warning BC40054: 'Public Sub New()' in designer-generated type 'frmPizzaMaster' should call InitializeComponent method. [L:\New Restauraunt Pos\src\RestaurantPOS14\RestaurantPOS14.vbproj]
L:\New Restauraunt Pos\src\RestaurantPOS14\RestaurantPOS14\frmPayroll_HB.vb(1457,76): warning BC40000: 'Public Shared Function __Assign(Of SqlConnection)(ByRef target As SqlConnection, value As SqlConnection) As SqlConnection' is obsolete: 'Please refactor calling code to use normal Visual Basic assignment'. [L:\New Restauraunt Pos\src\RestaurantPOS14\RestaurantPOS14.vbproj]
L:\New Restauraunt Pos\src\RestaurantPOS14\RestaurantPOS14\frmPizzaToppingsExportImport.vb(323,20): warning BC40054: 'Public Sub New()' in designer-generated type 'frmPizzaToppingsExportImport' should call InitializeComponent method. [L:\New Restauraunt Pos\src\RestaurantPOS14\RestaurantPOS14.vbproj]
L:\New Restauraunt Pos\src\RestaurantPOS14\RestaurantPOS14\frmPizzaPOS.vb(855,20): warning BC40054: 'Public Sub New()' in designer-generated type 'frmPizzaPOS' should call InitializeComponent method. [L:\New Restauraunt Pos\src\RestaurantPOS14\RestaurantPOS14.vbproj]
L:\New Restauraunt Pos\src\RestaurantPOS14\RestaurantPOS14\frmRestaurantPOSEBRecord_Unpaid.vb(959,53): warning BC40000: 'Public Shared Function __Assign(Of Point)(ByRef target As Point, value As Point) As Point' is obsolete: 'Please refactor calling code to use normal Visual Basic assignment'. [L:\New Restauraunt Pos\src\RestaurantPOS14\RestaurantPOS14.vbproj]
L:\New Restauraunt Pos\src\RestaurantPOS14\RestaurantPOS14\frmPurchaseOrder.vb(2083,76): warning BC40000: 'Public Shared Function __Assign(Of SqlConnection)(ByRef target As SqlConnection, value As SqlConnection) As SqlConnection' is obsolete: 'Please refactor calling code to use normal Visual Basic assignment'. [L:\New Restauraunt Pos\src\RestaurantPOS14\RestaurantPOS14.vbproj]
L:\New Restauraunt Pos\src\RestaurantPOS14\RestaurantPOS14\frmRestaurantPOSTARecord_Unpaid.vb(1002,53): warning BC40000: 'Public Shared Function __Assign(Of Point)(ByRef target As Point, value As Point) As Point' is obsolete: 'Please refactor calling code to use normal Visual Basic assignment'. [L:\New Restauraunt Pos\src\RestaurantPOS14\RestaurantPOS14.vbproj]
L:\New Restauraunt Pos\src\RestaurantPOS14\RestaurantPOS14\frmPizzaToppings.vb(669,20): warning BC40054: 'Public Sub New()' in designer-generated type 'frmPizzaToppings' should call InitializeComponent method. [L:\New Restauraunt Pos\src\RestaurantPOS14\RestaurantPOS14.vbproj]
L:\New Restauraunt Pos\src\RestaurantPOS14\RestaurantPOS14\frmRegistration.vb(1564,20): warning BC40000: 'Public Shared Function __Assign(Of TextBox)(ByRef target As TextBox, value As TextBox) As TextBox' is obsolete: 'Please refactor calling code to use normal Visual Basic assignment'. [L:\New Restauraunt Pos\src\RestaurantPOS14\RestaurantPOS14.vbproj]
L:\New Restauraunt Pos\src\RestaurantPOS14\RestaurantPOS14\frmRegistration.vb(1567,20): warning BC40000: 'Public Shared Function __Assign(Of TextBox)(ByRef target As TextBox, value As TextBox) As TextBox' is obsolete: 'Please refactor calling code to use normal Visual Basic assignment'. [L:\New Restauraunt Pos\src\RestaurantPOS14\RestaurantPOS14.vbproj]
L:\New Restauraunt Pos\src\RestaurantPOS14\RestaurantPOS14\frmRecipe.vb(1361,76): warning BC40000: 'Public Shared Function __Assign(Of SqlConnection)(ByRef target As SqlConnection, value As SqlConnection) As SqlConnection' is obsolete: 'Please refactor calling code to use normal Visual Basic assignment'. [L:\New Restauraunt Pos\src\RestaurantPOS14\RestaurantPOS14.vbproj]
L:\New Restauraunt Pos\src\RestaurantPOS14\RestaurantPOS14\frmSystemInfo.vb(1039,20): warning BC40000: 'Public Shared Overloads Function GetHostByName(hostName As String) As IPHostEntry' is obsolete: 'GetHostByName is obsoleted for this type, please use GetHostEntry instead. http://go.microsoft.com/fwlink/?linkid=14202'. [L:\New Restauraunt Pos\src\RestaurantPOS14\RestaurantPOS14.vbproj]
L:\New Restauraunt Pos\src\RestaurantPOS14\RestaurantPOS14\frmStockTransfer.vb(1544,76): warning BC40000: 'Public Shared Function __Assign(Of SqlConnection)(ByRef target As SqlConnection, value As SqlConnection) As SqlConnection' is obsolete: 'Please refactor calling code to use normal Visual Basic assignment'. [L:\New Restauraunt Pos\src\RestaurantPOS14\RestaurantPOS14.vbproj]
L:\New Restauraunt Pos\src\RestaurantPOS14\RestaurantPOS14\My\InternalXmlHelper.vb(128,20): warning BC40000: 'Public Shared Function __Assign(Of XElement)(ByRef target As XElement, value As XElement) As XElement' is obsolete: 'Please refactor calling code to use normal Visual Basic assignment'. [L:\New Restauraunt Pos\src\RestaurantPOS14\RestaurantPOS14.vbproj]
L:\New Restauraunt Pos\src\RestaurantPOS14\RestaurantPOS14\My\InternalXmlHelper.vb(132,20): warning BC40000: 'Public Shared Function __Assign(Of IEnumerable)(ByRef target As IEnumerable, value As IEnumerable) As IEnumerable' is obsolete: 'Please refactor calling code to use normal Visual Basic assignment'. [L:\New Restauraunt Pos\src\RestaurantPOS14\RestaurantPOS14.vbproj]
L:\New Restauraunt Pos\src\RestaurantPOS14\RestaurantPOS14\My\InternalXmlHelper.vb(147,16): warning BC40000: 'Public Shared Function __Assign(Of IEnumerable(Of XElement))(ByRef target As IEnumerable(Of XElement), value As IEnumerable(Of XElement)) As IEnumerable(Of XElement)' is obsolete: 'Please refactor calling code to use normal Visual Basic assignment'. [L:\New Restauraunt Pos\src\RestaurantPOS14\RestaurantPOS14.vbproj]
L:\New Restauraunt Pos\src\RestaurantPOS14\RestaurantPOS14\My\InternalXmlHelper.vb(42,20): warning BC40000: 'Public Shared Function __Assign(Of XElement)(ByRef target As XElement, value As XElement) As XElement' is obsolete: 'Please refactor calling code to use normal Visual Basic assignment'. [L:\New Restauraunt Pos\src\RestaurantPOS14\RestaurantPOS14.vbproj]
L:\New Restauraunt Pos\src\RestaurantPOS14\RestaurantPOS14\frmVoucher.vb(977,76): warning BC40000: 'Public Shared Function __Assign(Of SqlConnection)(ByRef target As SqlConnection, value As SqlConnection) As SqlConnection' is obsolete: 'Please refactor calling code to use normal Visual Basic assignment'. [L:\New Restauraunt Pos\src\RestaurantPOS14\RestaurantPOS14.vbproj]
L:\New Restauraunt Pos\src\RestaurantPOS14\RestaurantPOS14\ModFunc.vb(592,20): warning BC40000: 'Public Shared Function __Assign(Of ReportDocument)(ByRef target As ReportDocument, value As ReportDocument) As ReportDocument' is obsolete: 'Please refactor calling code to use normal Visual Basic assignment'. [L:\New Restauraunt Pos\src\RestaurantPOS14\RestaurantPOS14.vbproj]
L:\New Restauraunt Pos\src\RestaurantPOS14\RestaurantPOS14\ModFunc.vb(611,16): warning BC40000: 'Public Shared Function __Assign(Of ReportDocument)(ByRef target As ReportDocument, value As ReportDocument) As ReportDocument' is obsolete: 'Please refactor calling code to use normal Visual Basic assignment'. [L:\New Restauraunt Pos\src\RestaurantPOS14\RestaurantPOS14.vbproj]
L:\New Restauraunt Pos\src\RestaurantPOS14\RestaurantPOS14\frmPOS.vb(19732,77): warning BC40000: 'Public Shared Function __Assign(Of SqlConnection)(ByRef target As SqlConnection, value As SqlConnection) As SqlConnection' is obsolete: 'Please refactor calling code to use normal Visual Basic assignment'. [L:\New Restauraunt Pos\src\RestaurantPOS14\RestaurantPOS14.vbproj]
L:\New Restauraunt Pos\src\RestaurantPOS14\RestaurantPOS14\frmPOS.vb(21132,76): warning BC40000: 'Public Shared Function __Assign(Of SqlConnection)(ByRef target As SqlConnection, value As SqlConnection) As SqlConnection' is obsolete: 'Please refactor calling code to use normal Visual Basic assignment'. [L:\New Restauraunt Pos\src\RestaurantPOS14\RestaurantPOS14.vbproj]
L:\New Restauraunt Pos\src\RestaurantPOS14\RestaurantPOS14\frmPOS.vb(21146,205): warning BC42030: Variable 'uinKOT' is passed by reference before it has been assigned a value. A null reference exception could result at runtime. [L:\New Restauraunt Pos\src\RestaurantPOS14\RestaurantPOS14.vbproj]
L:\New Restauraunt Pos\src\RestaurantPOS14\RestaurantPOS14\frmPOS.vb(21146,213): warning BC42030: Variable 'qrKOT' is passed by reference before it has been assigned a value. A null reference exception could result at runtime. [L:\New Restauraunt Pos\src\RestaurantPOS14\RestaurantPOS14.vbproj]
L:\New Restauraunt Pos\src\RestaurantPOS14\RestaurantPOS14\frmPOS.vb(21209,77): warning BC40000: 'Public Shared Function __Assign(Of SqlConnection)(ByRef target As SqlConnection, value As SqlConnection) As SqlConnection' is obsolete: 'Please refactor calling code to use normal Visual Basic assignment'. [L:\New Restauraunt Pos\src\RestaurantPOS14\RestaurantPOS14.vbproj]
L:\New Restauraunt Pos\src\RestaurantPOS14\RestaurantPOS14\frmPOS.vb(21247,72): warning BC40000: 'Public Shared Function __Assign(Of SqlConnection)(ByRef target As SqlConnection, value As SqlConnection) As SqlConnection' is obsolete: 'Please refactor calling code to use normal Visual Basic assignment'. [L:\New Restauraunt Pos\src\RestaurantPOS14\RestaurantPOS14.vbproj]
L:\New Restauraunt Pos\src\RestaurantPOS14\RestaurantPOS14\frmPOS.vb(21261,200): warning BC42030: Variable 'uinTA' is passed by reference before it has been assigned a value. A null reference exception could result at runtime. [L:\New Restauraunt Pos\src\RestaurantPOS14\RestaurantPOS14.vbproj]
L:\New Restauraunt Pos\src\RestaurantPOS14\RestaurantPOS14\frmPOS.vb(21261,207): warning BC42030: Variable 'qrTA' is passed by reference before it has been assigned a value. A null reference exception could result at runtime. [L:\New Restauraunt Pos\src\RestaurantPOS14\RestaurantPOS14.vbproj]
L:\New Restauraunt Pos\src\RestaurantPOS14\RestaurantPOS14\frmPOS.vb(21337,77): warning BC40000: 'Public Shared Function __Assign(Of SqlConnection)(ByRef target As SqlConnection, value As SqlConnection) As SqlConnection' is obsolete: 'Please refactor calling code to use normal Visual Basic assignment'. [L:\New Restauraunt Pos\src\RestaurantPOS14\RestaurantPOS14.vbproj]
L:\New Restauraunt Pos\src\RestaurantPOS14\RestaurantPOS14\frmPOS.vb(21375,72): warning BC40000: 'Public Shared Function __Assign(Of SqlConnection)(ByRef target As SqlConnection, value As SqlConnection) As SqlConnection' is obsolete: 'Please refactor calling code to use normal Visual Basic assignment'. [L:\New Restauraunt Pos\src\RestaurantPOS14\RestaurantPOS14.vbproj]
L:\New Restauraunt Pos\src\RestaurantPOS14\RestaurantPOS14\frmPOS.vb(21389,200): warning BC42030: Variable 'uinHD' is passed by reference before it has been assigned a value. A null reference exception could result at runtime. [L:\New Restauraunt Pos\src\RestaurantPOS14\RestaurantPOS14.vbproj]
L:\New Restauraunt Pos\src\RestaurantPOS14\RestaurantPOS14\frmPOS.vb(21389,207): warning BC42030: Variable 'qrHD' is passed by reference before it has been assigned a value. A null reference exception could result at runtime. [L:\New Restauraunt Pos\src\RestaurantPOS14\RestaurantPOS14.vbproj]
L:\New Restauraunt Pos\src\RestaurantPOS14\RestaurantPOS14\frmPOS.vb(23940,77): warning BC40000: 'Public Shared Function __Assign(Of SqlConnection)(ByRef target As SqlConnection, value As SqlConnection) As SqlConnection' is obsolete: 'Please refactor calling code to use normal Visual Basic assignment'. [L:\New Restauraunt Pos\src\RestaurantPOS14\RestaurantPOS14.vbproj]
L:\New Restauraunt Pos\src\RestaurantPOS14\RestaurantPOS14\frmPOS.vb(23978,72): warning BC40000: 'Public Shared Function __Assign(Of SqlConnection)(ByRef target As SqlConnection, value As SqlConnection) As SqlConnection' is obsolete: 'Please refactor calling code to use normal Visual Basic assignment'. [L:\New Restauraunt Pos\src\RestaurantPOS14\RestaurantPOS14.vbproj]
L:\New Restauraunt Pos\src\RestaurantPOS14\RestaurantPOS14\frmPOS.vb(23992,200): warning BC42030: Variable 'uinEB' is passed by reference before it has been assigned a value. A null reference exception could result at runtime. [L:\New Restauraunt Pos\src\RestaurantPOS14\RestaurantPOS14.vbproj]
L:\New Restauraunt Pos\src\RestaurantPOS14\RestaurantPOS14\frmPOS.vb(23992,207): warning BC42030: Variable 'qrEB' is passed by reference before it has been assigned a value. A null reference exception could result at runtime. [L:\New Restauraunt Pos\src\RestaurantPOS14\RestaurantPOS14.vbproj]
L:\New Restauraunt Pos\src\RestaurantPOS14\RestaurantPOS14\frmPOS.vb(25081,77): warning BC40000: 'Public Shared Function __Assign(Of SqlConnection)(ByRef target As SqlConnection, value As SqlConnection) As SqlConnection' is obsolete: 'Please refactor calling code to use normal Visual Basic assignment'. [L:\New Restauraunt Pos\src\RestaurantPOS14\RestaurantPOS14.vbproj]
L:\New Restauraunt Pos\src\RestaurantPOS14\RestaurantPOS14\frmPOS.vb(25138,77): warning BC40000: 'Public Shared Function __Assign(Of SqlConnection)(ByRef target As SqlConnection, value As SqlConnection) As SqlConnection' is obsolete: 'Please refactor calling code to use normal Visual Basic assignment'. [L:\New Restauraunt Pos\src\RestaurantPOS14\RestaurantPOS14.vbproj]
L:\New Restauraunt Pos\src\RestaurantPOS14\RestaurantPOS14\frmPOS.vb(25788,32): warning BC42356: This async method lacks 'Await' operators and so will run synchronously. Consider using the 'Await' operator to await non-blocking API calls, or 'Await Task.Run(...)' to do CPU-bound work on a background thread. [L:\New Restauraunt Pos\src\RestaurantPOS14\RestaurantPOS14.vbproj]
L:\New Restauraunt Pos\src\RestaurantPOS14\RestaurantPOS14\EInvoicing\EInvoiceClient.vb(57,41): error BC30182: Type expected. [L:\New Restauraunt Pos\src\RestaurantPOS14\RestaurantPOS14.vbproj]
L:\New Restauraunt Pos\src\RestaurantPOS14\RestaurantPOS14\EInvoicing\EInvoiceClient.vb(83,41): error BC30182: Type expected. [L:\New Restauraunt Pos\src\RestaurantPOS14\RestaurantPOS14.vbproj]
L:\New Restauraunt Pos\src\RestaurantPOS14\RestaurantPOS14\EInvoicing\EInvoiceClient.vb(106,41): error BC30182: Type expected. [L:\New Restauraunt Pos\src\RestaurantPOS14\RestaurantPOS14.vbproj]
L:\New Restauraunt Pos\src\RestaurantPOS14\RestaurantPOS14\EInvoicing\EInvoiceClient.vb(158,23): error BC30182: Type expected. [L:\New Restauraunt Pos\src\RestaurantPOS14\RestaurantPOS14.vbproj]
L:\New Restauraunt Pos\src\RestaurantPOS14\RestaurantPOS14\frmPOSReport_CRViewer.vb(238,63): error BC30456: 'btnPrint_Click' is not a member of 'frmPOSReport_CRViewer'. [L:\New Restauraunt Pos\src\RestaurantPOS14\RestaurantPOS14.vbproj]
L:\New Restauraunt Pos\src\RestaurantPOS14\RestaurantPOS14\frmPOSReport_CRViewer.vb(259,63): error BC30456: 'Button1_Click_1' is not a member of 'frmPOSReport_CRViewer'. [L:\New Restauraunt Pos\src\RestaurantPOS14\RestaurantPOS14.vbproj]
L:\New Restauraunt Pos\src\RestaurantPOS14\RestaurantPOS14\frmPOSReport.vb(762,63): error BC30456: 'Button4_Click' is not a member of 'frmPOSReport'. [L:\New Restauraunt Pos\src\RestaurantPOS14\RestaurantPOS14.vbproj]
L:\New Restauraunt Pos\src\RestaurantPOS14\RestaurantPOS14\frmPOSReport.vb(783,63): error BC30456: 'Button3_Click' is not a member of 'frmPOSReport'. [L:\New Restauraunt Pos\src\RestaurantPOS14\RestaurantPOS14.vbproj]
L:\New Restauraunt Pos\src\RestaurantPOS14\RestaurantPOS14\frmPOSReport.vb(804,63): error BC30456: 'Button2_Click' is not a member of 'frmPOSReport'. [L:\New Restauraunt Pos\src\RestaurantPOS14\RestaurantPOS14.vbproj]
L:\New Restauraunt Pos\src\RestaurantPOS14\RestaurantPOS14\frmPOSReport.vb(825,63): error BC30456: 'Button1_Click' is not a member of 'frmPOSReport'. [L:\New Restauraunt Pos\src\RestaurantPOS14\RestaurantPOS14.vbproj]
L:\New Restauraunt Pos\src\RestaurantPOS14\RestaurantPOS14\frmPOSReport.vb(846,63): error BC30456: 'btnExportExcel_Click' is not a member of 'frmPOSReport'. [L:\New Restauraunt Pos\src\RestaurantPOS14\RestaurantPOS14.vbproj]
L:\New Restauraunt Pos\src\RestaurantPOS14\RestaurantPOS14\frmPOSReport_CRViewer1.vb(238,63): error BC30456: 'btnPrint_Click' is not a member of 'frmPOSReport_CRViewer1'. [L:\New Restauraunt Pos\src\RestaurantPOS14\RestaurantPOS14.vbproj]
L:\New Restauraunt Pos\src\RestaurantPOS14\RestaurantPOS14\frmPOSReport_CRViewer1.vb(259,63): error BC30456: 'Button1_Click_1' is not a member of 'frmPOSReport_CRViewer1'. [L:\New Restauraunt Pos\src\RestaurantPOS14\RestaurantPOS14.vbproj]
L:\New Restauraunt Pos\src\RestaurantPOS14\RestaurantPOS14\ModFunc.vb(121,13): error BC30451: '__' is not declared. It may be inaccessible due to its protection level. [L:\New Restauraunt Pos\src\RestaurantPOS14\RestaurantPOS14.vbproj]
L:\New Restauraunt Pos\src\RestaurantPOS14\RestaurantPOS14\ModFunc.vb(125,13): error BC30451: '__' is not declared. It may be inaccessible due to its protection level. [L:\New Restauraunt Pos\src\RestaurantPOS14\RestaurantPOS14.vbproj]
L:\New Restauraunt Pos\src\RestaurantPOS14\RestaurantPOS14\ModFunc.vb(130,13): error BC30451: '__' is not declared. It may be inaccessible due to its protection level. [L:\New Restauraunt Pos\src\RestaurantPOS14\RestaurantPOS14.vbproj]
L:\New Restauraunt Pos\src\RestaurantPOS14\RestaurantPOS14\ModFunc.vb(600,21): error BC30451: '__' is not declared. It may be inaccessible due to its protection level. [L:\New Restauraunt Pos\src\RestaurantPOS14\RestaurantPOS14.vbproj]
L:\New Restauraunt Pos\src\RestaurantPOS14\RestaurantPOS14\ModFunc.vb(604,21): error BC30451: '__' is not declared. It may be inaccessible due to its protection level. [L:\New Restauraunt Pos\src\RestaurantPOS14\RestaurantPOS14.vbproj]
L:\New Restauraunt Pos\src\RestaurantPOS14\RestaurantPOS14\ModFunc.vb(612,22): error BC30456: 'FixDocApplyServiceChargeLabel' is not a member of 'ModFunc'. [L:\New Restauraunt Pos\src\RestaurantPOS14\RestaurantPOS14.vbproj]
L:\New Restauraunt Pos\src\RestaurantPOS14\RestaurantPOS14\RPOS_DBDataSet.vb(505,20): error BC30456: 'ActivationRowChangedEvent' is not a member of 'RPOS_DBDataSet.ActivationDataTable'. [L:\New Restauraunt Pos\src\RestaurantPOS14\RestaurantPOS14.vbproj]
L:\New Restauraunt Pos\src\RestaurantPOS14\RestaurantPOS14\RPOS_DBDataSet.vb(506,32): error BC30451: 'ActivationRowChanged' is not declared. It may be inaccessible due to its protection level. [L:\New Restauraunt Pos\src\RestaurantPOS14\RestaurantPOS14.vbproj]
L:\New Restauraunt Pos\src\RestaurantPOS14\RestaurantPOS14\RPOS_DBDataSet.vb(514,20): error BC30456: 'ActivationRowChangingEvent' is not a member of 'RPOS_DBDataSet.ActivationDataTable'. [L:\New Restauraunt Pos\src\RestaurantPOS14\RestaurantPOS14.vbproj]
L:\New Restauraunt Pos\src\RestaurantPOS14\RestaurantPOS14\RPOS_DBDataSet.vb(515,32): error BC30451: 'ActivationRowChanging' is not declared. It may be inaccessible due to its protection level. [L:\New Restauraunt Pos\src\RestaurantPOS14\RestaurantPOS14.vbproj]
L:\New Restauraunt Pos\src\RestaurantPOS14\RestaurantPOS14\RPOS_DBDataSet.vb(523,20): error BC30456: 'ActivationRowDeletedEvent' is not a member of 'RPOS_DBDataSet.ActivationDataTable'. [L:\New Restauraunt Pos\src\RestaurantPOS14\RestaurantPOS14.vbproj]
L:\New Restauraunt Pos\src\RestaurantPOS14\RestaurantPOS14\RPOS_DBDataSet.vb(524,32): error BC30451: 'ActivationRowDeleted' is not declared. It may be inaccessible due to its protection level. [L:\New Restauraunt Pos\src\RestaurantPOS14\RestaurantPOS14.vbproj]
L:\New Restauraunt Pos\src\RestaurantPOS14\RestaurantPOS14\RPOS_DBDataSet.vb(532,20): error BC30456: 'ActivationRowDeletingEvent' is not a member of 'RPOS_DBDataSet.ActivationDataTable'. [L:\New Restauraunt Pos\src\RestaurantPOS14\RestaurantPOS14.vbproj]
L:\New Restauraunt Pos\src\RestaurantPOS14\RestaurantPOS14\RPOS_DBDataSet.vb(533,32): error BC30451: 'ActivationRowDeleting' is not declared. It may be inaccessible due to its protection level. [L:\New Restauraunt Pos\src\RestaurantPOS14\RestaurantPOS14.vbproj]
L:\New Restauraunt Pos\src\RestaurantPOS14\RestaurantPOS14\RPOS_DBDataSet.vb(1807,20): error BC30456: 'CreditCustomerLedgerRowChangedEvent' is not a member of 'RPOS_DBDataSet.CreditCustomerLedgerDataTable'. [L:\New Restauraunt Pos\src\RestaurantPOS14\RestaurantPOS14.vbproj]
L:\New Restauraunt Pos\src\RestaurantPOS14\RestaurantPOS14\RPOS_DBDataSet.vb(1808,32): error BC30451: 'CreditCustomerLedgerRowChanged' is not declared. It may be inaccessible due to its protection level. [L:\New Restauraunt Pos\src\RestaurantPOS14\RestaurantPOS14.vbproj]
L:\New Restauraunt Pos\src\RestaurantPOS14\RestaurantPOS14\RPOS_DBDataSet.vb(1816,20): error BC30456: 'CreditCustomerLedgerRowChangingEvent' is not a member of 'RPOS_DBDataSet.CreditCustomerLedgerDataTable'. [L:\New Restauraunt Pos\src\RestaurantPOS14\RestaurantPOS14.vbproj]
L:\New Restauraunt Pos\src\RestaurantPOS14\RestaurantPOS14\RPOS_DBDataSet.vb(1817,32): error BC30451: 'CreditCustomerLedgerRowChanging' is not declared. It may be inaccessible due to its protection level. [L:\New Restauraunt Pos\src\RestaurantPOS14\RestaurantPOS14.vbproj]
L:\New Restauraunt Pos\src\RestaurantPOS14\RestaurantPOS14\RPOS_DBDataSet.vb(2247,20): error BC30456: 'CreditCustomerPaymentRowChangedEvent' is not a member of 'RPOS_DBDataSet.CreditCustomerPaymentDataTable'. [L:\New Restauraunt Pos\src\RestaurantPOS14\RestaurantPOS14.vbproj]
L:\New Restauraunt Pos\src\RestaurantPOS14\RestaurantPOS14\RPOS_DBDataSet.vb(2248,32): error BC30451: 'CreditCustomerPaymentRowChanged' is not declared. It may be inaccessible due to its protection level. [L:\New Restauraunt Pos\src\RestaurantPOS14\RestaurantPOS14.vbproj]
L:\New Restauraunt Pos\src\RestaurantPOS14\RestaurantPOS14\RPOS_DBDataSet.vb(1825,20): error BC30456: 'CreditCustomerLedgerRowDeletedEvent' is not a member of 'RPOS_DBDataSet.CreditCustomerLedgerDataTable'. [L:\New Restauraunt Pos\src\RestaurantPOS14\RestaurantPOS14.vbproj]
L:\New Restauraunt Pos\src\RestaurantPOS14\RestaurantPOS14\RPOS_DBDataSet.vb(1826,32): error BC30451: 'CreditCustomerLedgerRowDeleted' is not declared. It may be inaccessible due to its protection level. [L:\New Restauraunt Pos\src\RestaurantPOS14\RestaurantPOS14.vbproj]
L:\New Restauraunt Pos\src\RestaurantPOS14\RestaurantPOS14\RPOS_DBDataSet.vb(2256,20): error BC30456: 'CreditCustomerPaymentRowChangingEvent' is not a member of 'RPOS_DBDataSet.CreditCustomerPaymentDataTable'. [L:\New Restauraunt Pos\src\RestaurantPOS14\RestaurantPOS14.vbproj]
L:\New Restauraunt Pos\src\RestaurantPOS14\RestaurantPOS14\RPOS_DBDataSet.vb(2257,32): error BC30451: 'CreditCustomerPaymentRowChanging' is not declared. It may be inaccessible due to its protection level. [L:\New Restauraunt Pos\src\RestaurantPOS14\RestaurantPOS14.vbproj]
L:\New Restauraunt Pos\src\RestaurantPOS14\RestaurantPOS14\RPOS_DBDataSet.vb(1834,20): error BC30456: 'CreditCustomerLedgerRowDeletingEvent' is not a member of 'RPOS_DBDataSet.CreditCustomerLedgerDataTable'. [L:\New Restauraunt Pos\src\RestaurantPOS14\RestaurantPOS14.vbproj]
L:\New Restauraunt Pos\src\RestaurantPOS14\RestaurantPOS14\RPOS_DBDataSet.vb(1835,32): error BC30451: 'CreditCustomerLedgerRowDeleting' is not declared. It may be inaccessible due to its protection level. [L:\New Restauraunt Pos\src\RestaurantPOS14\RestaurantPOS14.vbproj]
L:\New Restauraunt Pos\src\RestaurantPOS14\RestaurantPOS14\RPOS_DBDataSet.vb(2265,20): error BC30456: 'CreditCustomerPaymentRowDeletedEvent' is not a member of 'RPOS_DBDataSet.CreditCustomerPaymentDataTable'. [L:\New Restauraunt Pos\src\RestaurantPOS14\RestaurantPOS14.vbproj]
L:\New Restauraunt Pos\src\RestaurantPOS14\RestaurantPOS14\RPOS_DBDataSet.vb(2266,32): error BC30451: 'CreditCustomerPaymentRowDeleted' is not declared. It may be inaccessible due to its protection level. [L:\New Restauraunt Pos\src\RestaurantPOS14\RestaurantPOS14.vbproj]
L:\New Restauraunt Pos\src\RestaurantPOS14\RestaurantPOS14\RPOS_DBDataSet.vb(2274,20): error BC30456: 'CreditCustomerPaymentRowDeletingEvent' is not a member of 'RPOS_DBDataSet.CreditCustomerPaymentDataTable'. [L:\New Restauraunt Pos\src\RestaurantPOS14\RestaurantPOS14.vbproj]
L:\New Restauraunt Pos\src\RestaurantPOS14\RestaurantPOS14\RPOS_DBDataSet.vb(2275,32): error BC30451: 'CreditCustomerPaymentRowDeleting' is not declared. It may be inaccessible due to its protection level. [L:\New Restauraunt Pos\src\RestaurantPOS14\RestaurantPOS14.vbproj]
L:\New Restauraunt Pos\src\RestaurantPOS14\RestaurantPOS14\RPOS_DBDataSet.vb(3062,20): error BC30456: 'DishRowChangedEvent' is not a member of 'RPOS_DBDataSet.DishDataTable'. [L:\New Restauraunt Pos\src\RestaurantPOS14\RestaurantPOS14.vbproj]
L:\New Restauraunt Pos\src\RestaurantPOS14\RestaurantPOS14\RPOS_DBDataSet.vb(3063,32): error BC30451: 'DishRowChanged' is not declared. It may be inaccessible due to its protection level. [L:\New Restauraunt Pos\src\RestaurantPOS14\RestaurantPOS14.vbproj]
L:\New Restauraunt Pos\src\RestaurantPOS14\RestaurantPOS14\RPOS_DBDataSet.vb(3071,20): error BC30456: 'DishRowChangingEvent' is not a member of 'RPOS_DBDataSet.DishDataTable'. [L:\New Restauraunt Pos\src\RestaurantPOS14\RestaurantPOS14.vbproj]
L:\New Restauraunt Pos\src\RestaurantPOS14\RestaurantPOS14\RPOS_DBDataSet.vb(3072,32): error BC30451: 'DishRowChanging' is not declared. It may be inaccessible due to its protection level. [L:\New Restauraunt Pos\src\RestaurantPOS14\RestaurantPOS14.vbproj]
L:\New Restauraunt Pos\src\RestaurantPOS14\RestaurantPOS14\RPOS_DBDataSet.vb(3080,20): error BC30456: 'DishRowDeletedEvent' is not a member of 'RPOS_DBDataSet.DishDataTable'. [L:\New Restauraunt Pos\src\RestaurantPOS14\RestaurantPOS14.vbproj]
L:\New Restauraunt Pos\src\RestaurantPOS14\RestaurantPOS14\RPOS_DBDataSet.vb(3081,32): error BC30451: 'DishRowDeleted' is not declared. It may be inaccessible due to its protection level. [L:\New Restauraunt Pos\src\RestaurantPOS14\RestaurantPOS14.vbproj]
L:\New Restauraunt Pos\src\RestaurantPOS14\RestaurantPOS14\RPOS_DBDataSet.vb(3089,20): error BC30456: 'DishRowDeletingEvent' is not a member of 'RPOS_DBDataSet.DishDataTable'. [L:\New Restauraunt Pos\src\RestaurantPOS14\RestaurantPOS14.vbproj]
L:\New Restauraunt Pos\src\RestaurantPOS14\RestaurantPOS14\RPOS_DBDataSet.vb(3090,32): error BC30451: 'DishRowDeleting' is not declared. It may be inaccessible due to its protection level. [L:\New Restauraunt Pos\src\RestaurantPOS14\RestaurantPOS14.vbproj]
L:\New Restauraunt Pos\src\RestaurantPOS14\RestaurantPOS14\RPOS_DBDataSet.vb(932,20): error BC30456: 'CategoryRowChangedEvent' is not a member of 'RPOS_DBDataSet.CategoryDataTable'. [L:\New Restauraunt Pos\src\RestaurantPOS14\RestaurantPOS14.vbproj]
L:\New Restauraunt Pos\src\RestaurantPOS14\RestaurantPOS14\RPOS_DBDataSet.vb(933,32): error BC30451: 'CategoryRowChanged' is not declared. It may be inaccessible due to its protection level. [L:\New Restauraunt Pos\src\RestaurantPOS14\RestaurantPOS14.vbproj]
L:\New Restauraunt Pos\src\RestaurantPOS14\RestaurantPOS14\RPOS_DBDataSet.vb(941,20): error BC30456: 'CategoryRowChangingEvent' is not a member of 'RPOS_DBDataSet.CategoryDataTable'. [L:\New Restauraunt Pos\src\RestaurantPOS14\RestaurantPOS14.vbproj]
L:\New Restauraunt Pos\src\RestaurantPOS14\RestaurantPOS14\RPOS_DBDataSet.vb(942,32): error BC30451: 'CategoryRowChanging' is not declared. It may be inaccessible due to its protection level. [L:\New Restauraunt Pos\src\RestaurantPOS14\RestaurantPOS14.vbproj]
L:\New Restauraunt Pos\src\RestaurantPOS14\RestaurantPOS14\RPOS_DBDataSet.vb(950,20): error BC30456: 'CategoryRowDeletedEvent' is not a member of 'RPOS_DBDataSet.CategoryDataTable'. [L:\New Restauraunt Pos\src\RestaurantPOS14\RestaurantPOS14.vbproj]
L:\New Restauraunt Pos\src\RestaurantPOS14\RestaurantPOS14\RPOS_DBDataSet.vb(951,32): error BC30451: 'CategoryRowDeleted' is not declared. It may be inaccessible due to its protection level. [L:\New Restauraunt Pos\src\RestaurantPOS14\RestaurantPOS14.vbproj]
L:\New Restauraunt Pos\src\RestaurantPOS14\RestaurantPOS14\RPOS_DBDataSet.vb(959,20): error BC30456: 'CategoryRowDeletingEvent' is not a member of 'RPOS_DBDataSet.CategoryDataTable'. [L:\New Restauraunt Pos\src\RestaurantPOS14\RestaurantPOS14.vbproj]
L:\New Restauraunt Pos\src\RestaurantPOS14\RestaurantPOS14\RPOS_DBDataSet.vb(960,32): error BC30451: 'CategoryRowDeleting' is not declared. It may be inaccessible due to its protection level. [L:\New Restauraunt Pos\src\RestaurantPOS14\RestaurantPOS14.vbproj]
L:\New Restauraunt Pos\src\RestaurantPOS14\RestaurantPOS14\RPOS_DBDataSet.vb(3523,20): error BC30456: 'EmailSettingRowChangedEvent' is not a member of 'RPOS_DBDataSet.EmailSettingDataTable'. [L:\New Restauraunt Pos\src\RestaurantPOS14\RestaurantPOS14.vbproj]
L:\New Restauraunt Pos\src\RestaurantPOS14\RestaurantPOS14\RPOS_DBDataSet.vb(3524,32): error BC30451: 'EmailSettingRowChanged' is not declared. It may be inaccessible due to its protection level. [L:\New Restauraunt Pos\src\RestaurantPOS14\RestaurantPOS14.vbproj]
L:\New Restauraunt Pos\src\RestaurantPOS14\RestaurantPOS14\RPOS_DBDataSet.vb(3532,20): error BC30456: 'EmailSettingRowChangingEvent' is not a member of 'RPOS_DBDataSet.EmailSettingDataTable'. [L:\New Restauraunt Pos\src\RestaurantPOS14\RestaurantPOS14.vbproj]
L:\New Restauraunt Pos\src\RestaurantPOS14\RestaurantPOS14\RPOS_DBDataSet.vb(3533,32): error BC30451: 'EmailSettingRowChanging' is not declared. It may be inaccessible due to its protection level. [L:\New Restauraunt Pos\src\RestaurantPOS14\RestaurantPOS14.vbproj]
L:\New Restauraunt Pos\src\RestaurantPOS14\RestaurantPOS14\RPOS_DBDataSet.vb(3541,20): error BC30456: 'EmailSettingRowDeletedEvent' is not a member of 'RPOS_DBDataSet.EmailSettingDataTable'. [L:\New Restauraunt Pos\src\RestaurantPOS14\RestaurantPOS14.vbproj]
L:\New Restauraunt Pos\src\RestaurantPOS14\RestaurantPOS14\RPOS_DBDataSet.vb(3542,32): error BC30451: 'EmailSettingRowDeleted' is not declared. It may be inaccessible due to its protection level. [L:\New Restauraunt Pos\src\RestaurantPOS14\RestaurantPOS14.vbproj]
L:\New Restauraunt Pos\src\RestaurantPOS14\RestaurantPOS14\RPOS_DBDataSet.vb(3550,20): error BC30456: 'EmailSettingRowDeletingEvent' is not a member of 'RPOS_DBDataSet.EmailSettingDataTable'. [L:\New Restauraunt Pos\src\RestaurantPOS14\RestaurantPOS14.vbproj]
L:\New Restauraunt Pos\src\RestaurantPOS14\RestaurantPOS14\RPOS_DBDataSet.vb(3551,32): error BC30451: 'EmailSettingRowDeleting' is not declared. It may be inaccessible due to its protection level. [L:\New Restauraunt Pos\src\RestaurantPOS14\RestaurantPOS14.vbproj]
L:\New Restauraunt Pos\src\RestaurantPOS14\RestaurantPOS14\RPOS_DBDataSet.vb(3990,20): error BC30456: 'EmployeeRegistrationRowChangedEvent' is not a member of 'RPOS_DBDataSet.EmployeeRegistrationDataTable'. [L:\New Restauraunt Pos\src\RestaurantPOS14\RestaurantPOS14.vbproj]
L:\New Restauraunt Pos\src\RestaurantPOS14\RestaurantPOS14\RPOS_DBDataSet.vb(3991,32): error BC30451: 'EmployeeRegistrationRowChanged' is not declared. It may be inaccessible due to its protection level. [L:\New Restauraunt Pos\src\RestaurantPOS14\RestaurantPOS14.vbproj]
L:\New Restauraunt Pos\src\RestaurantPOS14\RestaurantPOS14\RPOS_DBDataSet.vb(3999,20): error BC30456: 'EmployeeRegistrationRowChangingEvent' is not a member of 'RPOS_DBDataSet.EmployeeRegistrationDataTable'. [L:\New Restauraunt Pos\src\RestaurantPOS14\RestaurantPOS14.vbproj]
L:\New Restauraunt Pos\src\RestaurantPOS14\RestaurantPOS14\RPOS_DBDataSet.vb(4000,32): error BC30451: 'EmployeeRegistrationRowChanging' is not declared. It may be inaccessible due to its protection level. [L:\New Restauraunt Pos\src\RestaurantPOS14\RestaurantPOS14.vbproj]
L:\New Restauraunt Pos\src\RestaurantPOS14\RestaurantPOS14\RPOS_DBDataSet.vb(4008,20): error BC30456: 'EmployeeRegistrationRowDeletedEvent' is not a member of 'RPOS_DBDataSet.EmployeeRegistrationDataTable'. [L:\New Restauraunt Pos\src\RestaurantPOS14\RestaurantPOS14.vbproj]
L:\New Restauraunt Pos\src\RestaurantPOS14\RestaurantPOS14\RPOS_DBDataSet.vb(4009,32): error BC30451: 'EmployeeRegistrationRowDeleted' is not declared. It may be inaccessible due to its protection level. [L:\New Restauraunt Pos\src\RestaurantPOS14\RestaurantPOS14.vbproj]
L:\New Restauraunt Pos\src\RestaurantPOS14\RestaurantPOS14\RPOS_DBDataSet.vb(4017,20): error BC30456: 'EmployeeRegistrationRowDeletingEvent' is not a member of 'RPOS_DBDataSet.EmployeeRegistrationDataTable'. [L:\New Restauraunt Pos\src\RestaurantPOS14\RestaurantPOS14.vbproj]
L:\New Restauraunt Pos\src\RestaurantPOS14\RestaurantPOS14\RPOS_DBDataSet.vb(4018,32): error BC30451: 'EmployeeRegistrationRowDeleting' is not declared. It may be inaccessible due to its protection level. [L:\New Restauraunt Pos\src\RestaurantPOS14\RestaurantPOS14.vbproj]
L:\New Restauraunt Pos\src\RestaurantPOS14\RestaurantPOS14\RPOS_DBDataSet.vb(4348,20): error BC30456: 'ExpenseRowChangedEvent' is not a member of 'RPOS_DBDataSet.ExpenseDataTable'. [L:\New Restauraunt Pos\src\RestaurantPOS14\RestaurantPOS14.vbproj]
L:\New Restauraunt Pos\src\RestaurantPOS14\RestaurantPOS14\RPOS_DBDataSet.vb(4349,32): error BC30451: 'ExpenseRowChanged' is not declared. It may be inaccessible due to its protection level. [L:\New Restauraunt Pos\src\RestaurantPOS14\RestaurantPOS14.vbproj]
L:\New Restauraunt Pos\src\RestaurantPOS14\RestaurantPOS14\RPOS_DBDataSet.vb(4357,20): error BC30456: 'ExpenseRowChangingEvent' is not a member of 'RPOS_DBDataSet.ExpenseDataTable'. [L:\New Restauraunt Pos\src\RestaurantPOS14\RestaurantPOS14.vbproj]
L:\New Restauraunt Pos\src\RestaurantPOS14\RestaurantPOS14\RPOS_DBDataSet.vb(4358,32): error BC30451: 'ExpenseRowChanging' is not declared. It may be inaccessible due to its protection level. [L:\New Restauraunt Pos\src\RestaurantPOS14\RestaurantPOS14.vbproj]
L:\New Restauraunt Pos\src\RestaurantPOS14\RestaurantPOS14\RPOS_DBDataSet.vb(4366,20): error BC30456: 'ExpenseRowDeletedEvent' is not a member of 'RPOS_DBDataSet.ExpenseDataTable'. [L:\New Restauraunt Pos\src\RestaurantPOS14\RestaurantPOS14.vbproj]
L:\New Restauraunt Pos\src\RestaurantPOS14\RestaurantPOS14\RPOS_DBDataSet.vb(4367,32): error BC30451: 'ExpenseRowDeleted' is not declared. It may be inaccessible due to its protection level. [L:\New Restauraunt Pos\src\RestaurantPOS14\RestaurantPOS14.vbproj]
L:\New Restauraunt Pos\src\RestaurantPOS14\RestaurantPOS14\RPOS_DBDataSet.vb(4375,20): error BC30456: 'ExpenseRowDeletingEvent' is not a member of 'RPOS_DBDataSet.ExpenseDataTable'. [L:\New Restauraunt Pos\src\RestaurantPOS14\RestaurantPOS14.vbproj]
L:\New Restauraunt Pos\src\RestaurantPOS14\RestaurantPOS14\RPOS_DBDataSet.vb(4376,32): error BC30451: 'ExpenseRowDeleting' is not declared. It may be inaccessible due to its protection level. [L:\New Restauraunt Pos\src\RestaurantPOS14\RestaurantPOS14.vbproj]
L:\New Restauraunt Pos\src\RestaurantPOS14\RestaurantPOS14\RPOS_DBDataSet.vb(2615,20): error BC30456: 'CurrencyRowChangedEvent' is not a member of 'RPOS_DBDataSet.CurrencyDataTable'. [L:\New Restauraunt Pos\src\RestaurantPOS14\RestaurantPOS14.vbproj]
L:\New Restauraunt Pos\src\RestaurantPOS14\RestaurantPOS14\RPOS_DBDataSet.vb(2616,32): error BC30451: 'CurrencyRowChanged' is not declared. It may be inaccessible due to its protection level. [L:\New Restauraunt Pos\src\RestaurantPOS14\RestaurantPOS14.vbproj]
L:\New Restauraunt Pos\src\RestaurantPOS14\RestaurantPOS14\RPOS_DBDataSet.vb(2624,20): error BC30456: 'CurrencyRowChangingEvent' is not a member of 'RPOS_DBDataSet.CurrencyDataTable'. [L:\New Restauraunt Pos\src\RestaurantPOS14\RestaurantPOS14.vbproj]
L:\New Restauraunt Pos\src\RestaurantPOS14\RestaurantPOS14\RPOS_DBDataSet.vb(2625,32): error BC30451: 'CurrencyRowChanging' is not declared. It may be inaccessible due to its protection level. [L:\New Restauraunt Pos\src\RestaurantPOS14\RestaurantPOS14.vbproj]
L:\New Restauraunt Pos\src\RestaurantPOS14\RestaurantPOS14\RPOS_DBDataSet.vb(2633,20): error BC30456: 'CurrencyRowDeletedEvent' is not a member of 'RPOS_DBDataSet.CurrencyDataTable'. [L:\New Restauraunt Pos\src\RestaurantPOS14\RestaurantPOS14.vbproj]
L:\New Restauraunt Pos\src\RestaurantPOS14\RestaurantPOS14\RPOS_DBDataSet.vb(2634,32): error BC30451: 'CurrencyRowDeleted' is not declared. It may be inaccessible due to its protection level. [L:\New Restauraunt Pos\src\RestaurantPOS14\RestaurantPOS14.vbproj]
L:\New Restauraunt Pos\src\RestaurantPOS14\RestaurantPOS14\RPOS_DBDataSet.vb(2642,20): error BC30456: 'CurrencyRowDeletingEvent' is not a member of 'RPOS_DBDataSet.CurrencyDataTable'. [L:\New Restauraunt Pos\src\RestaurantPOS14\RestaurantPOS14.vbproj]
L:\New Restauraunt Pos\src\RestaurantPOS14\RestaurantPOS14\RPOS_DBDataSet.vb(2643,32): error BC30451: 'CurrencyRowDeleting' is not declared. It may be inaccessible due to its protection level. [L:\New Restauraunt Pos\src\RestaurantPOS14\RestaurantPOS14.vbproj]
L:\New Restauraunt Pos\src\RestaurantPOS14\RestaurantPOS14\RPOS_DBDataSet.vb(1378,20): error BC30456: 'CreditCustomerRowChangedEvent' is not a member of 'RPOS_DBDataSet.CreditCustomerDataTable'. [L:\New Restauraunt Pos\src\RestaurantPOS14\RestaurantPOS14.vbproj]
L:\New Restauraunt Pos\src\RestaurantPOS14\RestaurantPOS14\RPOS_DBDataSet.vb(1379,32): error BC30451: 'CreditCustomerRowChanged' is not declared. It may be inaccessible due to its protection level. [L:\New Restauraunt Pos\src\RestaurantPOS14\RestaurantPOS14.vbproj]
L:\New Restauraunt Pos\src\RestaurantPOS14\RestaurantPOS14\RPOS_DBDataSet.vb(1387,20): error BC30456: 'CreditCustomerRowChangingEvent' is not a member of 'RPOS_DBDataSet.CreditCustomerDataTable'. [L:\New Restauraunt Pos\src\RestaurantPOS14\RestaurantPOS14.vbproj]
L:\New Restauraunt Pos\src\RestaurantPOS14\RestaurantPOS14\RPOS_DBDataSet.vb(1388,32): error BC30451: 'CreditCustomerRowChanging' is not declared. It may be inaccessible due to its protection level. [L:\New Restauraunt Pos\src\RestaurantPOS14\RestaurantPOS14.vbproj]
L:\New Restauraunt Pos\src\RestaurantPOS14\RestaurantPOS14\RPOS_DBDataSet.vb(1396,20): error BC30456: 'CreditCustomerRowDeletedEvent' is not a member of 'RPOS_DBDataSet.CreditCustomerDataTable'. [L:\New Restauraunt Pos\src\RestaurantPOS14\RestaurantPOS14.vbproj]
L:\New Restauraunt Pos\src\RestaurantPOS14\RestaurantPOS14\RPOS_DBDataSet.vb(1397,32): error BC30451: 'CreditCustomerRowDeleted' is not declared. It may be inaccessible due to its protection level. [L:\New Restauraunt Pos\src\RestaurantPOS14\RestaurantPOS14.vbproj]
L:\New Restauraunt Pos\src\RestaurantPOS14\RestaurantPOS14\RPOS_DBDataSet.vb(1405,20): error BC30456: 'CreditCustomerRowDeletingEvent' is not a member of 'RPOS_DBDataSet.CreditCustomerDataTable'. [L:\New Restauraunt Pos\src\RestaurantPOS14\RestaurantPOS14.vbproj]
L:\New Restauraunt Pos\src\RestaurantPOS14\RestaurantPOS14\RPOS_DBDataSet.vb(1406,32): error BC30451: 'CreditCustomerRowDeleting' is not declared. It may be inaccessible due to its protection level. [L:\New Restauraunt Pos\src\RestaurantPOS14\RestaurantPOS14.vbproj]
L:\New Restauraunt Pos\src\RestaurantPOS14\RestaurantPOS14\RPOS_DBDataSet1.vb(607,20): error BC30456: 'ActivationRowChangedEvent' is not a member of 'RPOS_DBDataSet1.ActivationDataTable'. [L:\New Restauraunt Pos\src\RestaurantPOS14\RestaurantPOS14.vbproj]
L:\New Restauraunt Pos\src\RestaurantPOS14\RestaurantPOS14\RPOS_DBDataSet1.vb(608,32): error BC30451: 'ActivationRowChanged' is not declared. It may be inaccessible due to its protection level. [L:\New Restauraunt Pos\src\RestaurantPOS14\RestaurantPOS14.vbproj]
L:\New Restauraunt Pos\src\RestaurantPOS14\RestaurantPOS14\RPOS_DBDataSet1.vb(616,20): error BC30456: 'ActivationRowChangingEvent' is not a member of 'RPOS_DBDataSet1.ActivationDataTable'. [L:\New Restauraunt Pos\src\RestaurantPOS14\RestaurantPOS14.vbproj]
L:\New Restauraunt Pos\src\RestaurantPOS14\RestaurantPOS14\RPOS_DBDataSet1.vb(617,32): error BC30451: 'ActivationRowChanging' is not declared. It may be inaccessible due to its protection level. [L:\New Restauraunt Pos\src\RestaurantPOS14\RestaurantPOS14.vbproj]
L:\New Restauraunt Pos\src\RestaurantPOS14\RestaurantPOS14\RPOS_DBDataSet1.vb(625,20): error BC30456: 'ActivationRowDeletedEvent' is not a member of 'RPOS_DBDataSet1.ActivationDataTable'. [L:\New Restauraunt Pos\src\RestaurantPOS14\RestaurantPOS14.vbproj]
L:\New Restauraunt Pos\src\RestaurantPOS14\RestaurantPOS14\RPOS_DBDataSet1.vb(626,32): error BC30451: 'ActivationRowDeleted' is not declared. It may be inaccessible due to its protection level. [L:\New Restauraunt Pos\src\RestaurantPOS14\RestaurantPOS14.vbproj]
L:\New Restauraunt Pos\src\RestaurantPOS14\RestaurantPOS14\RPOS_DBDataSet1.vb(634,20): error BC30456: 'ActivationRowDeletingEvent' is not a member of 'RPOS_DBDataSet1.ActivationDataTable'. [L:\New Restauraunt Pos\src\RestaurantPOS14\RestaurantPOS14.vbproj]
L:\New Restauraunt Pos\src\RestaurantPOS14\RestaurantPOS14\RPOS_DBDataSet1.vb(635,32): error BC30451: 'ActivationRowDeleting' is not declared. It may be inaccessible due to its protection level. [L:\New Restauraunt Pos\src\RestaurantPOS14\RestaurantPOS14.vbproj]
L:\New Restauraunt Pos\src\RestaurantPOS14\RestaurantPOS14\RPOS_DBDataSet1.vb(932,20): error BC30456: 'BankRowChangedEvent' is not a member of 'RPOS_DBDataSet1.BankDataTable'. [L:\New Restauraunt Pos\src\RestaurantPOS14\RestaurantPOS14.vbproj]
L:\New Restauraunt Pos\src\RestaurantPOS14\RestaurantPOS14\RPOS_DBDataSet1.vb(933,32): error BC30451: 'BankRowChanged' is not declared. It may be inaccessible due to its protection level. [L:\New Restauraunt Pos\src\RestaurantPOS14\RestaurantPOS14.vbproj]
L:\New Restauraunt Pos\src\RestaurantPOS14\RestaurantPOS14\RPOS_DBDataSet1.vb(941,20): error BC30456: 'BankRowChangingEvent' is not a member of 'RPOS_DBDataSet1.BankDataTable'. [L:\New Restauraunt Pos\src\RestaurantPOS14\RestaurantPOS14.vbproj]
L:\New Restauraunt Pos\src\RestaurantPOS14\RestaurantPOS14\RPOS_DBDataSet1.vb(942,32): error BC30451: 'BankRowChanging' is not declared. It may be inaccessible due to its protection level. [L:\New Restauraunt Pos\src\RestaurantPOS14\RestaurantPOS14.vbproj]
L:\New Restauraunt Pos\src\RestaurantPOS14\RestaurantPOS14\RPOS_DBDataSet1.vb(950,20): error BC30456: 'BankRowDeletedEvent' is not a member of 'RPOS_DBDataSet1.BankDataTable'. [L:\New Restauraunt Pos\src\RestaurantPOS14\RestaurantPOS14.vbproj]
L:\New Restauraunt Pos\src\RestaurantPOS14\RestaurantPOS14\RPOS_DBDataSet1.vb(951,32): error BC30451: 'BankRowDeleted' is not declared. It may be inaccessible due to its protection level. [L:\New Restauraunt Pos\src\RestaurantPOS14\RestaurantPOS14.vbproj]
L:\New Restauraunt Pos\src\RestaurantPOS14\RestaurantPOS14\RPOS_DBDataSet1.vb(959,20): error BC30456: 'BankRowDeletingEvent' is not a member of 'RPOS_DBDataSet1.BankDataTable'. [L:\New Restauraunt Pos\src\RestaurantPOS14\RestaurantPOS14.vbproj]
L:\New Restauraunt Pos\src\RestaurantPOS14\RestaurantPOS14\RPOS_DBDataSet1.vb(960,32): error BC30451: 'BankRowDeleting' is not declared. It may be inaccessible due to its protection level. [L:\New Restauraunt Pos\src\RestaurantPOS14\RestaurantPOS14.vbproj]
L:\New Restauraunt Pos\src\RestaurantPOS14\RestaurantPOS14\RPOS_DBDataSet1.vb(1351,20): error BC30456: 'BankAccountLedgerRowChangedEvent' is not a member of 'RPOS_DBDataSet1.BankAccountLedgerDataTable'. [L:\New Restauraunt Pos\src\RestaurantPOS14\RestaurantPOS14.vbproj]
L:\New Restauraunt Pos\src\RestaurantPOS14\RestaurantPOS14\RPOS_DBDataSet1.vb(1352,32): error BC30451: 'BankAccountLedgerRowChanged' is not declared. It may be inaccessible due to its protection level. [L:\New Restauraunt Pos\src\RestaurantPOS14\RestaurantPOS14.vbproj]
L:\New Restauraunt Pos\src\RestaurantPOS14\RestaurantPOS14\RPOS_DBDataSet1.vb(1360,20): error BC30456: 'BankAccountLedgerRowChangingEvent' is not a member of 'RPOS_DBDataSet1.BankAccountLedgerDataTable'. [L:\New Restauraunt Pos\src\RestaurantPOS14\RestaurantPOS14.vbproj]
L:\New Restauraunt Pos\src\RestaurantPOS14\RestaurantPOS14\RPOS_DBDataSet1.vb(1361,32): error BC30451: 'BankAccountLedgerRowChanging' is not declared. It may be inaccessible due to its protection level. [L:\New Restauraunt Pos\src\RestaurantPOS14\RestaurantPOS14.vbproj]
L:\New Restauraunt Pos\src\RestaurantPOS14\RestaurantPOS14\RPOS_DBDataSet1.vb(1369,20): error BC30456: 'BankAccountLedgerRowDeletedEvent' is not a member of 'RPOS_DBDataSet1.BankAccountLedgerDataTable'. [L:\New Restauraunt Pos\src\RestaurantPOS14\RestaurantPOS14.vbproj]
L:\New Restauraunt Pos\src\RestaurantPOS14\RestaurantPOS14\RPOS_DBDataSet1.vb(1370,32): error BC30451: 'BankAccountLedgerRowDeleted' is not declared. It may be inaccessible due to its protection level. [L:\New Restauraunt Pos\src\RestaurantPOS14\RestaurantPOS14.vbproj]
L:\New Restauraunt Pos\src\RestaurantPOS14\RestaurantPOS14\RPOS_DBDataSet1.vb(1378,20): error BC30456: 'BankAccountLedgerRowDeletingEvent' is not a member of 'RPOS_DBDataSet1.BankAccountLedgerDataTable'. [L:\New Restauraunt Pos\src\RestaurantPOS14\RestaurantPOS14.vbproj]
L:\New Restauraunt Pos\src\RestaurantPOS14\RestaurantPOS14\RPOS_DBDataSet1.vb(1379,32): error BC30451: 'BankAccountLedgerRowDeleting' is not declared. It may be inaccessible due to its protection level. [L:\New Restauraunt Pos\src\RestaurantPOS14\RestaurantPOS14.vbproj]
L:\New Restauraunt Pos\src\RestaurantPOS14\RestaurantPOS14\RPOS_DBDataSet1.vb(1774,20): error BC30456: 'BankAccountRegistrationRowChangedEvent' is not a member of 'RPOS_DBDataSet1.BankAccountRegistrationDataTable'. [L:\New Restauraunt Pos\src\RestaurantPOS14\RestaurantPOS14.vbproj]
L:\New Restauraunt Pos\src\RestaurantPOS14\RestaurantPOS14\RPOS_DBDataSet1.vb(1775,32): error BC30451: 'BankAccountRegistrationRowChanged' is not declared. It may be inaccessible due to its protection level. [L:\New Restauraunt Pos\src\RestaurantPOS14\RestaurantPOS14.vbproj]
L:\New Restauraunt Pos\src\RestaurantPOS14\RestaurantPOS14\RPOS_DBDataSet1.vb(1783,20): error BC30456: 'BankAccountRegistrationRowChangingEvent' is not a member of 'RPOS_DBDataSet1.BankAccountRegistrationDataTable'. [L:\New Restauraunt Pos\src\RestaurantPOS14\RestaurantPOS14.vbproj]
L:\New Restauraunt Pos\src\RestaurantPOS14\RestaurantPOS14\RPOS_DBDataSet1.vb(1784,32): error BC30451: 'BankAccountRegistrationRowChanging' is not declared. It may be inaccessible due to its protection level. [L:\New Restauraunt Pos\src\RestaurantPOS14\RestaurantPOS14.vbproj]
L:\New Restauraunt Pos\src\RestaurantPOS14\RestaurantPOS14\RPOS_DBDataSet1.vb(1792,20): error BC30456: 'BankAccountRegistrationRowDeletedEvent' is not a member of 'RPOS_DBDataSet1.BankAccountRegistrationDataTable'. [L:\New Restauraunt Pos\src\RestaurantPOS14\RestaurantPOS14.vbproj]
L:\New Restauraunt Pos\src\RestaurantPOS14\RestaurantPOS14\RPOS_DBDataSet1.vb(1793,32): error BC30451: 'BankAccountRegistrationRowDeleted' is not declared. It may be inaccessible due to its protection level. [L:\New Restauraunt Pos\src\RestaurantPOS14\RestaurantPOS14.vbproj]
L:\New Restauraunt Pos\src\RestaurantPOS14\RestaurantPOS14\RPOS_DBDataSet1.vb(1801,20): error BC30456: 'BankAccountRegistrationRowDeletingEvent' is not a member of 'RPOS_DBDataSet1.BankAccountRegistrationDataTable'. [L:\New Restauraunt Pos\src\RestaurantPOS14\RestaurantPOS14.vbproj]
L:\New Restauraunt Pos\src\RestaurantPOS14\RestaurantPOS14\RPOS_DBDataSet1.vb(1802,32): error BC30451: 'BankAccountRegistrationRowDeleting' is not declared. It may be inaccessible due to its protection level. [L:\New Restauraunt Pos\src\RestaurantPOS14\RestaurantPOS14.vbproj]
L:\New Restauraunt Pos\src\RestaurantPOS14\RestaurantPOS14\RPOS_DBDataSet1.vb(2965,20): error BC30456: 'ClockINRowChangedEvent' is not a member of 'RPOS_DBDataSet1.ClockINDataTable'. [L:\New Restauraunt Pos\src\RestaurantPOS14\RestaurantPOS14.vbproj]
L:\New Restauraunt Pos\src\RestaurantPOS14\RestaurantPOS14\RPOS_DBDataSet1.vb(2966,32): error BC30451: 'ClockINRowChanged' is not declared. It may be inaccessible due to its protection level. [L:\New Restauraunt Pos\src\RestaurantPOS14\RestaurantPOS14.vbproj]
L:\New Restauraunt Pos\src\RestaurantPOS14\RestaurantPOS14\RPOS_DBDataSet1.vb(2974,20): error BC30456: 'ClockINRowChangingEvent' is not a member of 'RPOS_DBDataSet1.ClockINDataTable'. [L:\New Restauraunt Pos\src\RestaurantPOS14\RestaurantPOS14.vbproj]
L:\New Restauraunt Pos\src\RestaurantPOS14\RestaurantPOS14\RPOS_DBDataSet1.vb(2975,32): error BC30451: 'ClockINRowChanging' is not declared. It may be inaccessible due to its protection level. [L:\New Restauraunt Pos\src\RestaurantPOS14\RestaurantPOS14.vbproj]
L:\New Restauraunt Pos\src\RestaurantPOS14\RestaurantPOS14\RPOS_DBDataSet1.vb(2983,20): error BC30456: 'ClockINRowDeletedEvent' is not a member of 'RPOS_DBDataSet1.ClockINDataTable'. [L:\New Restauraunt Pos\src\RestaurantPOS14\RestaurantPOS14.vbproj]
L:\New Restauraunt Pos\src\RestaurantPOS14\RestaurantPOS14\RPOS_DBDataSet1.vb(2984,32): error BC30451: 'ClockINRowDeleted' is not declared. It may be inaccessible due to its protection level. [L:\New Restauraunt Pos\src\RestaurantPOS14\RestaurantPOS14.vbproj]
L:\New Restauraunt Pos\src\RestaurantPOS14\RestaurantPOS14\RPOS_DBDataSet1.vb(2992,20): error BC30456: 'ClockINRowDeletingEvent' is not a member of 'RPOS_DBDataSet1.ClockINDataTable'. [L:\New Restauraunt Pos\src\RestaurantPOS14\RestaurantPOS14.vbproj]
L:\New Restauraunt Pos\src\RestaurantPOS14\RestaurantPOS14\RPOS_DBDataSet1.vb(2993,32): error BC30451: 'ClockINRowDeleting' is not declared. It may be inaccessible due to its protection level. [L:\New Restauraunt Pos\src\RestaurantPOS14\RestaurantPOS14.vbproj]
L:\New Restauraunt Pos\src\RestaurantPOS14\RestaurantPOS14\RPOS_DBDataSet1.vb(3323,20): error BC30456: 'ClockOUTRowChangedEvent' is not a member of 'RPOS_DBDataSet1.ClockOUTDataTable'. [L:\New Restauraunt Pos\src\RestaurantPOS14\RestaurantPOS14.vbproj]
L:\New Restauraunt Pos\src\RestaurantPOS14\RestaurantPOS14\RPOS_DBDataSet1.vb(3324,32): error BC30451: 'ClockOUTRowChanged' is not declared. It may be inaccessible due to its protection level. [L:\New Restauraunt Pos\src\RestaurantPOS14\RestaurantPOS14.vbproj]
L:\New Restauraunt Pos\src\RestaurantPOS14\RestaurantPOS14\RPOS_DBDataSet1.vb(3332,20): error BC30456: 'ClockOUTRowChangingEvent' is not a member of 'RPOS_DBDataSet1.ClockOUTDataTable'. [L:\New Restauraunt Pos\src\RestaurantPOS14\RestaurantPOS14.vbproj]
L:\New Restauraunt Pos\src\RestaurantPOS14\RestaurantPOS14\RPOS_DBDataSet1.vb(3333,32): error BC30451: 'ClockOUTRowChanging' is not declared. It may be inaccessible due to its protection level. [L:\New Restauraunt Pos\src\RestaurantPOS14\RestaurantPOS14.vbproj]
L:\New Restauraunt Pos\src\RestaurantPOS14\RestaurantPOS14\RPOS_DBDataSet1.vb(3341,20): error BC30456: 'ClockOUTRowDeletedEvent' is not a member of 'RPOS_DBDataSet1.ClockOUTDataTable'. [L:\New Restauraunt Pos\src\RestaurantPOS14\RestaurantPOS14.vbproj]
L:\New Restauraunt Pos\src\RestaurantPOS14\RestaurantPOS14\RPOS_DBDataSet1.vb(3342,32): error BC30451: 'ClockOUTRowDeleted' is not declared. It may be inaccessible due to its protection level. [L:\New Restauraunt Pos\src\RestaurantPOS14\RestaurantPOS14.vbproj]
L:\New Restauraunt Pos\src\RestaurantPOS14\RestaurantPOS14\RPOS_DBDataSet1.vb(3350,20): error BC30456: 'ClockOUTRowDeletingEvent' is not a member of 'RPOS_DBDataSet1.ClockOUTDataTable'. [L:\New Restauraunt Pos\src\RestaurantPOS14\RestaurantPOS14.vbproj]
L:\New Restauraunt Pos\src\RestaurantPOS14\RestaurantPOS14\RPOS_DBDataSet1.vb(3351,32): error BC30451: 'ClockOUTRowDeleting' is not declared. It may be inaccessible due to its protection level. [L:\New Restauraunt Pos\src\RestaurantPOS14\RestaurantPOS14.vbproj]
L:\New Restauraunt Pos\src\RestaurantPOS14\RestaurantPOS14\RPOS_DBDataSet1.vb(4128,20): error BC30456: 'CreditCustomerRowChangedEvent' is not a member of 'RPOS_DBDataSet1.CreditCustomerDataTable'. [L:\New Restauraunt Pos\src\RestaurantPOS14\RestaurantPOS14.vbproj]
L:\New Restauraunt Pos\src\RestaurantPOS14\RestaurantPOS14\RPOS_DBDataSet1.vb(4129,32): error BC30451: 'CreditCustomerRowChanged' is not declared. It may be inaccessible due to its protection level. [L:\New Restauraunt Pos\src\RestaurantPOS14\RestaurantPOS14.vbproj]
L:\New Restauraunt Pos\src\RestaurantPOS14\RestaurantPOS14\RPOS_DBDataSet1.vb(4137,20): error BC30456: 'CreditCustomerRowChangingEvent' is not a member of 'RPOS_DBDataSet1.CreditCustomerDataTable'. [L:\New Restauraunt Pos\src\RestaurantPOS14\RestaurantPOS14.vbproj]
L:\New Restauraunt Pos\src\RestaurantPOS14\RestaurantPOS14\RPOS_DBDataSet1.vb(4138,32): error BC30451: 'CreditCustomerRowChanging' is not declared. It may be inaccessible due to its protection level. [L:\New Restauraunt Pos\src\RestaurantPOS14\RestaurantPOS14.vbproj]
L:\New Restauraunt Pos\src\RestaurantPOS14\RestaurantPOS14\RPOS_DBDataSet1.vb(4146,20): error BC30456: 'CreditCustomerRowDeletedEvent' is not a member of 'RPOS_DBDataSet1.CreditCustomerDataTable'. [L:\New Restauraunt Pos\src\RestaurantPOS14\RestaurantPOS14.vbproj]
L:\New Restauraunt Pos\src\RestaurantPOS14\RestaurantPOS14\RPOS_DBDataSet1.vb(4147,32): error BC30451: 'CreditCustomerRowDeleted' is not declared. It may be inaccessible due to its protection level. [L:\New Restauraunt Pos\src\RestaurantPOS14\RestaurantPOS14.vbproj]
L:\New Restauraunt Pos\src\RestaurantPOS14\RestaurantPOS14\RPOS_DBDataSet1.vb(4155,20): error BC30456: 'CreditCustomerRowDeletingEvent' is not a member of 'RPOS_DBDataSet1.CreditCustomerDataTable'. [L:\New Restauraunt Pos\src\RestaurantPOS14\RestaurantPOS14.vbproj]
L:\New Restauraunt Pos\src\RestaurantPOS14\RestaurantPOS14\RPOS_DBDataSet1.vb(4156,32): error BC30451: 'CreditCustomerRowDeleting' is not declared. It may be inaccessible due to its protection level. [L:\New Restauraunt Pos\src\RestaurantPOS14\RestaurantPOS14.vbproj]
L:\New Restauraunt Pos\src\RestaurantPOS14\RestaurantPOS14\RPOS_DBDataSet1.vb(2603,20): error BC30456: 'CategoryRowChangedEvent' is not a member of 'RPOS_DBDataSet1.CategoryDataTable'. [L:\New Restauraunt Pos\src\RestaurantPOS14\RestaurantPOS14.vbproj]
L:\New Restauraunt Pos\src\RestaurantPOS14\RestaurantPOS14\RPOS_DBDataSet1.vb(2604,32): error BC30451: 'CategoryRowChanged' is not declared. It may be inaccessible due to its protection level. [L:\New Restauraunt Pos\src\RestaurantPOS14\RestaurantPOS14.vbproj]
L:\New Restauraunt Pos\src\RestaurantPOS14\RestaurantPOS14\RPOS_DBDataSet1.vb(2612,20): error BC30456: 'CategoryRowChangingEvent' is not a member of 'RPOS_DBDataSet1.CategoryDataTable'. [L:\New Restauraunt Pos\src\RestaurantPOS14\RestaurantPOS14.vbproj]
L:\New Restauraunt Pos\src\RestaurantPOS14\RestaurantPOS14\RPOS_DBDataSet1.vb(2613,32): error BC30451: 'CategoryRowChanging' is not declared. It may be inaccessible due to its protection level. [L:\New Restauraunt Pos\src\RestaurantPOS14\RestaurantPOS14.vbproj]
L:\New Restauraunt Pos\src\RestaurantPOS14\RestaurantPOS14\RPOS_DBDataSet1.vb(2621,20): error BC30456: 'CategoryRowDeletedEvent' is not a member of 'RPOS_DBDataSet1.CategoryDataTable'. [L:\New Restauraunt Pos\src\RestaurantPOS14\RestaurantPOS14.vbproj]
L:\New Restauraunt Pos\src\RestaurantPOS14\RestaurantPOS14\RPOS_DBDataSet1.vb(2622,32): error BC30451: 'CategoryRowDeleted' is not declared. It may be inaccessible due to its protection level. [L:\New Restauraunt Pos\src\RestaurantPOS14\RestaurantPOS14.vbproj]
L:\New Restauraunt Pos\src\RestaurantPOS14\RestaurantPOS14\RPOS_DBDataSet1.vb(2630,20): error BC30456: 'CategoryRowDeletingEvent' is not a member of 'RPOS_DBDataSet1.CategoryDataTable'. [L:\New Restauraunt Pos\src\RestaurantPOS14\RestaurantPOS14.vbproj]
L:\New Restauraunt Pos\src\RestaurantPOS14\RestaurantPOS14\RPOS_DBDataSet1.vb(2631,32): error BC30451: 'CategoryRowDeleting' is not declared. It may be inaccessible due to its protection level. [L:\New Restauraunt Pos\src\RestaurantPOS14\RestaurantPOS14.vbproj]
L:\New Restauraunt Pos\src\RestaurantPOS14\RestaurantPOS14\RPOS_DBDataSet1.vb(4546,20): error BC30456: 'CreditCustomerLedgerRowChangedEvent' is not a member of 'RPOS_DBDataSet1.CreditCustomerLedgerDataTable'. [L:\New Restauraunt Pos\src\RestaurantPOS14\RestaurantPOS14.vbproj]
L:\New Restauraunt Pos\src\RestaurantPOS14\RestaurantPOS14\RPOS_DBDataSet1.vb(4547,32): error BC30451: 'CreditCustomerLedgerRowChanged' is not declared. It may be inaccessible due to its protection level. [L:\New Restauraunt Pos\src\RestaurantPOS14\RestaurantPOS14.vbproj]
L:\New Restauraunt Pos\src\RestaurantPOS14\RestaurantPOS14\RPOS_DBDataSet1.vb(4555,20): error BC30456: 'CreditCustomerLedgerRowChangingEvent' is not a member of 'RPOS_DBDataSet1.CreditCustomerLedgerDataTable'. [L:\New Restauraunt Pos\src\RestaurantPOS14\RestaurantPOS14.vbproj]
L:\New Restauraunt Pos\src\RestaurantPOS14\RestaurantPOS14\RPOS_DBDataSet1.vb(4556,32): error BC30451: 'CreditCustomerLedgerRowChanging' is not declared. It may be inaccessible due to its protection level. [L:\New Restauraunt Pos\src\RestaurantPOS14\RestaurantPOS14.vbproj]
L:\New Restauraunt Pos\src\RestaurantPOS14\RestaurantPOS14\RPOS_DBDataSet1.vb(4564,20): error BC30456: 'CreditCustomerLedgerRowDeletedEvent' is not a member of 'RPOS_DBDataSet1.CreditCustomerLedgerDataTable'. [L:\New Restauraunt Pos\src\RestaurantPOS14\RestaurantPOS14.vbproj]
L:\New Restauraunt Pos\src\RestaurantPOS14\RestaurantPOS14\RPOS_DBDataSet1.vb(4565,32): error BC30451: 'CreditCustomerLedgerRowDeleted' is not declared. It may be inaccessible due to its protection level. [L:\New Restauraunt Pos\src\RestaurantPOS14\RestaurantPOS14.vbproj]
L:\New Restauraunt Pos\src\RestaurantPOS14\RestaurantPOS14\RPOS_DBDataSet1.vb(4573,20): error BC30456: 'CreditCustomerLedgerRowDeletingEvent' is not a member of 'RPOS_DBDataSet1.CreditCustomerLedgerDataTable'. [L:\New Restauraunt Pos\src\RestaurantPOS14\RestaurantPOS14.vbproj]
L:\New Restauraunt Pos\src\RestaurantPOS14\RestaurantPOS14\RPOS_DBDataSet1.vb(4574,32): error BC30451: 'CreditCustomerLedgerRowDeleting' is not declared. It may be inaccessible due to its protection level. [L:\New Restauraunt Pos\src\RestaurantPOS14\RestaurantPOS14.vbproj]
L:\New Restauraunt Pos\src\RestaurantPOS14\RestaurantPOS14\RPOS_DBDataSet1.vb(5332,20): error BC30456: 'CurrencyRowChangedEvent' is not a member of 'RPOS_DBDataSet1.CurrencyDataTable'. [L:\New Restauraunt Pos\src\RestaurantPOS14\RestaurantPOS14.vbproj]
L:\New Restauraunt Pos\src\RestaurantPOS14\RestaurantPOS14\RPOS_DBDataSet1.vb(5333,32): error BC30451: 'CurrencyRowChanged' is not declared. It may be inaccessible due to its protection level. [L:\New Restauraunt Pos\src\RestaurantPOS14\RestaurantPOS14.vbproj]
L:\New Restauraunt Pos\src\RestaurantPOS14\RestaurantPOS14\RPOS_DBDataSet1.vb(5341,20): error BC30456: 'CurrencyRowChangingEvent' is not a member of 'RPOS_DBDataSet1.CurrencyDataTable'. [L:\New Restauraunt Pos\src\RestaurantPOS14\RestaurantPOS14.vbproj]
L:\New Restauraunt Pos\src\RestaurantPOS14\RestaurantPOS14\RPOS_DBDataSet1.vb(5342,32): error BC30451: 'CurrencyRowChanging' is not declared. It may be inaccessible due to its protection level. [L:\New Restauraunt Pos\src\RestaurantPOS14\RestaurantPOS14.vbproj]
L:\New Restauraunt Pos\src\RestaurantPOS14\RestaurantPOS14\RPOS_DBDataSet1.vb(5350,20): error BC30456: 'CurrencyRowDeletedEvent' is not a member of 'RPOS_DBDataSet1.CurrencyDataTable'. [L:\New Restauraunt Pos\src\RestaurantPOS14\RestaurantPOS14.vbproj]
L:\New Restauraunt Pos\src\RestaurantPOS14\RestaurantPOS14\RPOS_DBDataSet1.vb(5351,32): error BC30451: 'CurrencyRowDeleted' is not declared. It may be inaccessible due to its protection level. [L:\New Restauraunt Pos\src\RestaurantPOS14\RestaurantPOS14.vbproj]
L:\New Restauraunt Pos\src\RestaurantPOS14\RestaurantPOS14\RPOS_DBDataSet1.vb(5359,20): error BC30456: 'CurrencyRowDeletingEvent' is not a member of 'RPOS_DBDataSet1.CurrencyDataTable'. [L:\New Restauraunt Pos\src\RestaurantPOS14\RestaurantPOS14.vbproj]
L:\New Restauraunt Pos\src\RestaurantPOS14\RestaurantPOS14\RPOS_DBDataSet1.vb(5360,32): error BC30451: 'CurrencyRowDeleting' is not declared. It may be inaccessible due to its protection level. [L:\New Restauraunt Pos\src\RestaurantPOS14\RestaurantPOS14.vbproj]
L:\New Restauraunt Pos\src\RestaurantPOS14\RestaurantPOS14\RPOS_DBDataSet1.vb(4975,20): error BC30456: 'CreditCustomerPaymentRowChangedEvent' is not a member of 'RPOS_DBDataSet1.CreditCustomerPaymentDataTable'. [L:\New Restauraunt Pos\src\RestaurantPOS14\RestaurantPOS14.vbproj]
L:\New Restauraunt Pos\src\RestaurantPOS14\RestaurantPOS14\RPOS_DBDataSet1.vb(4976,32): error BC30451: 'CreditCustomerPaymentRowChanged' is not declared. It may be inaccessible due to its protection level. [L:\New Restauraunt Pos\src\RestaurantPOS14\RestaurantPOS14.vbproj]
L:\New Restauraunt Pos\src\RestaurantPOS14\RestaurantPOS14\RPOS_DBDataSet1.vb(4984,20): error BC30456: 'CreditCustomerPaymentRowChangingEvent' is not a member of 'RPOS_DBDataSet1.CreditCustomerPaymentDataTable'. [L:\New Restauraunt Pos\src\RestaurantPOS14\RestaurantPOS14.vbproj]
L:\New Restauraunt Pos\src\RestaurantPOS14\RestaurantPOS14\RPOS_DBDataSet1.vb(4985,32): error BC30451: 'CreditCustomerPaymentRowChanging' is not declared. It may be inaccessible due to its protection level. [L:\New Restauraunt Pos\src\RestaurantPOS14\RestaurantPOS14.vbproj]
L:\New Restauraunt Pos\src\RestaurantPOS14\RestaurantPOS14\RPOS_DBDataSet1.vb(4993,20): error BC30456: 'CreditCustomerPaymentRowDeletedEvent' is not a member of 'RPOS_DBDataSet1.CreditCustomerPaymentDataTable'. [L:\New Restauraunt Pos\src\RestaurantPOS14\RestaurantPOS14.vbproj]
L:\New Restauraunt Pos\src\RestaurantPOS14\RestaurantPOS14\RPOS_DBDataSet1.vb(4994,32): error BC30451: 'CreditCustomerPaymentRowDeleted' is not declared. It may be inaccessible due to its protection level. [L:\New Restauraunt Pos\src\RestaurantPOS14\RestaurantPOS14.vbproj]
L:\New Restauraunt Pos\src\RestaurantPOS14\RestaurantPOS14\RPOS_DBDataSet1.vb(5002,20): error BC30456: 'CreditCustomerPaymentRowDeletingEvent' is not a member of 'RPOS_DBDataSet1.CreditCustomerPaymentDataTable'. [L:\New Restauraunt Pos\src\RestaurantPOS14\RestaurantPOS14.vbproj]
L:\New Restauraunt Pos\src\RestaurantPOS14\RestaurantPOS14\RPOS_DBDataSet1.vb(5003,32): error BC30451: 'CreditCustomerPaymentRowDeleting' is not declared. It may be inaccessible due to its protection level. [L:\New Restauraunt Pos\src\RestaurantPOS14\RestaurantPOS14.vbproj]
L:\New Restauraunt Pos\src\RestaurantPOS14\RestaurantPOS14\RPOS_DBDataSet1.vb(6171,20): error BC30456: 'DeletedInvoices_JoinRowChangedEvent' is not a member of 'RPOS_DBDataSet1.DeletedInvoices_JoinDataTable'. [L:\New Restauraunt Pos\src\RestaurantPOS14\RestaurantPOS14.vbproj]
L:\New Restauraunt Pos\src\RestaurantPOS14\RestaurantPOS14\RPOS_DBDataSet1.vb(6172,32): error BC30451: 'DeletedInvoices_JoinRowChanged' is not declared. It may be inaccessible due to its protection level. [L:\New Restauraunt Pos\src\RestaurantPOS14\RestaurantPOS14.vbproj]
L:\New Restauraunt Pos\src\RestaurantPOS14\RestaurantPOS14\RPOS_DBDataSet1.vb(5786,20): error BC30456: 'DeletedInvoicesRowChangedEvent' is not a member of 'RPOS_DBDataSet1.DeletedInvoicesDataTable'. [L:\New Restauraunt Pos\src\RestaurantPOS14\RestaurantPOS14.vbproj]
L:\New Restauraunt Pos\src\RestaurantPOS14\RestaurantPOS14\RPOS_DBDataSet1.vb(5787,32): error BC30451: 'DeletedInvoicesRowChanged' is not declared. It may be inaccessible due to its protection level. [L:\New Restauraunt Pos\src\RestaurantPOS14\RestaurantPOS14.vbproj]
L:\New Restauraunt Pos\src\RestaurantPOS14\RestaurantPOS14\RPOS_DBDataSet1.vb(6180,20): error BC30456: 'DeletedInvoices_JoinRowChangingEvent' is not a member of 'RPOS_DBDataSet1.DeletedInvoices_JoinDataTable'. [L:\New Restauraunt Pos\src\RestaurantPOS14\RestaurantPOS14.vbproj]
L:\New Restauraunt Pos\src\RestaurantPOS14\RestaurantPOS14\RPOS_DBDataSet1.vb(6181,32): error BC30451: 'DeletedInvoices_JoinRowChanging' is not declared. It may be inaccessible due to its protection level. [L:\New Restauraunt Pos\src\RestaurantPOS14\RestaurantPOS14.vbproj]
L:\New Restauraunt Pos\src\RestaurantPOS14\RestaurantPOS14\RPOS_DBDataSet1.vb(5795,20): error BC30456: 'DeletedInvoicesRowChangingEvent' is not a member of 'RPOS_DBDataSet1.DeletedInvoicesDataTable'. [L:\New Restauraunt Pos\src\RestaurantPOS14\RestaurantPOS14.vbproj]
L:\New Restauraunt Pos\src\RestaurantPOS14\RestaurantPOS14\RPOS_DBDataSet1.vb(5796,32): error BC30451: 'DeletedInvoicesRowChanging' is not declared. It may be inaccessible due to its protection level. [L:\New Restauraunt Pos\src\RestaurantPOS14\RestaurantPOS14.vbproj]
L:\New Restauraunt Pos\src\RestaurantPOS14\RestaurantPOS14\RPOS_DBDataSet1.vb(6189,20): error BC30456: 'DeletedInvoices_JoinRowDeletedEvent' is not a member of 'RPOS_DBDataSet1.DeletedInvoices_JoinDataTable'. [L:\New Restauraunt Pos\src\RestaurantPOS14\RestaurantPOS14.vbproj]
L:\New Restauraunt Pos\src\RestaurantPOS14\RestaurantPOS14\RPOS_DBDataSet1.vb(6190,32): error BC30451: 'DeletedInvoices_JoinRowDeleted' is not declared. It may be inaccessible due to its protection level. [L:\New Restauraunt Pos\src\RestaurantPOS14\RestaurantPOS14.vbproj]
L:\New Restauraunt Pos\src\RestaurantPOS14\RestaurantPOS14\RPOS_DBDataSet1.vb(5804,20): error BC30456: 'DeletedInvoicesRowDeletedEvent' is not a member of 'RPOS_DBDataSet1.DeletedInvoicesDataTable'. [L:\New Restauraunt Pos\src\RestaurantPOS14\RestaurantPOS14.vbproj]
L:\New Restauraunt Pos\src\RestaurantPOS14\RestaurantPOS14\RPOS_DBDataSet1.vb(5805,32): error BC30451: 'DeletedInvoicesRowDeleted' is not declared. It may be inaccessible due to its protection level. [L:\New Restauraunt Pos\src\RestaurantPOS14\RestaurantPOS14.vbproj]
L:\New Restauraunt Pos\src\RestaurantPOS14\RestaurantPOS14\RPOS_DBDataSet1.vb(6198,20): error BC30456: 'DeletedInvoices_JoinRowDeletingEvent' is not a member of 'RPOS_DBDataSet1.DeletedInvoices_JoinDataTable'. [L:\New Restauraunt Pos\src\RestaurantPOS14\RestaurantPOS14.vbproj]
L:\New Restauraunt Pos\src\RestaurantPOS14\RestaurantPOS14\RPOS_DBDataSet1.vb(6199,32): error BC30451: 'DeletedInvoices_JoinRowDeleting' is not declared. It may be inaccessible due to its protection level. [L:\New Restauraunt Pos\src\RestaurantPOS14\RestaurantPOS14.vbproj]
L:\New Restauraunt Pos\src\RestaurantPOS14\RestaurantPOS14\RPOS_DBDataSet1.vb(5813,20): error BC30456: 'DeletedInvoicesRowDeletingEvent' is not a member of 'RPOS_DBDataSet1.DeletedInvoicesDataTable'. [L:\New Restauraunt Pos\src\RestaurantPOS14\RestaurantPOS14.vbproj]
L:\New Restauraunt Pos\src\RestaurantPOS14\RestaurantPOS14\RPOS_DBDataSet1.vb(5814,32): error BC30451: 'DeletedInvoicesRowDeleting' is not declared. It may be inaccessible due to its protection level. [L:\New Restauraunt Pos\src\RestaurantPOS14\RestaurantPOS14.vbproj]
L:\New Restauraunt Pos\src\RestaurantPOS14\RestaurantPOS14\RPOS_DBDataSet1.vb(7099,20): error BC30456: 'EmailSettingRowChangedEvent' is not a member of 'RPOS_DBDataSet1.EmailSettingDataTable'. [L:\New Restauraunt Pos\src\RestaurantPOS14\RestaurantPOS14.vbproj]
L:\New Restauraunt Pos\src\RestaurantPOS14\RestaurantPOS14\RPOS_DBDataSet1.vb(7100,32): error BC30451: 'EmailSettingRowChanged' is not declared. It may be inaccessible due to its protection level. [L:\New Restauraunt Pos\src\RestaurantPOS14\RestaurantPOS14.vbproj]
L:\New Restauraunt Pos\src\RestaurantPOS14\RestaurantPOS14\RPOS_DBDataSet1.vb(7108,20): error BC30456: 'EmailSettingRowChangingEvent' is not a member of 'RPOS_DBDataSet1.EmailSettingDataTable'. [L:\New Restauraunt Pos\src\RestaurantPOS14\RestaurantPOS14.vbproj]
L:\New Restauraunt Pos\src\RestaurantPOS14\RestaurantPOS14\RPOS_DBDataSet1.vb(7109,32): error BC30451: 'EmailSettingRowChanging' is not declared. It may be inaccessible due to its protection level. [L:\New Restauraunt Pos\src\RestaurantPOS14\RestaurantPOS14.vbproj]
L:\New Restauraunt Pos\src\RestaurantPOS14\RestaurantPOS14\RPOS_DBDataSet1.vb(8227,20): error BC30456: 'ExpenseTypeRowChangedEvent' is not a member of 'RPOS_DBDataSet1.ExpenseTypeDataTable'. [L:\New Restauraunt Pos\src\RestaurantPOS14\RestaurantPOS14.vbproj]
L:\New Restauraunt Pos\src\RestaurantPOS14\RestaurantPOS14\RPOS_DBDataSet1.vb(8228,32): error BC30451: 'ExpenseTypeRowChanged' is not declared. It may be inaccessible due to its protection level. [L:\New Restauraunt Pos\src\RestaurantPOS14\RestaurantPOS14.vbproj]
L:\New Restauraunt Pos\src\RestaurantPOS14\RestaurantPOS14\RPOS_DBDataSet1.vb(7117,20): error BC30456: 'EmailSettingRowDeletedEvent' is not a member of 'RPOS_DBDataSet1.EmailSettingDataTable'. [L:\New Restauraunt Pos\src\RestaurantPOS14\RestaurantPOS14.vbproj]
L:\New Restauraunt Pos\src\RestaurantPOS14\RestaurantPOS14\RPOS_DBDataSet1.vb(7118,32): error BC30451: 'EmailSettingRowDeleted' is not declared. It may be inaccessible due to its protection level. [L:\New Restauraunt Pos\src\RestaurantPOS14\RestaurantPOS14.vbproj]
L:\New Restauraunt Pos\src\RestaurantPOS14\RestaurantPOS14\RPOS_DBDataSet1.vb(7902,20): error BC30456: 'ExpenseRowChangedEvent' is not a member of 'RPOS_DBDataSet1.ExpenseDataTable'. [L:\New Restauraunt Pos\src\RestaurantPOS14\RestaurantPOS14.vbproj]
L:\New Restauraunt Pos\src\RestaurantPOS14\RestaurantPOS14\RPOS_DBDataSet1.vb(7903,32): error BC30451: 'ExpenseRowChanged' is not declared. It may be inaccessible due to its protection level. [L:\New Restauraunt Pos\src\RestaurantPOS14\RestaurantPOS14.vbproj]
L:\New Restauraunt Pos\src\RestaurantPOS14\RestaurantPOS14\RPOS_DBDataSet1.vb(8236,20): error BC30456: 'ExpenseTypeRowChangingEvent' is not a member of 'RPOS_DBDataSet1.ExpenseTypeDataTable'. [L:\New Restauraunt Pos\src\RestaurantPOS14\RestaurantPOS14.vbproj]
L:\New Restauraunt Pos\src\RestaurantPOS14\RestaurantPOS14\RPOS_DBDataSet1.vb(8237,32): error BC30451: 'ExpenseTypeRowChanging' is not declared. It may be inaccessible due to its protection level. [L:\New Restauraunt Pos\src\RestaurantPOS14\RestaurantPOS14.vbproj]
L:\New Restauraunt Pos\src\RestaurantPOS14\RestaurantPOS14\RPOS_DBDataSet1.vb(7126,20): error BC30456: 'EmailSettingRowDeletingEvent' is not a member of 'RPOS_DBDataSet1.EmailSettingDataTable'. [L:\New Restauraunt Pos\src\RestaurantPOS14\RestaurantPOS14.vbproj]
L:\New Restauraunt Pos\src\RestaurantPOS14\RestaurantPOS14\RPOS_DBDataSet1.vb(7127,32): error BC30451: 'EmailSettingRowDeleting' is not declared. It may be inaccessible due to its protection level. [L:\New Restauraunt Pos\src\RestaurantPOS14\RestaurantPOS14.vbproj]
L:\New Restauraunt Pos\src\RestaurantPOS14\RestaurantPOS14\RPOS_DBDataSet1.vb(7911,20): error BC30456: 'ExpenseRowChangingEvent' is not a member of 'RPOS_DBDataSet1.ExpenseDataTable'. [L:\New Restauraunt Pos\src\RestaurantPOS14\RestaurantPOS14.vbproj]
L:\New Restauraunt Pos\src\RestaurantPOS14\RestaurantPOS14\RPOS_DBDataSet1.vb(7912,32): error BC30451: 'ExpenseRowChanging' is not declared. It may be inaccessible due to its protection level. [L:\New Restauraunt Pos\src\RestaurantPOS14\RestaurantPOS14.vbproj]
L:\New Restauraunt Pos\src\RestaurantPOS14\RestaurantPOS14\RPOS_DBDataSet1.vb(8245,20): error BC30456: 'ExpenseTypeRowDeletedEvent' is not a member of 'RPOS_DBDataSet1.ExpenseTypeDataTable'. [L:\New Restauraunt Pos\src\RestaurantPOS14\RestaurantPOS14.vbproj]
L:\New Restauraunt Pos\src\RestaurantPOS14\RestaurantPOS14\RPOS_DBDataSet1.vb(8246,32): error BC30451: 'ExpenseTypeRowDeleted' is not declared. It may be inaccessible due to its protection level. [L:\New Restauraunt Pos\src\RestaurantPOS14\RestaurantPOS14.vbproj]
L:\New Restauraunt Pos\src\RestaurantPOS14\RestaurantPOS14\RPOS_DBDataSet1.vb(7920,20): error BC30456: 'ExpenseRowDeletedEvent' is not a member of 'RPOS_DBDataSet1.ExpenseDataTable'. [L:\New Restauraunt Pos\src\RestaurantPOS14\RestaurantPOS14.vbproj]
L:\New Restauraunt Pos\src\RestaurantPOS14\RestaurantPOS14\RPOS_DBDataSet1.vb(7921,32): error BC30451: 'ExpenseRowDeleted' is not declared. It may be inaccessible due to its protection level. [L:\New Restauraunt Pos\src\RestaurantPOS14\RestaurantPOS14.vbproj]
L:\New Restauraunt Pos\src\RestaurantPOS14\RestaurantPOS14\RPOS_DBDataSet1.vb(8254,20): error BC30456: 'ExpenseTypeRowDeletingEvent' is not a member of 'RPOS_DBDataSet1.ExpenseTypeDataTable'. [L:\New Restauraunt Pos\src\RestaurantPOS14\RestaurantPOS14.vbproj]
L:\New Restauraunt Pos\src\RestaurantPOS14\RestaurantPOS14\RPOS_DBDataSet1.vb(8255,32): error BC30451: 'ExpenseTypeRowDeleting' is not declared. It may be inaccessible due to its protection level. [L:\New Restauraunt Pos\src\RestaurantPOS14\RestaurantPOS14.vbproj]
L:\New Restauraunt Pos\src\RestaurantPOS14\RestaurantPOS14\RPOS_DBDataSet1.vb(7929,20): error BC30456: 'ExpenseRowDeletingEvent' is not a member of 'RPOS_DBDataSet1.ExpenseDataTable'. [L:\New Restauraunt Pos\src\RestaurantPOS14\RestaurantPOS14.vbproj]
L:\New Restauraunt Pos\src\RestaurantPOS14\RestaurantPOS14\RPOS_DBDataSet1.vb(7930,32): error BC30451: 'ExpenseRowDeleting' is not declared. It may be inaccessible due to its protection level. [L:\New Restauraunt Pos\src\RestaurantPOS14\RestaurantPOS14.vbproj]
L:\New Restauraunt Pos\src\RestaurantPOS14\RestaurantPOS14\RPOS_DBDataSet1.vb(7555,20): error BC30456: 'EmployeeRegistrationRowChangedEvent' is not a member of 'RPOS_DBDataSet1.EmployeeRegistrationDataTable'. [L:\New Restauraunt Pos\src\RestaurantPOS14\RestaurantPOS14.vbproj]
L:\New Restauraunt Pos\src\RestaurantPOS14\RestaurantPOS14\RPOS_DBDataSet1.vb(7556,32): error BC30451: 'EmployeeRegistrationRowChanged' is not declared. It may be inaccessible due to its protection level. [L:\New Restauraunt Pos\src\RestaurantPOS14\RestaurantPOS14.vbproj]
L:\New Restauraunt Pos\src\RestaurantPOS14\RestaurantPOS14\RPOS_DBDataSet1.vb(7564,20): error BC30456: 'EmployeeRegistrationRowChangingEvent' is not a member of 'RPOS_DBDataSet1.EmployeeRegistrationDataTable'. [L:\New Restauraunt Pos\src\RestaurantPOS14\RestaurantPOS14.vbproj]
L:\New Restauraunt Pos\src\RestaurantPOS14\RestaurantPOS14\RPOS_DBDataSet1.vb(7565,32): error BC30451: 'EmployeeRegistrationRowChanging' is not declared. It may be inaccessible due to its protection level. [L:\New Restauraunt Pos\src\RestaurantPOS14\RestaurantPOS14.vbproj]
L:\New Restauraunt Pos\src\RestaurantPOS14\RestaurantPOS14\RPOS_DBDataSet1.vb(7573,20): error BC30456: 'EmployeeRegistrationRowDeletedEvent' is not a member of 'RPOS_DBDataSet1.EmployeeRegistrationDataTable'. [L:\New Restauraunt Pos\src\RestaurantPOS14\RestaurantPOS14.vbproj]
L:\New Restauraunt Pos\src\RestaurantPOS14\RestaurantPOS14\RPOS_DBDataSet1.vb(7574,32): error BC30451: 'EmployeeRegistrationRowDeleted' is not declared. It may be inaccessible due to its protection level. [L:\New Restauraunt Pos\src\RestaurantPOS14\RestaurantPOS14.vbproj]
L:\New Restauraunt Pos\src\RestaurantPOS14\RestaurantPOS14\RPOS_DBDataSet1.vb(7582,20): error BC30456: 'EmployeeRegistrationRowDeletingEvent' is not a member of 'RPOS_DBDataSet1.EmployeeRegistrationDataTable'. [L:\New Restauraunt Pos\src\RestaurantPOS14\RestaurantPOS14.vbproj]
L:\New Restauraunt Pos\src\RestaurantPOS14\RestaurantPOS14\RPOS_DBDataSet1.vb(7583,32): error BC30451: 'EmployeeRegistrationRowDeleting' is not declared. It may be inaccessible due to its protection level. [L:\New Restauraunt Pos\src\RestaurantPOS14\RestaurantPOS14.vbproj]
L:\New Restauraunt Pos\src\RestaurantPOS14\RestaurantPOS14\RPOS_DBDataSet1.vb(6649,20): error BC30456: 'DishRowChangedEvent' is not a member of 'RPOS_DBDataSet1.DishDataTable'. [L:\New Restauraunt Pos\src\RestaurantPOS14\RestaurantPOS14.vbproj]
L:\New Restauraunt Pos\src\RestaurantPOS14\RestaurantPOS14\RPOS_DBDataSet1.vb(6650,32): error BC30451: 'DishRowChanged' is not declared. It may be inaccessible due to its protection level. [L:\New Restauraunt Pos\src\RestaurantPOS14\RestaurantPOS14.vbproj]
L:\New Restauraunt Pos\src\RestaurantPOS14\RestaurantPOS14\RPOS_DBDataSet1.vb(6658,20): error BC30456: 'DishRowChangingEvent' is not a member of 'RPOS_DBDataSet1.DishDataTable'. [L:\New Restauraunt Pos\src\RestaurantPOS14\RestaurantPOS14.vbproj]
L:\New Restauraunt Pos\src\RestaurantPOS14\RestaurantPOS14\RPOS_DBDataSet1.vb(6659,32): error BC30451: 'DishRowChanging' is not declared. It may be inaccessible due to its protection level. [L:\New Restauraunt Pos\src\RestaurantPOS14\RestaurantPOS14.vbproj]
L:\New Restauraunt Pos\src\RestaurantPOS14\RestaurantPOS14\RPOS_DBDataSet1.vb(6667,20): error BC30456: 'DishRowDeletedEvent' is not a member of 'RPOS_DBDataSet1.DishDataTable'. [L:\New Restauraunt Pos\src\RestaurantPOS14\RestaurantPOS14.vbproj]
L:\New Restauraunt Pos\src\RestaurantPOS14\RestaurantPOS14\RPOS_DBDataSet1.vb(6668,32): error BC30451: 'DishRowDeleted' is not declared. It may be inaccessible due to its protection level. [L:\New Restauraunt Pos\src\RestaurantPOS14\RestaurantPOS14.vbproj]
L:\New Restauraunt Pos\src\RestaurantPOS14\RestaurantPOS14\RPOS_DBDataSet1.vb(6676,20): error BC30456: 'DishRowDeletingEvent' is not a member of 'RPOS_DBDataSet1.DishDataTable'. [L:\New Restauraunt Pos\src\RestaurantPOS14\RestaurantPOS14.vbproj]
L:\New Restauraunt Pos\src\RestaurantPOS14\RestaurantPOS14\RPOS_DBDataSet1.vb(6677,32): error BC30451: 'DishRowDeleting' is not declared. It may be inaccessible due to its protection level. [L:\New Restauraunt Pos\src\RestaurantPOS14\RestaurantPOS14.vbproj]
L:\New Restauraunt Pos\src\RestaurantPOS14\RestaurantPOS14\RPOS_DBDataSet1.vb(8629,20): error BC30456: 'FundDepositRowChangedEvent' is not a member of 'RPOS_DBDataSet1.FundDepositDataTable'. [L:\New Restauraunt Pos\src\RestaurantPOS14\RestaurantPOS14.vbproj]
L:\New Restauraunt Pos\src\RestaurantPOS14\RestaurantPOS14\RPOS_DBDataSet1.vb(8630,32): error BC30451: 'FundDepositRowChanged' is not declared. It may be inaccessible due to its protection level. [L:\New Restauraunt Pos\src\RestaurantPOS14\RestaurantPOS14.vbproj]
L:\New Restauraunt Pos\src\RestaurantPOS14\RestaurantPOS14\RPOS_DBDataSet1.vb(8638,20): error BC30456: 'FundDepositRowChangingEvent' is not a member of 'RPOS_DBDataSet1.FundDepositDataTable'. [L:\New Restauraunt Pos\src\RestaurantPOS14\RestaurantPOS14.vbproj]
L:\New Restauraunt Pos\src\RestaurantPOS14\RestaurantPOS14\RPOS_DBDataSet1.vb(8639,32): error BC30451: 'FundDepositRowChanging' is not declared. It may be inaccessible due to its protection level. [L:\New Restauraunt Pos\src\RestaurantPOS14\RestaurantPOS14.vbproj]
L:\New Restauraunt Pos\src\RestaurantPOS14\RestaurantPOS14\RPOS_DBDataSet1.vb(8647,20): error BC30456: 'FundDepositRowDeletedEvent' is not a member of 'RPOS_DBDataSet1.FundDepositDataTable'. [L:\New Restauraunt Pos\src\RestaurantPOS14\RestaurantPOS14.vbproj]
L:\New Restauraunt Pos\src\RestaurantPOS14\RestaurantPOS14\RPOS_DBDataSet1.vb(8648,32): error BC30451: 'FundDepositRowDeleted' is not declared. It may be inaccessible due to its protection level. [L:\New Restauraunt Pos\src\RestaurantPOS14\RestaurantPOS14.vbproj]
L:\New Restauraunt Pos\src\RestaurantPOS14\RestaurantPOS14\RPOS_DBDataSet1.vb(9409,20): error BC30456: 'GiftCardRowChangedEvent' is not a member of 'RPOS_DBDataSet1.GiftCardDataTable'. [L:\New Restauraunt Pos\src\RestaurantPOS14\RestaurantPOS14.vbproj]
L:\New Restauraunt Pos\src\RestaurantPOS14\RestaurantPOS14\RPOS_DBDataSet1.vb(9410,32): error BC30451: 'GiftCardRowChanged' is not declared. It may be inaccessible due to its protection level. [L:\New Restauraunt Pos\src\RestaurantPOS14\RestaurantPOS14.vbproj]
L:\New Restauraunt Pos\src\RestaurantPOS14\RestaurantPOS14\RPOS_DBDataSet1.vb(9418,20): error BC30456: 'GiftCardRowChangingEvent' is not a member of 'RPOS_DBDataSet1.GiftCardDataTable'. [L:\New Restauraunt Pos\src\RestaurantPOS14\RestaurantPOS14.vbproj]
L:\New Restauraunt Pos\src\RestaurantPOS14\RestaurantPOS14\RPOS_DBDataSet1.vb(9419,32): error BC30451: 'GiftCardRowChanging' is not declared. It may be inaccessible due to its protection level. [L:\New Restauraunt Pos\src\RestaurantPOS14\RestaurantPOS14.vbproj]
L:\New Restauraunt Pos\src\RestaurantPOS14\RestaurantPOS14\RPOS_DBDataSet1.vb(9041,20): error BC30456: 'FundTransferRowChangedEvent' is not a member of 'RPOS_DBDataSet1.FundTransferDataTable'. [L:\New Restauraunt Pos\src\RestaurantPOS14\RestaurantPOS14.vbproj]
L:\New Restauraunt Pos\src\RestaurantPOS14\RestaurantPOS14\RPOS_DBDataSet1.vb(9042,32): error BC30451: 'FundTransferRowChanged' is not declared. It may be inaccessible due to its protection level. [L:\New Restauraunt Pos\src\RestaurantPOS14\RestaurantPOS14.vbproj]
L:\New Restauraunt Pos\src\RestaurantPOS14\RestaurantPOS14\RPOS_DBDataSet1.vb(9427,20): error BC30456: 'GiftCardRowDeletedEvent' is not a member of 'RPOS_DBDataSet1.GiftCardDataTable'. [L:\New Restauraunt Pos\src\RestaurantPOS14\RestaurantPOS14.vbproj]
L:\New Restauraunt Pos\src\RestaurantPOS14\RestaurantPOS14\RPOS_DBDataSet1.vb(9428,32): error BC30451: 'GiftCardRowDeleted' is not declared. It may be inaccessible due to its protection level. [L:\New Restauraunt Pos\src\RestaurantPOS14\RestaurantPOS14.vbproj]
L:\New Restauraunt Pos\src\RestaurantPOS14\RestaurantPOS14\RPOS_DBDataSet1.vb(9050,20): error BC30456: 'FundTransferRowChangingEvent' is not a member of 'RPOS_DBDataSet1.FundTransferDataTable'. [L:\New Restauraunt Pos\src\RestaurantPOS14\RestaurantPOS14.vbproj]
L:\New Restauraunt Pos\src\RestaurantPOS14\RestaurantPOS14\RPOS_DBDataSet1.vb(9051,32): error BC30451: 'FundTransferRowChanging' is not declared. It may be inaccessible due to its protection level. [L:\New Restauraunt Pos\src\RestaurantPOS14\RestaurantPOS14.vbproj]
L:\New Restauraunt Pos\src\RestaurantPOS14\RestaurantPOS14\RPOS_DBDataSet1.vb(9436,20): error BC30456: 'GiftCardRowDeletingEvent' is not a member of 'RPOS_DBDataSet1.GiftCardDataTable'. [L:\New Restauraunt Pos\src\RestaurantPOS14\RestaurantPOS14.vbproj]
L:\New Restauraunt Pos\src\RestaurantPOS14\RestaurantPOS14\RPOS_DBDataSet1.vb(9437,32): error BC30451: 'GiftCardRowDeleting' is not declared. It may be inaccessible due to its protection level. [L:\New Restauraunt Pos\src\RestaurantPOS14\RestaurantPOS14.vbproj]
L:\New Restauraunt Pos\src\RestaurantPOS14\RestaurantPOS14\RPOS_DBDataSet1.vb(9059,20): error BC30456: 'FundTransferRowDeletedEvent' is not a member of 'RPOS_DBDataSet1.FundTransferDataTable'. [L:\New Restauraunt Pos\src\RestaurantPOS14\RestaurantPOS14.vbproj]
L:\New Restauraunt Pos\src\RestaurantPOS14\RestaurantPOS14\RPOS_DBDataSet1.vb(9060,32): error BC30451: 'FundTransferRowDeleted' is not declared. It may be inaccessible due to its protection level. [L:\New Restauraunt Pos\src\RestaurantPOS14\RestaurantPOS14.vbproj]
L:\New Restauraunt Pos\src\RestaurantPOS14\RestaurantPOS14\RPOS_DBDataSet1.vb(9068,20): error BC30456: 'FundTransferRowDeletingEvent' is not a member of 'RPOS_DBDataSet1.FundTransferDataTable'. [L:\New Restauraunt Pos\src\RestaurantPOS14\RestaurantPOS14.vbproj]
L:\New Restauraunt Pos\src\RestaurantPOS14\RestaurantPOS14\RPOS_DBDataSet1.vb(9069,32): error BC30451: 'FundTransferRowDeleting' is not declared. It may be inaccessible due to its protection level. [L:\New Restauraunt Pos\src\RestaurantPOS14\RestaurantPOS14.vbproj]
L:\New Restauraunt Pos\src\RestaurantPOS14\RestaurantPOS14\RPOS_DBDataSet1.vb(10135,20): error BC30456: 'HDCustomerRowChangedEvent' is not a member of 'RPOS_DBDataSet1.HDCustomerDataTable'. [L:\New Restauraunt Pos\src\RestaurantPOS14\RestaurantPOS14.vbproj]
L:\New Restauraunt Pos\src\RestaurantPOS14\RestaurantPOS14\RPOS_DBDataSet1.vb(10136,32): error BC30451: 'HDCustomerRowChanged' is not declared. It may be inaccessible due to its protection level. [L:\New Restauraunt Pos\src\RestaurantPOS14\RestaurantPOS14.vbproj]
L:\New Restauraunt Pos\src\RestaurantPOS14\RestaurantPOS14\RPOS_DBDataSet1.vb(9762,20): error BC30456: 'GridGroupingRowChangedEvent' is not a member of 'RPOS_DBDataSet1.GridGroupingDataTable'. [L:\New Restauraunt Pos\src\RestaurantPOS14\RestaurantPOS14.vbproj]
L:\New Restauraunt Pos\src\RestaurantPOS14\RestaurantPOS14\RPOS_DBDataSet1.vb(9763,32): error BC30451: 'GridGroupingRowChanged' is not declared. It may be inaccessible due to its protection level. [L:\New Restauraunt Pos\src\RestaurantPOS14\RestaurantPOS14.vbproj]
L:\New Restauraunt Pos\src\RestaurantPOS14\RestaurantPOS14\RPOS_DBDataSet1.vb(10144,20): error BC30456: 'HDCustomerRowChangingEvent' is not a member of 'RPOS_DBDataSet1.HDCustomerDataTable'. [L:\New Restauraunt Pos\src\RestaurantPOS14\RestaurantPOS14.vbproj]
L:\New Restauraunt Pos\src\RestaurantPOS14\RestaurantPOS14\RPOS_DBDataSet1.vb(10145,32): error BC30451: 'HDCustomerRowChanging' is not declared. It may be inaccessible due to its protection level. [L:\New Restauraunt Pos\src\RestaurantPOS14\RestaurantPOS14.vbproj]
L:\New Restauraunt Pos\src\RestaurantPOS14\RestaurantPOS14\RPOS_DBDataSet1.vb(9771,20): error BC30456: 'GridGroupingRowChangingEvent' is not a member of 'RPOS_DBDataSet1.GridGroupingDataTable'. [L:\New Restauraunt Pos\src\RestaurantPOS14\RestaurantPOS14.vbproj]
L:\New Restauraunt Pos\src\RestaurantPOS14\RestaurantPOS14\RPOS_DBDataSet1.vb(9772,32): error BC30451: 'GridGroupingRowChanging' is not declared. It may be inaccessible due to its protection level. [L:\New Restauraunt Pos\src\RestaurantPOS14\RestaurantPOS14.vbproj]
L:\New Restauraunt Pos\src\RestaurantPOS14\RestaurantPOS14\RPOS_DBDataSet1.vb(10153,20): error BC30456: 'HDCustomerRowDeletedEvent' is not a member of 'RPOS_DBDataSet1.HDCustomerDataTable'. [L:\New Restauraunt Pos\src\RestaurantPOS14\RestaurantPOS14.vbproj]
L:\New Restauraunt Pos\src\RestaurantPOS14\RestaurantPOS14\RPOS_DBDataSet1.vb(10154,32): error BC30451: 'HDCustomerRowDeleted' is not declared. It may be inaccessible due to its protection level. [L:\New Restauraunt Pos\src\RestaurantPOS14\RestaurantPOS14.vbproj]
L:\New Restauraunt Pos\src\RestaurantPOS14\RestaurantPOS14\RPOS_DBDataSet1.vb(9780,20): error BC30456: 'GridGroupingRowDeletedEvent' is not a member of 'RPOS_DBDataSet1.GridGroupingDataTable'. [L:\New Restauraunt Pos\src\RestaurantPOS14\RestaurantPOS14.vbproj]
L:\New Restauraunt Pos\src\RestaurantPOS14\RestaurantPOS14\RPOS_DBDataSet1.vb(9781,32): error BC30451: 'GridGroupingRowDeleted' is not declared. It may be inaccessible due to its protection level. [L:\New Restauraunt Pos\src\RestaurantPOS14\RestaurantPOS14.vbproj]
L:\New Restauraunt Pos\src\RestaurantPOS14\RestaurantPOS14\RPOS_DBDataSet1.vb(10162,20): error BC30456: 'HDCustomerRowDeletingEvent' is not a member of 'RPOS_DBDataSet1.HDCustomerDataTable'. [L:\New Restauraunt Pos\src\RestaurantPOS14\RestaurantPOS14.vbproj]
L:\New Restauraunt Pos\src\RestaurantPOS14\RestaurantPOS14\RPOS_DBDataSet1.vb(10163,32): error BC30451: 'HDCustomerRowDeleting' is not declared. It may be inaccessible due to its protection level. [L:\New Restauraunt Pos\src\RestaurantPOS14\RestaurantPOS14.vbproj]
L:\New Restauraunt Pos\src\RestaurantPOS14\RestaurantPOS14\RPOS_DBDataSet1.vb(9789,20): error BC30456: 'GridGroupingRowDeletingEvent' is not a member of 'RPOS_DBDataSet1.GridGroupingDataTable'. [L:\New Restauraunt Pos\src\RestaurantPOS14\RestaurantPOS14.vbproj]
L:\New Restauraunt Pos\src\RestaurantPOS14\RestaurantPOS14\RPOS_DBDataSet1.vb(9790,32): error BC30451: 'GridGroupingRowDeleting' is not declared. It may be inaccessible due to its protection level. [L:\New Restauraunt Pos\src\RestaurantPOS14\RestaurantPOS14.vbproj]
L:\New Restauraunt Pos\src\RestaurantPOS14\RestaurantPOS14\RPOS_DBDataSet1.vb(10574,20): error BC30456: 'HoldBillRowChangedEvent' is not a member of 'RPOS_DBDataSet1.HoldBillDataTable'. [L:\New Restauraunt Pos\src\RestaurantPOS14\RestaurantPOS14.vbproj]
L:\New Restauraunt Pos\src\RestaurantPOS14\RestaurantPOS14\RPOS_DBDataSet1.vb(10575,32): error BC30451: 'HoldBillRowChanged' is not declared. It may be inaccessible due to its protection level. [L:\New Restauraunt Pos\src\RestaurantPOS14\RestaurantPOS14.vbproj]
L:\New Restauraunt Pos\src\RestaurantPOS14\RestaurantPOS14\RPOS_DBDataSet1.vb(10583,20): error BC30456: 'HoldBillRowChangingEvent' is not a member of 'RPOS_DBDataSet1.HoldBillDataTable'. [L:\New Restauraunt Pos\src\RestaurantPOS14\RestaurantPOS14.vbproj]
L:\New Restauraunt Pos\src\RestaurantPOS14\RestaurantPOS14\RPOS_DBDataSet1.vb(10584,32): error BC30451: 'HoldBillRowChanging' is not declared. It may be inaccessible due to its protection level. [L:\New Restauraunt Pos\src\RestaurantPOS14\RestaurantPOS14.vbproj]
L:\New Restauraunt Pos\src\RestaurantPOS14\RestaurantPOS14\RPOS_DBDataSet1.vb(10592,20): error BC30456: 'HoldBillRowDeletedEvent' is not a member of 'RPOS_DBDataSet1.HoldBillDataTable'. [L:\New Restauraunt Pos\src\RestaurantPOS14\RestaurantPOS14.vbproj]
L:\New Restauraunt Pos\src\RestaurantPOS14\RestaurantPOS14\RPOS_DBDataSet1.vb(10593,32): error BC30451: 'HoldBillRowDeleted' is not declared. It may be inaccessible due to its protection level. [L:\New Restauraunt Pos\src\RestaurantPOS14\RestaurantPOS14.vbproj]
L:\New Restauraunt Pos\src\RestaurantPOS14\RestaurantPOS14\RPOS_DBDataSet1.vb(10601,20): error BC30456: 'HoldBillRowDeletingEvent' is not a member of 'RPOS_DBDataSet1.HoldBillDataTable'. [L:\New Restauraunt Pos\src\RestaurantPOS14\RestaurantPOS14.vbproj]
L:\New Restauraunt Pos\src\RestaurantPOS14\RestaurantPOS14\RPOS_DBDataSet1.vb(10602,32): error BC30451: 'HoldBillRowDeleting' is not declared. It may be inaccessible due to its protection level. [L:\New Restauraunt Pos\src\RestaurantPOS14\RestaurantPOS14.vbproj]
L:\New Restauraunt Pos\src\RestaurantPOS14\RestaurantPOS14\RPOS_DBDataSet1.vb(3693,20): error BC30456: 'CMISettingRowChangedEvent' is not a member of 'RPOS_DBDataSet1.CMISettingDataTable'. [L:\New Restauraunt Pos\src\RestaurantPOS14\RestaurantPOS14.vbproj]
L:\New Restauraunt Pos\src\RestaurantPOS14\RestaurantPOS14\RPOS_DBDataSet1.vb(3694,32): error BC30451: 'CMISettingRowChanged' is not declared. It may be inaccessible due to its protection level. [L:\New Restauraunt Pos\src\RestaurantPOS14\RestaurantPOS14.vbproj]
L:\New Restauraunt Pos\src\RestaurantPOS14\RestaurantPOS14\RPOS_DBDataSet1.vb(3702,20): error BC30456: 'CMISettingRowChangingEvent' is not a member of 'RPOS_DBDataSet1.CMISettingDataTable'. [L:\New Restauraunt Pos\src\RestaurantPOS14\RestaurantPOS14.vbproj]
L:\New Restauraunt Pos\src\RestaurantPOS14\RestaurantPOS14\RPOS_DBDataSet1.vb(3703,32): error BC30451: 'CMISettingRowChanging' is not declared. It may be inaccessible due to its protection level. [L:\New Restauraunt Pos\src\RestaurantPOS14\RestaurantPOS14.vbproj]
L:\New Restauraunt Pos\src\RestaurantPOS14\RestaurantPOS14\RPOS_DBDataSet1.vb(3711,20): error BC30456: 'CMISettingRowDeletedEvent' is not a member of 'RPOS_DBDataSet1.CMISettingDataTable'. [L:\New Restauraunt Pos\src\RestaurantPOS14\RestaurantPOS14.vbproj]
L:\New Restauraunt Pos\src\RestaurantPOS14\RestaurantPOS14\RPOS_DBDataSet1.vb(3712,32): error BC30451: 'CMISettingRowDeleted' is not declared. It may be inaccessible due to its protection level. [L:\New Restauraunt Pos\src\RestaurantPOS14\RestaurantPOS14.vbproj]
L:\New Restauraunt Pos\src\RestaurantPOS14\RestaurantPOS14\RPOS_DBDataSet1.vb(3720,20): error BC30456: 'CMISettingRowDeletingEvent' is not a member of 'RPOS_DBDataSet1.CMISettingDataTable'. [L:\New Restauraunt Pos\src\RestaurantPOS14\RestaurantPOS14.vbproj]
L:\New Restauraunt Pos\src\RestaurantPOS14\RestaurantPOS14\RPOS_DBDataSet1.vb(3721,32): error BC30451: 'CMISettingRowDeleting' is not declared. It may be inaccessible due to its protection level. [L:\New Restauraunt Pos\src\RestaurantPOS14\RestaurantPOS14.vbproj]
L:\New Restauraunt Pos\src\RestaurantPOS14\RestaurantPOS14\RPOS_DBDataSet1.vb(12093,20): error BC30456: 'JournalRowChangedEvent' is not a member of 'RPOS_DBDataSet1.JournalDataTable'. [L:\New Restauraunt Pos\src\RestaurantPOS14\RestaurantPOS14.vbproj]
L:\New Restauraunt Pos\src\RestaurantPOS14\RestaurantPOS14\RPOS_DBDataSet1.vb(12094,32): error BC30451: 'JournalRowChanged' is not declared. It may be inaccessible due to its protection level. [L:\New Restauraunt Pos\src\RestaurantPOS14\RestaurantPOS14.vbproj]
L:\New Restauraunt Pos\src\RestaurantPOS14\RestaurantPOS14\RPOS_DBDataSet1.vb(12102,20): error BC30456: 'JournalRowChangingEvent' is not a member of 'RPOS_DBDataSet1.JournalDataTable'. [L:\New Restauraunt Pos\src\RestaurantPOS14\RestaurantPOS14.vbproj]
L:\New Restauraunt Pos\src\RestaurantPOS14\RestaurantPOS14\RPOS_DBDataSet1.vb(12103,32): error BC30451: 'JournalRowChanging' is not declared. It may be inaccessible due to its protection level. [L:\New Restauraunt Pos\src\RestaurantPOS14\RestaurantPOS14.vbproj]
L:\New Restauraunt Pos\src\RestaurantPOS14\RestaurantPOS14\RPOS_DBDataSet1.vb(12111,20): error BC30456: 'JournalRowDeletedEvent' is not a member of 'RPOS_DBDataSet1.JournalDataTable'. [L:\New Restauraunt Pos\src\RestaurantPOS14\RestaurantPOS14.vbproj]
L:\New Restauraunt Pos\src\RestaurantPOS14\RestaurantPOS14\RPOS_DBDataSet1.vb(12112,32): error BC30451: 'JournalRowDeleted' is not declared. It may be inaccessible due to its protection level. [L:\New Restauraunt Pos\src\RestaurantPOS14\RestaurantPOS14.vbproj]
L:\New Restauraunt Pos\src\RestaurantPOS14\RestaurantPOS14\RPOS_DBDataSet1.vb(12120,20): error BC30456: 'JournalRowDeletingEvent' is not a member of 'RPOS_DBDataSet1.JournalDataTable'. [L:\New Restauraunt Pos\src\RestaurantPOS14\RestaurantPOS14.vbproj]
L:\New Restauraunt Pos\src\RestaurantPOS14\RestaurantPOS14\RPOS_DBDataSet1.vb(12121,32): error BC30451: 'JournalRowDeleting' is not declared. It may be inaccessible due to its protection level. [L:\New Restauraunt Pos\src\RestaurantPOS14\RestaurantPOS14.vbproj]
L:\New Restauraunt Pos\src\RestaurantPOS14\RestaurantPOS14\RPOS_DBDataSet1.vb(2190,20): error BC30456: 'BankBranchRowChangedEvent' is not a member of 'RPOS_DBDataSet1.BankBranchDataTable'. [L:\New Restauraunt Pos\src\RestaurantPOS14\RestaurantPOS14.vbproj]
L:\New Restauraunt Pos\src\RestaurantPOS14\RestaurantPOS14\RPOS_DBDataSet1.vb(2191,32): error BC30451: 'BankBranchRowChanged' is not declared. It may be inaccessible due to its protection level. [L:\New Restauraunt Pos\src\RestaurantPOS14\RestaurantPOS14.vbproj]
L:\New Restauraunt Pos\src\RestaurantPOS14\RestaurantPOS14\RPOS_DBDataSet1.vb(2199,20): error BC30456: 'BankBranchRowChangingEvent' is not a member of 'RPOS_DBDataSet1.BankBranchDataTable'. [L:\New Restauraunt Pos\src\RestaurantPOS14\RestaurantPOS14.vbproj]
L:\New Restauraunt Pos\src\RestaurantPOS14\RestaurantPOS14\RPOS_DBDataSet1.vb(2200,32): error BC30451: 'BankBranchRowChanging' is not declared. It may be inaccessible due to its protection level. [L:\New Restauraunt Pos\src\RestaurantPOS14\RestaurantPOS14.vbproj]
L:\New Restauraunt Pos\src\RestaurantPOS14\RestaurantPOS14\RPOS_DBDataSet1.vb(2208,20): error BC30456: 'BankBranchRowDeletedEvent' is not a member of 'RPOS_DBDataSet1.BankBranchDataTable'. [L:\New Restauraunt Pos\src\RestaurantPOS14\RestaurantPOS14.vbproj]
L:\New Restauraunt Pos\src\RestaurantPOS14\RestaurantPOS14\RPOS_DBDataSet1.vb(2209,32): error BC30451: 'BankBranchRowDeleted' is not declared. It may be inaccessible due to its protection level. [L:\New Restauraunt Pos\src\RestaurantPOS14\RestaurantPOS14.vbproj]
L:\New Restauraunt Pos\src\RestaurantPOS14\RestaurantPOS14\RPOS_DBDataSet1.vb(2217,20): error BC30456: 'BankBranchRowDeletingEvent' is not a member of 'RPOS_DBDataSet1.BankBranchDataTable'. [L:\New Restauraunt Pos\src\RestaurantPOS14\RestaurantPOS14.vbproj]
L:\New Restauraunt Pos\src\RestaurantPOS14\RestaurantPOS14\RPOS_DBDataSet1.vb(2218,32): error BC30451: 'BankBranchRowDeleting' is not declared. It may be inaccessible due to its protection level. [L:\New Restauraunt Pos\src\RestaurantPOS14\RestaurantPOS14.vbproj]
L:\New Restauraunt Pos\src\RestaurantPOS14\RestaurantPOS14\RPOS_DBDataSet1.vb(8656,20): error BC30456: 'FundDepositRowDeletingEvent' is not a member of 'RPOS_DBDataSet1.FundDepositDataTable'. [L:\New Restauraunt Pos\src\RestaurantPOS14\RestaurantPOS14.vbproj]
L:\New Restauraunt Pos\src\RestaurantPOS14\RestaurantPOS14\RPOS_DBDataSet1.vb(8657,32): error BC30451: 'FundDepositRowDeleting' is not declared. It may be inaccessible due to its protection level. [L:\New Restauraunt Pos\src\RestaurantPOS14\RestaurantPOS14.vbproj]
L:\New Restauraunt Pos\src\RestaurantPOS14\RestaurantPOS14\RPOS_DBDataSet1.vb(14847,20): error BC30456: 'MemberRowChangedEvent' is not a member of 'RPOS_DBDataSet1.MemberDataTable'. [L:\New Restauraunt Pos\src\RestaurantPOS14\RestaurantPOS14.vbproj]
L:\New Restauraunt Pos\src\RestaurantPOS14\RestaurantPOS14\RPOS_DBDataSet1.vb(14848,32): error BC30451: 'MemberRowChanged' is not declared. It may be inaccessible due to its protection level. [L:\New Restauraunt Pos\src\RestaurantPOS14\RestaurantPOS14.vbproj]
L:\New Restauraunt Pos\src\RestaurantPOS14\RestaurantPOS14\RPOS_DBDataSet1.vb(14856,20): error BC30456: 'MemberRowChangingEvent' is not a member of 'RPOS_DBDataSet1.MemberDataTable'. [L:\New Restauraunt Pos\src\RestaurantPOS14\RestaurantPOS14.vbproj]
L:\New Restauraunt Pos\src\RestaurantPOS14\RestaurantPOS14\RPOS_DBDataSet1.vb(14857,32): error BC30451: 'MemberRowChanging' is not declared. It may be inaccessible due to its protection level. [L:\New Restauraunt Pos\src\RestaurantPOS14\RestaurantPOS14.vbproj]
L:\New Restauraunt Pos\src\RestaurantPOS14\RestaurantPOS14\RPOS_DBDataSet1.vb(14865,20): error BC30456: 'MemberRowDeletedEvent' is not a member of 'RPOS_DBDataSet1.MemberDataTable'. [L:\New Restauraunt Pos\src\RestaurantPOS14\RestaurantPOS14.vbproj]
L:\New Restauraunt Pos\src\RestaurantPOS14\RestaurantPOS14\RPOS_DBDataSet1.vb(14866,32): error BC30451: 'MemberRowDeleted' is not declared. It may be inaccessible due to its protection level. [L:\New Restauraunt Pos\src\RestaurantPOS14\RestaurantPOS14.vbproj]
L:\New Restauraunt Pos\src\RestaurantPOS14\RestaurantPOS14\RPOS_DBDataSet1.vb(14874,20): error BC30456: 'MemberRowDeletingEvent' is not a member of 'RPOS_DBDataSet1.MemberDataTable'. [L:\New Restauraunt Pos\src\RestaurantPOS14\RestaurantPOS14.vbproj]
L:\New Restauraunt Pos\src\RestaurantPOS14\RestaurantPOS14\RPOS_DBDataSet1.vb(14875,32): error BC30451: 'MemberRowDeleting' is not declared. It may be inaccessible due to its protection level. [L:\New Restauraunt Pos\src\RestaurantPOS14\RestaurantPOS14.vbproj]
L:\New Restauraunt Pos\src\RestaurantPOS14\RestaurantPOS14\RPOS_DBDataSet1.vb(11695,20): error BC30456: 'HotelRowChangedEvent' is not a member of 'RPOS_DBDataSet1.HotelDataTable'. [L:\New Restauraunt Pos\src\RestaurantPOS14\RestaurantPOS14.vbproj]
L:\New Restauraunt Pos\src\RestaurantPOS14\RestaurantPOS14\RPOS_DBDataSet1.vb(11696,32): error BC30451: 'HotelRowChanged' is not declared. It may be inaccessible due to its protection level. [L:\New Restauraunt Pos\src\RestaurantPOS14\RestaurantPOS14.vbproj]
L:\New Restauraunt Pos\src\RestaurantPOS14\RestaurantPOS14\RPOS_DBDataSet1.vb(11704,20): error BC30456: 'HotelRowChangingEvent' is not a member of 'RPOS_DBDataSet1.HotelDataTable'. [L:\New Restauraunt Pos\src\RestaurantPOS14\RestaurantPOS14.vbproj]
L:\New Restauraunt Pos\src\RestaurantPOS14\RestaurantPOS14\RPOS_DBDataSet1.vb(11705,32): error BC30451: 'HotelRowChanging' is not declared. It may be inaccessible due to its protection level. [L:\New Restauraunt Pos\src\RestaurantPOS14\RestaurantPOS14.vbproj]
L:\New Restauraunt Pos\src\RestaurantPOS14\RestaurantPOS14\RPOS_DBDataSet1.vb(11713,20): error BC30456: 'HotelRowDeletedEvent' is not a member of 'RPOS_DBDataSet1.HotelDataTable'. [L:\New Restauraunt Pos\src\RestaurantPOS14\RestaurantPOS14.vbproj]
L:\New Restauraunt Pos\src\RestaurantPOS14\RestaurantPOS14\RPOS_DBDataSet1.vb(11714,32): error BC30451: 'HotelRowDeleted' is not declared. It may be inaccessible due to its protection level. [L:\New Restauraunt Pos\src\RestaurantPOS14\RestaurantPOS14.vbproj]
L:\New Restauraunt Pos\src\RestaurantPOS14\RestaurantPOS14\RPOS_DBDataSet1.vb(11722,20): error BC30456: 'HotelRowDeletingEvent' is not a member of 'RPOS_DBDataSet1.HotelDataTable'. [L:\New Restauraunt Pos\src\RestaurantPOS14\RestaurantPOS14.vbproj]
L:\New Restauraunt Pos\src\RestaurantPOS14\RestaurantPOS14\RPOS_DBDataSet1.vb(11723,32): error BC30451: 'HotelRowDeleting' is not declared. It may be inaccessible due to its protection level. [L:\New Restauraunt Pos\src\RestaurantPOS14\RestaurantPOS14.vbproj]
L:\New Restauraunt Pos\src\RestaurantPOS14\RestaurantPOS14\RPOS_DBDataSet1.vb(11145,20): error BC30456: 'HoldItemsRowChangedEvent' is not a member of 'RPOS_DBDataSet1.HoldItemsDataTable'. [L:\New Restauraunt Pos\src\RestaurantPOS14\RestaurantPOS14.vbproj]
L:\New Restauraunt Pos\src\RestaurantPOS14\RestaurantPOS14\RPOS_DBDataSet1.vb(11146,32): error BC30451: 'HoldItemsRowChanged' is not declared. It may be inaccessible due to its protection level. [L:\New Restauraunt Pos\src\RestaurantPOS14\RestaurantPOS14.vbproj]
L:\New Restauraunt Pos\src\RestaurantPOS14\RestaurantPOS14\RPOS_DBDataSet1.vb(14454,20): error BC30456: 'LoyaltySettingRowChangedEvent' is not a member of 'RPOS_DBDataSet1.LoyaltySettingDataTable'. [L:\New Restauraunt Pos\src\RestaurantPOS14\RestaurantPOS14.vbproj]
L:\New Restauraunt Pos\src\RestaurantPOS14\RestaurantPOS14\RPOS_DBDataSet1.vb(14455,32): error BC30451: 'LoyaltySettingRowChanged' is not declared. It may be inaccessible due to its protection level. [L:\New Restauraunt Pos\src\RestaurantPOS14\RestaurantPOS14.vbproj]
L:\New Restauraunt Pos\src\RestaurantPOS14\RestaurantPOS14\RPOS_DBDataSet1.vb(11154,20): error BC30456: 'HoldItemsRowChangingEvent' is not a member of 'RPOS_DBDataSet1.HoldItemsDataTable'. [L:\New Restauraunt Pos\src\RestaurantPOS14\RestaurantPOS14.vbproj]
L:\New Restauraunt Pos\src\RestaurantPOS14\RestaurantPOS14\RPOS_DBDataSet1.vb(11155,32): error BC30451: 'HoldItemsRowChanging' is not declared. It may be inaccessible due to its protection level. [L:\New Restauraunt Pos\src\RestaurantPOS14\RestaurantPOS14.vbproj]
L:\New Restauraunt Pos\src\RestaurantPOS14\RestaurantPOS14\RPOS_DBDataSet1.vb(14463,20): error BC30456: 'LoyaltySettingRowChangingEvent' is not a member of 'RPOS_DBDataSet1.LoyaltySettingDataTable'. [L:\New Restauraunt Pos\src\RestaurantPOS14\RestaurantPOS14.vbproj]
L:\New Restauraunt Pos\src\RestaurantPOS14\RestaurantPOS14\RPOS_DBDataSet1.vb(14464,32): error BC30451: 'LoyaltySettingRowChanging' is not declared. It may be inaccessible due to its protection level. [L:\New Restauraunt Pos\src\RestaurantPOS14\RestaurantPOS14.vbproj]
L:\New Restauraunt Pos\src\RestaurantPOS14\RestaurantPOS14\RPOS_DBDataSet1.vb(12448,20): error BC30456: 'KitchenRowChangedEvent' is not a member of 'RPOS_DBDataSet1.KitchenDataTable'. [L:\New Restauraunt Pos\src\RestaurantPOS14\RestaurantPOS14.vbproj]
L:\New Restauraunt Pos\src\RestaurantPOS14\RestaurantPOS14\RPOS_DBDataSet1.vb(12449,32): error BC30451: 'KitchenRowChanged' is not declared. It may be inaccessible due to its protection level. [L:\New Restauraunt Pos\src\RestaurantPOS14\RestaurantPOS14.vbproj]
L:\New Restauraunt Pos\src\RestaurantPOS14\RestaurantPOS14\RPOS_DBDataSet1.vb(11163,20): error BC30456: 'HoldItemsRowDeletedEvent' is not a member of 'RPOS_DBDataSet1.HoldItemsDataTable'. [L:\New Restauraunt Pos\src\RestaurantPOS14\RestaurantPOS14.vbproj]
L:\New Restauraunt Pos\src\RestaurantPOS14\RestaurantPOS14\RPOS_DBDataSet1.vb(11164,32): error BC30451: 'HoldItemsRowDeleted' is not declared. It may be inaccessible due to its protection level. [L:\New Restauraunt Pos\src\RestaurantPOS14\RestaurantPOS14.vbproj]
L:\New Restauraunt Pos\src\RestaurantPOS14\RestaurantPOS14\RPOS_DBDataSet1.vb(14472,20): error BC30456: 'LoyaltySettingRowDeletedEvent' is not a member of 'RPOS_DBDataSet1.LoyaltySettingDataTable'. [L:\New Restauraunt Pos\src\RestaurantPOS14\RestaurantPOS14.vbproj]
L:\New Restauraunt Pos\src\RestaurantPOS14\RestaurantPOS14\RPOS_DBDataSet1.vb(14473,32): error BC30451: 'LoyaltySettingRowDeleted' is not declared. It may be inaccessible due to its protection level. [L:\New Restauraunt Pos\src\RestaurantPOS14\RestaurantPOS14.vbproj]
L:\New Restauraunt Pos\src\RestaurantPOS14\RestaurantPOS14\RPOS_DBDataSet1.vb(12457,20): error BC30456: 'KitchenRowChangingEvent' is not a member of 'RPOS_DBDataSet1.KitchenDataTable'. [L:\New Restauraunt Pos\src\RestaurantPOS14\RestaurantPOS14.vbproj]
L:\New Restauraunt Pos\src\RestaurantPOS14\RestaurantPOS14\RPOS_DBDataSet1.vb(12458,32): error BC30451: 'KitchenRowChanging' is not declared. It may be inaccessible due to its protection level. [L:\New Restauraunt Pos\src\RestaurantPOS14\RestaurantPOS14.vbproj]
L:\New Restauraunt Pos\src\RestaurantPOS14\RestaurantPOS14\RPOS_DBDataSet1.vb(14481,20): error BC30456: 'LoyaltySettingRowDeletingEvent' is not a member of 'RPOS_DBDataSet1.LoyaltySettingDataTable'. [L:\New Restauraunt Pos\src\RestaurantPOS14\RestaurantPOS14.vbproj]
L:\New Restauraunt Pos\src\RestaurantPOS14\RestaurantPOS14\RPOS_DBDataSet1.vb(14482,32): error BC30451: 'LoyaltySettingRowDeleting' is not declared. It may be inaccessible due to its protection level. [L:\New Restauraunt Pos\src\RestaurantPOS14\RestaurantPOS14.vbproj]
L:\New Restauraunt Pos\src\RestaurantPOS14\RestaurantPOS14\RPOS_DBDataSet1.vb(11172,20): error BC30456: 'HoldItemsRowDeletingEvent' is not a member of 'RPOS_DBDataSet1.HoldItemsDataTable'. [L:\New Restauraunt Pos\src\RestaurantPOS14\RestaurantPOS14.vbproj]
L:\New Restauraunt Pos\src\RestaurantPOS14\RestaurantPOS14\RPOS_DBDataSet1.vb(11173,32): error BC30451: 'HoldItemsRowDeleting' is not declared. It may be inaccessible due to its protection level. [L:\New Restauraunt Pos\src\RestaurantPOS14\RestaurantPOS14.vbproj]
L:\New Restauraunt Pos\src\RestaurantPOS14\RestaurantPOS14\RPOS_DBDataSet1.vb(12466,20): error BC30456: 'KitchenRowDeletedEvent' is not a member of 'RPOS_DBDataSet1.KitchenDataTable'. [L:\New Restauraunt Pos\src\RestaurantPOS14\RestaurantPOS14.vbproj]
L:\New Restauraunt Pos\src\RestaurantPOS14\RestaurantPOS14\RPOS_DBDataSet1.vb(12467,32): error BC30451: 'KitchenRowDeleted' is not declared. It may be inaccessible due to its protection level. [L:\New Restauraunt Pos\src\RestaurantPOS14\RestaurantPOS14.vbproj]
L:\New Restauraunt Pos\src\RestaurantPOS14\RestaurantPOS14\RPOS_DBDataSet1.vb(12475,20): error BC30456: 'KitchenRowDeletingEvent' is not a member of 'RPOS_DBDataSet1.KitchenDataTable'. [L:\New Restauraunt Pos\src\RestaurantPOS14\RestaurantPOS14.vbproj]
L:\New Restauraunt Pos\src\RestaurantPOS14\RestaurantPOS14\RPOS_DBDataSet1.vb(12476,32): error BC30451: 'KitchenRowDeleting' is not declared. It may be inaccessible due to its protection level. [L:\New Restauraunt Pos\src\RestaurantPOS14\RestaurantPOS14.vbproj]
L:\New Restauraunt Pos\src\RestaurantPOS14\RestaurantPOS14\RPOS_DBDataSet1.vb(14100,20): error BC30456: 'LoyaltyMemberLedgerBookRowChangedEvent' is not a member of 'RPOS_DBDataSet1.LoyaltyMemberLedgerBookDataTable'. [L:\New Restauraunt Pos\src\RestaurantPOS14\RestaurantPOS14.vbproj]
L:\New Restauraunt Pos\src\RestaurantPOS14\RestaurantPOS14\RPOS_DBDataSet1.vb(14101,32): error BC30451: 'LoyaltyMemberLedgerBookRowChanged' is not declared. It may be inaccessible due to its protection level. [L:\New Restauraunt Pos\src\RestaurantPOS14\RestaurantPOS14.vbproj]
L:\New Restauraunt Pos\src\RestaurantPOS14\RestaurantPOS14\RPOS_DBDataSet1.vb(14109,20): error BC30456: 'LoyaltyMemberLedgerBookRowChangingEvent' is not a member of 'RPOS_DBDataSet1.LoyaltyMemberLedgerBookDataTable'. [L:\New Restauraunt Pos\src\RestaurantPOS14\RestaurantPOS14.vbproj]
L:\New Restauraunt Pos\src\RestaurantPOS14\RestaurantPOS14\RPOS_DBDataSet1.vb(14110,32): error BC30451: 'LoyaltyMemberLedgerBookRowChanging' is not declared. It may be inaccessible due to its protection level. [L:\New Restauraunt Pos\src\RestaurantPOS14\RestaurantPOS14.vbproj]
L:\New Restauraunt Pos\src\RestaurantPOS14\RestaurantPOS14\RPOS_DBDataSet1.vb(13270,20): error BC30456: 'LogsRowChangedEvent' is not a member of 'RPOS_DBDataSet1.LogsDataTable'. [L:\New Restauraunt Pos\src\RestaurantPOS14\RestaurantPOS14.vbproj]
L:\New Restauraunt Pos\src\RestaurantPOS14\RestaurantPOS14\RPOS_DBDataSet1.vb(13271,32): error BC30451: 'LogsRowChanged' is not declared. It may be inaccessible due to its protection level. [L:\New Restauraunt Pos\src\RestaurantPOS14\RestaurantPOS14.vbproj]
L:\New Restauraunt Pos\src\RestaurantPOS14\RestaurantPOS14\RPOS_DBDataSet1.vb(13680,20): error BC30456: 'LoyaltyMemberRowChangedEvent' is not a member of 'RPOS_DBDataSet1.LoyaltyMemberDataTable'. [L:\New Restauraunt Pos\src\RestaurantPOS14\RestaurantPOS14.vbproj]
L:\New Restauraunt Pos\src\RestaurantPOS14\RestaurantPOS14\RPOS_DBDataSet1.vb(13681,32): error BC30451: 'LoyaltyMemberRowChanged' is not declared. It may be inaccessible due to its protection level. [L:\New Restauraunt Pos\src\RestaurantPOS14\RestaurantPOS14.vbproj]
L:\New Restauraunt Pos\src\RestaurantPOS14\RestaurantPOS14\RPOS_DBDataSet1.vb(14118,20): error BC30456: 'LoyaltyMemberLedgerBookRowDeletedEvent' is not a member of 'RPOS_DBDataSet1.LoyaltyMemberLedgerBookDataTable'. [L:\New Restauraunt Pos\src\RestaurantPOS14\RestaurantPOS14.vbproj]
L:\New Restauraunt Pos\src\RestaurantPOS14\RestaurantPOS14\RPOS_DBDataSet1.vb(14119,32): error BC30451: 'LoyaltyMemberLedgerBookRowDeleted' is not declared. It may be inaccessible due to its protection level. [L:\New Restauraunt Pos\src\RestaurantPOS14\RestaurantPOS14.vbproj]
L:\New Restauraunt Pos\src\RestaurantPOS14\RestaurantPOS14\RPOS_DBDataSet1.vb(13279,20): error BC30456: 'LogsRowChangingEvent' is not a member of 'RPOS_DBDataSet1.LogsDataTable'. [L:\New Restauraunt Pos\src\RestaurantPOS14\RestaurantPOS14.vbproj]
L:\New Restauraunt Pos\src\RestaurantPOS14\RestaurantPOS14\RPOS_DBDataSet1.vb(13280,32): error BC30451: 'LogsRowChanging' is not declared. It may be inaccessible due to its protection level. [L:\New Restauraunt Pos\src\RestaurantPOS14\RestaurantPOS14.vbproj]
L:\New Restauraunt Pos\src\RestaurantPOS14\RestaurantPOS14\RPOS_DBDataSet1.vb(14127,20): error BC30456: 'LoyaltyMemberLedgerBookRowDeletingEvent' is not a member of 'RPOS_DBDataSet1.LoyaltyMemberLedgerBookDataTable'. [L:\New Restauraunt Pos\src\RestaurantPOS14\RestaurantPOS14.vbproj]
L:\New Restauraunt Pos\src\RestaurantPOS14\RestaurantPOS14\RPOS_DBDataSet1.vb(14128,32): error BC30451: 'LoyaltyMemberLedgerBookRowDeleting' is not declared. It may be inaccessible due to its protection level. [L:\New Restauraunt Pos\src\RestaurantPOS14\RestaurantPOS14.vbproj]
L:\New Restauraunt Pos\src\RestaurantPOS14\RestaurantPOS14\RPOS_DBDataSet1.vb(13288,20): error BC30456: 'LogsRowDeletedEvent' is not a member of 'RPOS_DBDataSet1.LogsDataTable'. [L:\New Restauraunt Pos\src\RestaurantPOS14\RestaurantPOS14.vbproj]
L:\New Restauraunt Pos\src\RestaurantPOS14\RestaurantPOS14\RPOS_DBDataSet1.vb(13289,32): error BC30451: 'LogsRowDeleted' is not declared. It may be inaccessible due to its protection level. [L:\New Restauraunt Pos\src\RestaurantPOS14\RestaurantPOS14.vbproj]
L:\New Restauraunt Pos\src\RestaurantPOS14\RestaurantPOS14\RPOS_DBDataSet1.vb(13297,20): error BC30456: 'LogsRowDeletingEvent' is not a member of 'RPOS_DBDataSet1.LogsDataTable'. [L:\New Restauraunt Pos\src\RestaurantPOS14\RestaurantPOS14.vbproj]
L:\New Restauraunt Pos\src\RestaurantPOS14\RestaurantPOS14\RPOS_DBDataSet1.vb(13298,32): error BC30451: 'LogsRowDeleting' is not declared. It may be inaccessible due to its protection level. [L:\New Restauraunt Pos\src\RestaurantPOS14\RestaurantPOS14.vbproj]
L:\New Restauraunt Pos\src\RestaurantPOS14\RestaurantPOS14\RPOS_DBDataSet1.vb(13689,20): error BC30456: 'LoyaltyMemberRowChangingEvent' is not a member of 'RPOS_DBDataSet1.LoyaltyMemberDataTable'. [L:\New Restauraunt Pos\src\RestaurantPOS14\RestaurantPOS14.vbproj]
L:\New Restauraunt Pos\src\RestaurantPOS14\RestaurantPOS14\RPOS_DBDataSet1.vb(13690,32): error BC30451: 'LoyaltyMemberRowChanging' is not declared. It may be inaccessible due to its protection level. [L:\New Restauraunt Pos\src\RestaurantPOS14\RestaurantPOS14.vbproj]
L:\New Restauraunt Pos\src\RestaurantPOS14\RestaurantPOS14\RPOS_DBDataSet1.vb(13698,20): error BC30456: 'LoyaltyMemberRowDeletedEvent' is not a member of 'RPOS_DBDataSet1.LoyaltyMemberDataTable'. [L:\New Restauraunt Pos\src\RestaurantPOS14\RestaurantPOS14.vbproj]
L:\New Restauraunt Pos\src\RestaurantPOS14\RestaurantPOS14\RPOS_DBDataSet1.vb(13699,32): error BC30451: 'LoyaltyMemberRowDeleted' is not declared. It may be inaccessible due to its protection level. [L:\New Restauraunt Pos\src\RestaurantPOS14\RestaurantPOS14.vbproj]
L:\New Restauraunt Pos\src\RestaurantPOS14\RestaurantPOS14\RPOS_DBDataSet1.vb(12891,20): error BC30456: 'LedgerBookRowChangedEvent' is not a member of 'RPOS_DBDataSet1.LedgerBookDataTable'. [L:\New Restauraunt Pos\src\RestaurantPOS14\RestaurantPOS14.vbproj]
L:\New Restauraunt Pos\src\RestaurantPOS14\RestaurantPOS14\RPOS_DBDataSet1.vb(12892,32): error BC30451: 'LedgerBookRowChanged' is not declared. It may be inaccessible due to its protection level. [L:\New Restauraunt Pos\src\RestaurantPOS14\RestaurantPOS14.vbproj]
L:\New Restauraunt Pos\src\RestaurantPOS14\RestaurantPOS14\RPOS_DBDataSet1.vb(13707,20): error BC30456: 'LoyaltyMemberRowDeletingEvent' is not a member of 'RPOS_DBDataSet1.LoyaltyMemberDataTable'. [L:\New Restauraunt Pos\src\RestaurantPOS14\RestaurantPOS14.vbproj]
L:\New Restauraunt Pos\src\RestaurantPOS14\RestaurantPOS14\RPOS_DBDataSet1.vb(13708,32): error BC30451: 'LoyaltyMemberRowDeleting' is not declared. It may be inaccessible due to its protection level. [L:\New Restauraunt Pos\src\RestaurantPOS14\RestaurantPOS14.vbproj]
L:\New Restauraunt Pos\src\RestaurantPOS14\RestaurantPOS14\RPOS_DBDataSet1.vb(12900,20): error BC30456: 'LedgerBookRowChangingEvent' is not a member of 'RPOS_DBDataSet1.LedgerBookDataTable'. [L:\New Restauraunt Pos\src\RestaurantPOS14\RestaurantPOS14.vbproj]
L:\New Restauraunt Pos\src\RestaurantPOS14\RestaurantPOS14\RPOS_DBDataSet1.vb(12901,32): error BC30451: 'LedgerBookRowChanging' is not declared. It may be inaccessible due to its protection level. [L:\New Restauraunt Pos\src\RestaurantPOS14\RestaurantPOS14.vbproj]
L:\New Restauraunt Pos\src\RestaurantPOS14\RestaurantPOS14\RPOS_DBDataSet1.vb(12909,20): error BC30456: 'LedgerBookRowDeletedEvent' is not a member of 'RPOS_DBDataSet1.LedgerBookDataTable'. [L:\New Restauraunt Pos\src\RestaurantPOS14\RestaurantPOS14.vbproj]
L:\New Restauraunt Pos\src\RestaurantPOS14\RestaurantPOS14\RPOS_DBDataSet1.vb(12910,32): error BC30451: 'LedgerBookRowDeleted' is not declared. It may be inaccessible due to its protection level. [L:\New Restauraunt Pos\src\RestaurantPOS14\RestaurantPOS14.vbproj]
L:\New Restauraunt Pos\src\RestaurantPOS14\RestaurantPOS14\RPOS_DBDataSet1.vb(12918,20): error BC30456: 'LedgerBookRowDeletingEvent' is not a member of 'RPOS_DBDataSet1.LedgerBookDataTable'. [L:\New Restauraunt Pos\src\RestaurantPOS14\RestaurantPOS14.vbproj]
L:\New Restauraunt Pos\src\RestaurantPOS14\RestaurantPOS14\RPOS_DBDataSet1.vb(12919,32): error BC30451: 'LedgerBookRowDeleting' is not declared. It may be inaccessible due to its protection level. [L:\New Restauraunt Pos\src\RestaurantPOS14\RestaurantPOS14.vbproj]
L:\New Restauraunt Pos\src\RestaurantPOS14\RestaurantPOS14\RPOS_DBDataSet.vb(28616,20): error BC30456: 'WarehouseTypeRowChangedEvent' is not a member of 'RPOS_DBDataSet.WarehouseTypeDataTable'. [L:\New Restauraunt Pos\src\RestaurantPOS14\RestaurantPOS14.vbproj]
L:\New Restauraunt Pos\src\RestaurantPOS14\RestaurantPOS14\RPOS_DBDataSet.vb(28617,32): error BC30451: 'WarehouseTypeRowChanged' is not declared. It may be inaccessible due to its protection level. [L:\New Restauraunt Pos\src\RestaurantPOS14\RestaurantPOS14.vbproj]
L:\New Restauraunt Pos\src\RestaurantPOS14\RestaurantPOS14\RPOS_DBDataSet.vb(28625,20): error BC30456: 'WarehouseTypeRowChangingEvent' is not a member of 'RPOS_DBDataSet.WarehouseTypeDataTable'. [L:\New Restauraunt Pos\src\RestaurantPOS14\RestaurantPOS14.vbproj]
L:\New Restauraunt Pos\src\RestaurantPOS14\RestaurantPOS14\RPOS_DBDataSet.vb(28626,32): error BC30451: 'WarehouseTypeRowChanging' is not declared. It may be inaccessible due to its protection level. [L:\New Restauraunt Pos\src\RestaurantPOS14\RestaurantPOS14.vbproj]
L:\New Restauraunt Pos\src\RestaurantPOS14\RestaurantPOS14\RPOS_DBDataSet.vb(29340,20): error BC30456: 'WorkPeriodStartRowChangedEvent' is not a member of 'RPOS_DBDataSet.WorkPeriodStartDataTable'. [L:\New Restauraunt Pos\src\RestaurantPOS14\RestaurantPOS14.vbproj]
L:\New Restauraunt Pos\src\RestaurantPOS14\RestaurantPOS14\RPOS_DBDataSet.vb(29341,32): error BC30451: 'WorkPeriodStartRowChanged' is not declared. It may be inaccessible due to its protection level. [L:\New Restauraunt Pos\src\RestaurantPOS14\RestaurantPOS14.vbproj]
L:\New Restauraunt Pos\src\RestaurantPOS14\RestaurantPOS14\RPOS_DBDataSet.vb(28634,20): error BC30456: 'WarehouseTypeRowDeletedEvent' is not a member of 'RPOS_DBDataSet.WarehouseTypeDataTable'. [L:\New Restauraunt Pos\src\RestaurantPOS14\RestaurantPOS14.vbproj]
L:\New Restauraunt Pos\src\RestaurantPOS14\RestaurantPOS14\RPOS_DBDataSet.vb(28635,32): error BC30451: 'WarehouseTypeRowDeleted' is not declared. It may be inaccessible due to its protection level. [L:\New Restauraunt Pos\src\RestaurantPOS14\RestaurantPOS14.vbproj]
L:\New Restauraunt Pos\src\RestaurantPOS14\RestaurantPOS14\RPOS_DBDataSet.vb(29349,20): error BC30456: 'WorkPeriodStartRowChangingEvent' is not a member of 'RPOS_DBDataSet.WorkPeriodStartDataTable'. [L:\New Restauraunt Pos\src\RestaurantPOS14\RestaurantPOS14.vbproj]
L:\New Restauraunt Pos\src\RestaurantPOS14\RestaurantPOS14\RPOS_DBDataSet.vb(29350,32): error BC30451: 'WorkPeriodStartRowChanging' is not declared. It may be inaccessible due to its protection level. [L:\New Restauraunt Pos\src\RestaurantPOS14\RestaurantPOS14.vbproj]
L:\New Restauraunt Pos\src\RestaurantPOS14\RestaurantPOS14\RPOS_DBDataSet.vb(28643,20): error BC30456: 'WarehouseTypeRowDeletingEvent' is not a member of 'RPOS_DBDataSet.WarehouseTypeDataTable'. [L:\New Restauraunt Pos\src\RestaurantPOS14\RestaurantPOS14.vbproj]
L:\New Restauraunt Pos\src\RestaurantPOS14\RestaurantPOS14\RPOS_DBDataSet.vb(28644,32): error BC30451: 'WarehouseTypeRowDeleting' is not declared. It may be inaccessible due to its protection level. [L:\New Restauraunt Pos\src\RestaurantPOS14\RestaurantPOS14.vbproj]
L:\New Restauraunt Pos\src\RestaurantPOS14\RestaurantPOS14\RPOS_DBDataSet.vb(29358,20): error BC30456: 'WorkPeriodStartRowDeletedEvent' is not a member of 'RPOS_DBDataSet.WorkPeriodStartDataTable'. [L:\New Restauraunt Pos\src\RestaurantPOS14\RestaurantPOS14.vbproj]
L:\New Restauraunt Pos\src\RestaurantPOS14\RestaurantPOS14\RPOS_DBDataSet.vb(29359,32): error BC30451: 'WorkPeriodStartRowDeleted' is not declared. It may be inaccessible due to its protection level. [L:\New Restauraunt Pos\src\RestaurantPOS14\RestaurantPOS14.vbproj]
L:\New Restauraunt Pos\src\RestaurantPOS14\RestaurantPOS14\RPOS_DBDataSet.vb(29367,20): error BC30456: 'WorkPeriodStartRowDeletingEvent' is not a member of 'RPOS_DBDataSet.WorkPeriodStartDataTable'. [L:\New Restauraunt Pos\src\RestaurantPOS14\RestaurantPOS14.vbproj]
L:\New Restauraunt Pos\src\RestaurantPOS14\RestaurantPOS14\RPOS_DBDataSet.vb(29368,32): error BC30451: 'WorkPeriodStartRowDeleting' is not declared. It may be inaccessible due to its protection level. [L:\New Restauraunt Pos\src\RestaurantPOS14\RestaurantPOS14.vbproj]
L:\New Restauraunt Pos\src\RestaurantPOS14\RestaurantPOS14\RPOS_DBDataSet.vb(28280,20): error BC30456: 'WarehouseRowChangedEvent' is not a member of 'RPOS_DBDataSet.WarehouseDataTable'. [L:\New Restauraunt Pos\src\RestaurantPOS14\RestaurantPOS14.vbproj]
L:\New Restauraunt Pos\src\RestaurantPOS14\RestaurantPOS14\RPOS_DBDataSet.vb(28281,32): error BC30451: 'WarehouseRowChanged' is not declared. It may be inaccessible due to its protection level. [L:\New Restauraunt Pos\src\RestaurantPOS14\RestaurantPOS14.vbproj]
L:\New Restauraunt Pos\src\RestaurantPOS14\RestaurantPOS14\RPOS_DBDataSet.vb(28289,20): error BC30456: 'WarehouseRowChangingEvent' is not a member of 'RPOS_DBDataSet.WarehouseDataTable'. [L:\New Restauraunt Pos\src\RestaurantPOS14\RestaurantPOS14.vbproj]
L:\New Restauraunt Pos\src\RestaurantPOS14\RestaurantPOS14\RPOS_DBDataSet.vb(28290,32): error BC30451: 'WarehouseRowChanging' is not declared. It may be inaccessible due to its protection level. [L:\New Restauraunt Pos\src\RestaurantPOS14\RestaurantPOS14.vbproj]
L:\New Restauraunt Pos\src\RestaurantPOS14\RestaurantPOS14\RPOS_DBDataSet.vb(27892,20): error BC30456: 'WalletRowChangedEvent' is not a member of 'RPOS_DBDataSet.WalletDataTable'. [L:\New Restauraunt Pos\src\RestaurantPOS14\RestaurantPOS14.vbproj]
L:\New Restauraunt Pos\src\RestaurantPOS14\RestaurantPOS14\RPOS_DBDataSet.vb(27893,32): error BC30451: 'WalletRowChanged' is not declared. It may be inaccessible due to its protection level. [L:\New Restauraunt Pos\src\RestaurantPOS14\RestaurantPOS14.vbproj]
L:\New Restauraunt Pos\src\RestaurantPOS14\RestaurantPOS14\RPOS_DBDataSet.vb(28298,20): error BC30456: 'WarehouseRowDeletedEvent' is not a member of 'RPOS_DBDataSet.WarehouseDataTable'. [L:\New Restauraunt Pos\src\RestaurantPOS14\RestaurantPOS14.vbproj]
L:\New Restauraunt Pos\src\RestaurantPOS14\RestaurantPOS14\RPOS_DBDataSet.vb(28299,32): error BC30451: 'WarehouseRowDeleted' is not declared. It may be inaccessible due to its protection level. [L:\New Restauraunt Pos\src\RestaurantPOS14\RestaurantPOS14.vbproj]
L:\New Restauraunt Pos\src\RestaurantPOS14\RestaurantPOS14\RPOS_DBDataSet.vb(27901,20): error BC30456: 'WalletRowChangingEvent' is not a member of 'RPOS_DBDataSet.WalletDataTable'. [L:\New Restauraunt Pos\src\RestaurantPOS14\RestaurantPOS14.vbproj]
L:\New Restauraunt Pos\src\RestaurantPOS14\RestaurantPOS14\RPOS_DBDataSet.vb(27902,32): error BC30451: 'WalletRowChanging' is not declared. It may be inaccessible due to its protection level. [L:\New Restauraunt Pos\src\RestaurantPOS14\RestaurantPOS14.vbproj]
L:\New Restauraunt Pos\src\RestaurantPOS14\RestaurantPOS14\RPOS_DBDataSet.vb(28307,20): error BC30456: 'WarehouseRowDeletingEvent' is not a member of 'RPOS_DBDataSet.WarehouseDataTable'. [L:\New Restauraunt Pos\src\RestaurantPOS14\RestaurantPOS14.vbproj]
L:\New Restauraunt Pos\src\RestaurantPOS14\RestaurantPOS14\RPOS_DBDataSet.vb(28308,32): error BC30451: 'WarehouseRowDeleting' is not declared. It may be inaccessible due to its protection level. [L:\New Restauraunt Pos\src\RestaurantPOS14\RestaurantPOS14.vbproj]
L:\New Restauraunt Pos\src\RestaurantPOS14\RestaurantPOS14\RPOS_DBDataSet.vb(27910,20): error BC30456: 'WalletRowDeletedEvent' is not a member of 'RPOS_DBDataSet.WalletDataTable'. [L:\New Restauraunt Pos\src\RestaurantPOS14\RestaurantPOS14.vbproj]
L:\New Restauraunt Pos\src\RestaurantPOS14\RestaurantPOS14\RPOS_DBDataSet.vb(27911,32): error BC30451: 'WalletRowDeleted' is not declared. It may be inaccessible due to its protection level. [L:\New Restauraunt Pos\src\RestaurantPOS14\RestaurantPOS14.vbproj]
L:\New Restauraunt Pos\src\RestaurantPOS14\RestaurantPOS14\RPOS_DBDataSet.vb(27919,20): error BC30456: 'WalletRowDeletingEvent' is not a member of 'RPOS_DBDataSet.WalletDataTable'. [L:\New Restauraunt Pos\src\RestaurantPOS14\RestaurantPOS14.vbproj]
L:\New Restauraunt Pos\src\RestaurantPOS14\RestaurantPOS14\RPOS_DBDataSet.vb(27920,32): error BC30451: 'WalletRowDeleting' is not declared. It may be inaccessible due to its protection level. [L:\New Restauraunt Pos\src\RestaurantPOS14\RestaurantPOS14.vbproj]
L:\New Restauraunt Pos\src\RestaurantPOS14\RestaurantPOS14\RPOS_DBDataSet.vb(27556,20): error BC30456: 'Voucher_OtherDetailsRowChangedEvent' is not a member of 'RPOS_DBDataSet.Voucher_OtherDetailsDataTable'. [L:\New Restauraunt Pos\src\RestaurantPOS14\RestaurantPOS14.vbproj]
L:\New Restauraunt Pos\src\RestaurantPOS14\RestaurantPOS14\RPOS_DBDataSet.vb(27557,32): error BC30451: 'Voucher_OtherDetailsRowChanged' is not declared. It may be inaccessible due to its protection level. [L:\New Restauraunt Pos\src\RestaurantPOS14\RestaurantPOS14.vbproj]
L:\New Restauraunt Pos\src\RestaurantPOS14\RestaurantPOS14\RPOS_DBDataSet.vb(27565,20): error BC30456: 'Voucher_OtherDetailsRowChangingEvent' is not a member of 'RPOS_DBDataSet.Voucher_OtherDetailsDataTable'. [L:\New Restauraunt Pos\src\RestaurantPOS14\RestaurantPOS14.vbproj]
L:\New Restauraunt Pos\src\RestaurantPOS14\RestaurantPOS14\RPOS_DBDataSet.vb(27566,32): error BC30451: 'Voucher_OtherDetailsRowChanging' is not declared. It may be inaccessible due to its protection level. [L:\New Restauraunt Pos\src\RestaurantPOS14\RestaurantPOS14.vbproj]
L:\New Restauraunt Pos\src\RestaurantPOS14\RestaurantPOS14\RPOS_DBDataSet.vb(27574,20): error BC30456: 'Voucher_OtherDetailsRowDeletedEvent' is not a member of 'RPOS_DBDataSet.Voucher_OtherDetailsDataTable'. [L:\New Restauraunt Pos\src\RestaurantPOS14\RestaurantPOS14.vbproj]
L:\New Restauraunt Pos\src\RestaurantPOS14\RestaurantPOS14\RPOS_DBDataSet.vb(27575,32): error BC30451: 'Voucher_OtherDetailsRowDeleted' is not declared. It may be inaccessible due to its protection level. [L:\New Restauraunt Pos\src\RestaurantPOS14\RestaurantPOS14.vbproj]
L:\New Restauraunt Pos\src\RestaurantPOS14\RestaurantPOS14\RPOS_DBDataSet.vb(27583,20): error BC30456: 'Voucher_OtherDetailsRowDeletingEvent' is not a member of 'RPOS_DBDataSet.Voucher_OtherDetailsDataTable'. [L:\New Restauraunt Pos\src\RestaurantPOS14\RestaurantPOS14.vbproj]
L:\New Restauraunt Pos\src\RestaurantPOS14\RestaurantPOS14\RPOS_DBDataSet.vb(27584,32): error BC30451: 'Voucher_OtherDetailsRowDeleting' is not declared. It may be inaccessible due to its protection level. [L:\New Restauraunt Pos\src\RestaurantPOS14\RestaurantPOS14.vbproj]
L:\New Restauraunt Pos\src\RestaurantPOS14\RestaurantPOS14\RPOS_DBDataSet.vb(26725,20): error BC30456: 'Temp_Stock_StoreRowChangedEvent' is not a member of 'RPOS_DBDataSet.Temp_Stock_StoreDataTable'. [L:\New Restauraunt Pos\src\RestaurantPOS14\RestaurantPOS14.vbproj]
L:\New Restauraunt Pos\src\RestaurantPOS14\RestaurantPOS14\RPOS_DBDataSet.vb(26726,32): error BC30451: 'Temp_Stock_StoreRowChanged' is not declared. It may be inaccessible due to its protection level. [L:\New Restauraunt Pos\src\RestaurantPOS14\RestaurantPOS14.vbproj]
L:\New Restauraunt Pos\src\RestaurantPOS14\RestaurantPOS14\RPOS_DBDataSet.vb(26734,20): error BC30456: 'Temp_Stock_StoreRowChangingEvent' is not a member of 'RPOS_DBDataSet.Temp_Stock_StoreDataTable'. [L:\New Restauraunt Pos\src\RestaurantPOS14\RestaurantPOS14.vbproj]
L:\New Restauraunt Pos\src\RestaurantPOS14\RestaurantPOS14\RPOS_DBDataSet.vb(26735,32): error BC30451: 'Temp_Stock_StoreRowChanging' is not declared. It may be inaccessible due to its protection level. [L:\New Restauraunt Pos\src\RestaurantPOS14\RestaurantPOS14.vbproj]
L:\New Restauraunt Pos\src\RestaurantPOS14\RestaurantPOS14\RPOS_DBDataSet.vb(26743,20): error BC30456: 'Temp_Stock_StoreRowDeletedEvent' is not a member of 'RPOS_DBDataSet.Temp_Stock_StoreDataTable'. [L:\New Restauraunt Pos\src\RestaurantPOS14\RestaurantPOS14.vbproj]
L:\New Restauraunt Pos\src\RestaurantPOS14\RestaurantPOS14\RPOS_DBDataSet.vb(26744,32): error BC30451: 'Temp_Stock_StoreRowDeleted' is not declared. It may be inaccessible due to its protection level. [L:\New Restauraunt Pos\src\RestaurantPOS14\RestaurantPOS14.vbproj]
L:\New Restauraunt Pos\src\RestaurantPOS14\RestaurantPOS14\RPOS_DBDataSet.vb(26752,20): error BC30456: 'Temp_Stock_StoreRowDeletingEvent' is not a member of 'RPOS_DBDataSet.Temp_Stock_StoreDataTable'. [L:\New Restauraunt Pos\src\RestaurantPOS14\RestaurantPOS14.vbproj]
L:\New Restauraunt Pos\src\RestaurantPOS14\RestaurantPOS14\RPOS_DBDataSet.vb(26753,32): error BC30451: 'Temp_Stock_StoreRowDeleting' is not declared. It may be inaccessible due to its protection level. [L:\New Restauraunt Pos\src\RestaurantPOS14\RestaurantPOS14.vbproj]
L:\New Restauraunt Pos\src\RestaurantPOS14\RestaurantPOS14\RPOS_DBDataSet.vb(27149,20): error BC30456: 'VoucherRowChangedEvent' is not a member of 'RPOS_DBDataSet.VoucherDataTable'. [L:\New Restauraunt Pos\src\RestaurantPOS14\RestaurantPOS14.vbproj]
L:\New Restauraunt Pos\src\RestaurantPOS14\RestaurantPOS14\RPOS_DBDataSet.vb(27150,32): error BC30451: 'VoucherRowChanged' is not declared. It may be inaccessible due to its protection level. [L:\New Restauraunt Pos\src\RestaurantPOS14\RestaurantPOS14.vbproj]
L:\New Restauraunt Pos\src\RestaurantPOS14\RestaurantPOS14\RPOS_DBDataSet.vb(25558,20): error BC30456: 'tblOrderRowChangedEvent' is not a member of 'RPOS_DBDataSet.tblOrderDataTable'. [L:\New Restauraunt Pos\src\RestaurantPOS14\RestaurantPOS14.vbproj]
L:\New Restauraunt Pos\src\RestaurantPOS14\RestaurantPOS14\RPOS_DBDataSet.vb(25559,32): error BC30451: 'tblOrderRowChanged' is not declared. It may be inaccessible due to its protection level. [L:\New Restauraunt Pos\src\RestaurantPOS14\RestaurantPOS14.vbproj]
L:\New Restauraunt Pos\src\RestaurantPOS14\RestaurantPOS14\RPOS_DBDataSet.vb(27158,20): error BC30456: 'VoucherRowChangingEvent' is not a member of 'RPOS_DBDataSet.VoucherDataTable'. [L:\New Restauraunt Pos\src\RestaurantPOS14\RestaurantPOS14.vbproj]
L:\New Restauraunt Pos\src\RestaurantPOS14\RestaurantPOS14\RPOS_DBDataSet.vb(27159,32): error BC30451: 'VoucherRowChanging' is not declared. It may be inaccessible due to its protection level. [L:\New Restauraunt Pos\src\RestaurantPOS14\RestaurantPOS14.vbproj]
L:\New Restauraunt Pos\src\RestaurantPOS14\RestaurantPOS14\RPOS_DBDataSet.vb(25979,20): error BC30456: 'Temp_StockRowChangedEvent' is not a member of 'RPOS_DBDataSet.Temp_StockDataTable'. [L:\New Restauraunt Pos\src\RestaurantPOS14\RestaurantPOS14.vbproj]
L:\New Restauraunt Pos\src\RestaurantPOS14\RestaurantPOS14\RPOS_DBDataSet.vb(25980,32): error BC30451: 'Temp_StockRowChanged' is not declared. It may be inaccessible due to its protection level. [L:\New Restauraunt Pos\src\RestaurantPOS14\RestaurantPOS14.vbproj]
L:\New Restauraunt Pos\src\RestaurantPOS14\RestaurantPOS14\RPOS_DBDataSet.vb(25567,20): error BC30456: 'tblOrderRowChangingEvent' is not a member of 'RPOS_DBDataSet.tblOrderDataTable'. [L:\New Restauraunt Pos\src\RestaurantPOS14\RestaurantPOS14.vbproj]
L:\New Restauraunt Pos\src\RestaurantPOS14\RestaurantPOS14\RPOS_DBDataSet.vb(25568,32): error BC30451: 'tblOrderRowChanging' is not declared. It may be inaccessible due to its protection level. [L:\New Restauraunt Pos\src\RestaurantPOS14\RestaurantPOS14.vbproj]
L:\New Restauraunt Pos\src\RestaurantPOS14\RestaurantPOS14\RPOS_DBDataSet.vb(27167,20): error BC30456: 'VoucherRowDeletedEvent' is not a member of 'RPOS_DBDataSet.VoucherDataTable'. [L:\New Restauraunt Pos\src\RestaurantPOS14\RestaurantPOS14.vbproj]
L:\New Restauraunt Pos\src\RestaurantPOS14\RestaurantPOS14\RPOS_DBDataSet.vb(27168,32): error BC30451: 'VoucherRowDeleted' is not declared. It may be inaccessible due to its protection level. [L:\New Restauraunt Pos\src\RestaurantPOS14\RestaurantPOS14.vbproj]
L:\New Restauraunt Pos\src\RestaurantPOS14\RestaurantPOS14\RPOS_DBDataSet.vb(25988,20): error BC30456: 'Temp_StockRowChangingEvent' is not a member of 'RPOS_DBDataSet.Temp_StockDataTable'. [L:\New Restauraunt Pos\src\RestaurantPOS14\RestaurantPOS14.vbproj]
L:\New Restauraunt Pos\src\RestaurantPOS14\RestaurantPOS14\RPOS_DBDataSet.vb(25989,32): error BC30451: 'Temp_StockRowChanging' is not declared. It may be inaccessible due to its protection level. [L:\New Restauraunt Pos\src\RestaurantPOS14\RestaurantPOS14.vbproj]
L:\New Restauraunt Pos\src\RestaurantPOS14\RestaurantPOS14\RPOS_DBDataSet.vb(25576,20): error BC30456: 'tblOrderRowDeletedEvent' is not a member of 'RPOS_DBDataSet.tblOrderDataTable'. [L:\New Restauraunt Pos\src\RestaurantPOS14\RestaurantPOS14.vbproj]
L:\New Restauraunt Pos\src\RestaurantPOS14\RestaurantPOS14\RPOS_DBDataSet.vb(25577,32): error BC30451: 'tblOrderRowDeleted' is not declared. It may be inaccessible due to its protection level. [L:\New Restauraunt Pos\src\RestaurantPOS14\RestaurantPOS14.vbproj]
L:\New Restauraunt Pos\src\RestaurantPOS14\RestaurantPOS14\RPOS_DBDataSet.vb(27176,20): error BC30456: 'VoucherRowDeletingEvent' is not a member of 'RPOS_DBDataSet.VoucherDataTable'. [L:\New Restauraunt Pos\src\RestaurantPOS14\RestaurantPOS14.vbproj]
L:\New Restauraunt Pos\src\RestaurantPOS14\RestaurantPOS14\RPOS_DBDataSet.vb(27177,32): error BC30451: 'VoucherRowDeleting' is not declared. It may be inaccessible due to its protection level. [L:\New Restauraunt Pos\src\RestaurantPOS14\RestaurantPOS14.vbproj]
L:\New Restauraunt Pos\src\RestaurantPOS14\RestaurantPOS14\RPOS_DBDataSet.vb(25997,20): error BC30456: 'Temp_StockRowDeletedEvent' is not a member of 'RPOS_DBDataSet.Temp_StockDataTable'. [L:\New Restauraunt Pos\src\RestaurantPOS14\RestaurantPOS14.vbproj]
L:\New Restauraunt Pos\src\RestaurantPOS14\RestaurantPOS14\RPOS_DBDataSet.vb(25998,32): error BC30451: 'Temp_StockRowDeleted' is not declared. It may be inaccessible due to its protection level. [L:\New Restauraunt Pos\src\RestaurantPOS14\RestaurantPOS14.vbproj]
L:\New Restauraunt Pos\src\RestaurantPOS14\RestaurantPOS14\RPOS_DBDataSet.vb(25585,20): error BC30456: 'tblOrderRowDeletingEvent' is not a member of 'RPOS_DBDataSet.tblOrderDataTable'. [L:\New Restauraunt Pos\src\RestaurantPOS14\RestaurantPOS14.vbproj]
L:\New Restauraunt Pos\src\RestaurantPOS14\RestaurantPOS14\RPOS_DBDataSet.vb(25586,32): error BC30451: 'tblOrderRowDeleting' is not declared. It may be inaccessible due to its protection level. [L:\New Restauraunt Pos\src\RestaurantPOS14\RestaurantPOS14.vbproj]
L:\New Restauraunt Pos\src\RestaurantPOS14\RestaurantPOS14\RPOS_DBDataSet.vb(26006,20): error BC30456: 'Temp_StockRowDeletingEvent' is not a member of 'RPOS_DBDataSet.Temp_StockDataTable'. [L:\New Restauraunt Pos\src\RestaurantPOS14\RestaurantPOS14.vbproj]
L:\New Restauraunt Pos\src\RestaurantPOS14\RestaurantPOS14\RPOS_DBDataSet.vb(26007,32): error BC30451: 'Temp_StockRowDeleting' is not declared. It may be inaccessible due to its protection level. [L:\New Restauraunt Pos\src\RestaurantPOS14\RestaurantPOS14.vbproj]
L:\New Restauraunt Pos\src\RestaurantPOS14\RestaurantPOS14\RPOS_DBDataSet.vb(26350,20): error BC30456: 'Temp_Stock_RMRowChangedEvent' is not a member of 'RPOS_DBDataSet.Temp_Stock_RMDataTable'. [L:\New Restauraunt Pos\src\RestaurantPOS14\RestaurantPOS14.vbproj]
L:\New Restauraunt Pos\src\RestaurantPOS14\RestaurantPOS14\RPOS_DBDataSet.vb(26351,32): error BC30451: 'Temp_Stock_RMRowChanged' is not declared. It may be inaccessible due to its protection level. [L:\New Restauraunt Pos\src\RestaurantPOS14\RestaurantPOS14.vbproj]
L:\New Restauraunt Pos\src\RestaurantPOS14\RestaurantPOS14\RPOS_DBDataSet.vb(26359,20): error BC30456: 'Temp_Stock_RMRowChangingEvent' is not a member of 'RPOS_DBDataSet.Temp_Stock_RMDataTable'. [L:\New Restauraunt Pos\src\RestaurantPOS14\RestaurantPOS14.vbproj]
L:\New Restauraunt Pos\src\RestaurantPOS14\RestaurantPOS14\RPOS_DBDataSet.vb(26360,32): error BC30451: 'Temp_Stock_RMRowChanging' is not declared. It may be inaccessible due to its protection level. [L:\New Restauraunt Pos\src\RestaurantPOS14\RestaurantPOS14.vbproj]
L:\New Restauraunt Pos\src\RestaurantPOS14\RestaurantPOS14\RPOS_DBDataSet.vb(26368,20): error BC30456: 'Temp_Stock_RMRowDeletedEvent' is not a member of 'RPOS_DBDataSet.Temp_Stock_RMDataTable'. [L:\New Restauraunt Pos\src\RestaurantPOS14\RestaurantPOS14.vbproj]
L:\New Restauraunt Pos\src\RestaurantPOS14\RestaurantPOS14\RPOS_DBDataSet.vb(26369,32): error BC30451: 'Temp_Stock_RMRowDeleted' is not declared. It may be inaccessible due to its protection level. [L:\New Restauraunt Pos\src\RestaurantPOS14\RestaurantPOS14.vbproj]
L:\New Restauraunt Pos\src\RestaurantPOS14\RestaurantPOS14\RPOS_DBDataSet.vb(26377,20): error BC30456: 'Temp_Stock_RMRowDeletingEvent' is not a member of 'RPOS_DBDataSet.Temp_Stock_RMDataTable'. [L:\New Restauraunt Pos\src\RestaurantPOS14\RestaurantPOS14.vbproj]
L:\New Restauraunt Pos\src\RestaurantPOS14\RestaurantPOS14\RPOS_DBDataSet.vb(26378,32): error BC30451: 'Temp_Stock_RMRowDeleting' is not declared. It may be inaccessible due to its protection level. [L:\New Restauraunt Pos\src\RestaurantPOS14\RestaurantPOS14.vbproj]
L:\New Restauraunt Pos\src\RestaurantPOS14\RestaurantPOS14\RPOS_DBDataSet.vb(23705,20): error BC30456: 'StockTransferRowChangedEvent' is not a member of 'RPOS_DBDataSet.StockTransferDataTable'. [L:\New Restauraunt Pos\src\RestaurantPOS14\RestaurantPOS14.vbproj]
L:\New Restauraunt Pos\src\RestaurantPOS14\RestaurantPOS14\RPOS_DBDataSet.vb(23706,32): error BC30451: 'StockTransferRowChanged' is not declared. It may be inaccessible due to its protection level. [L:\New Restauraunt Pos\src\RestaurantPOS14\RestaurantPOS14.vbproj]
L:\New Restauraunt Pos\src\RestaurantPOS14\RestaurantPOS14\RPOS_DBDataSet.vb(23714,20): error BC30456: 'StockTransferRowChangingEvent' is not a member of 'RPOS_DBDataSet.StockTransferDataTable'. [L:\New Restauraunt Pos\src\RestaurantPOS14\RestaurantPOS14.vbproj]
L:\New Restauraunt Pos\src\RestaurantPOS14\RestaurantPOS14\RPOS_DBDataSet.vb(23715,32): error BC30451: 'StockTransferRowChanging' is not declared. It may be inaccessible due to its protection level. [L:\New Restauraunt Pos\src\RestaurantPOS14\RestaurantPOS14.vbproj]
L:\New Restauraunt Pos\src\RestaurantPOS14\RestaurantPOS14\RPOS_DBDataSet.vb(23723,20): error BC30456: 'StockTransferRowDeletedEvent' is not a member of 'RPOS_DBDataSet.StockTransferDataTable'. [L:\New Restauraunt Pos\src\RestaurantPOS14\RestaurantPOS14.vbproj]
L:\New Restauraunt Pos\src\RestaurantPOS14\RestaurantPOS14\RPOS_DBDataSet.vb(23724,32): error BC30451: 'StockTransferRowDeleted' is not declared. It may be inaccessible due to its protection level. [L:\New Restauraunt Pos\src\RestaurantPOS14\RestaurantPOS14.vbproj]
L:\New Restauraunt Pos\src\RestaurantPOS14\RestaurantPOS14\RPOS_DBDataSet.vb(25191,20): error BC30456: 'SupplierLedgerBookRowChangedEvent' is not a member of 'RPOS_DBDataSet.SupplierLedgerBookDataTable'. [L:\New Restauraunt Pos\src\RestaurantPOS14\RestaurantPOS14.vbproj]
L:\New Restauraunt Pos\src\RestaurantPOS14\RestaurantPOS14\RPOS_DBDataSet.vb(25192,32): error BC30451: 'SupplierLedgerBookRowChanged' is not declared. It may be inaccessible due to its protection level. [L:\New Restauraunt Pos\src\RestaurantPOS14\RestaurantPOS14.vbproj]
L:\New Restauraunt Pos\src\RestaurantPOS14\RestaurantPOS14\RPOS_DBDataSet.vb(23732,20): error BC30456: 'StockTransferRowDeletingEvent' is not a member of 'RPOS_DBDataSet.StockTransferDataTable'. [L:\New Restauraunt Pos\src\RestaurantPOS14\RestaurantPOS14.vbproj]
L:\New Restauraunt Pos\src\RestaurantPOS14\RestaurantPOS14\RPOS_DBDataSet.vb(23733,32): error BC30451: 'StockTransferRowDeleting' is not declared. It may be inaccessible due to its protection level. [L:\New Restauraunt Pos\src\RestaurantPOS14\RestaurantPOS14.vbproj]
L:\New Restauraunt Pos\src\RestaurantPOS14\RestaurantPOS14\RPOS_DBDataSet.vb(25200,20): error BC30456: 'SupplierLedgerBookRowChangingEvent' is not a member of 'RPOS_DBDataSet.SupplierLedgerBookDataTable'. [L:\New Restauraunt Pos\src\RestaurantPOS14\RestaurantPOS14.vbproj]
L:\New Restauraunt Pos\src\RestaurantPOS14\RestaurantPOS14\RPOS_DBDataSet.vb(25201,32): error BC30451: 'SupplierLedgerBookRowChanging' is not declared. It may be inaccessible due to its protection level. [L:\New Restauraunt Pos\src\RestaurantPOS14\RestaurantPOS14.vbproj]
L:\New Restauraunt Pos\src\RestaurantPOS14\RestaurantPOS14\RPOS_DBDataSet.vb(25209,20): error BC30456: 'SupplierLedgerBookRowDeletedEvent' is not a member of 'RPOS_DBDataSet.SupplierLedgerBookDataTable'. [L:\New Restauraunt Pos\src\RestaurantPOS14\RestaurantPOS14.vbproj]
L:\New Restauraunt Pos\src\RestaurantPOS14\RestaurantPOS14\RPOS_DBDataSet.vb(25210,32): error BC30451: 'SupplierLedgerBookRowDeleted' is not declared. It may be inaccessible due to its protection level. [L:\New Restauraunt Pos\src\RestaurantPOS14\RestaurantPOS14.vbproj]
L:\New Restauraunt Pos\src\RestaurantPOS14\RestaurantPOS14\RPOS_DBDataSet.vb(25218,20): error BC30456: 'SupplierLedgerBookRowDeletingEvent' is not a member of 'RPOS_DBDataSet.SupplierLedgerBookDataTable'. [L:\New Restauraunt Pos\src\RestaurantPOS14\RestaurantPOS14.vbproj]
L:\New Restauraunt Pos\src\RestaurantPOS14\RestaurantPOS14\RPOS_DBDataSet.vb(25219,32): error BC30451: 'SupplierLedgerBookRowDeleting' is not declared. It may be inaccessible due to its protection level. [L:\New Restauraunt Pos\src\RestaurantPOS14\RestaurantPOS14.vbproj]
L:\New Restauraunt Pos\src\RestaurantPOS14\RestaurantPOS14\RPOS_DBDataSet.vb(24130,20): error BC30456: 'StockTransfer_JoinRowChangedEvent' is not a member of 'RPOS_DBDataSet.StockTransfer_JoinDataTable'. [L:\New Restauraunt Pos\src\RestaurantPOS14\RestaurantPOS14.vbproj]
L:\New Restauraunt Pos\src\RestaurantPOS14\RestaurantPOS14\RPOS_DBDataSet.vb(24131,32): error BC30451: 'StockTransfer_JoinRowChanged' is not declared. It may be inaccessible due to its protection level. [L:\New Restauraunt Pos\src\RestaurantPOS14\RestaurantPOS14.vbproj]
L:\New Restauraunt Pos\src\RestaurantPOS14\RestaurantPOS14\RPOS_DBDataSet.vb(23334,20): error BC30456: 'Stock_Store_JoinRowChangedEvent' is not a member of 'RPOS_DBDataSet.Stock_Store_JoinDataTable'. [L:\New Restauraunt Pos\src\RestaurantPOS14\RestaurantPOS14.vbproj]
L:\New Restauraunt Pos\src\RestaurantPOS14\RestaurantPOS14\RPOS_DBDataSet.vb(23335,32): error BC30451: 'Stock_Store_JoinRowChanged' is not declared. It may be inaccessible due to its protection level. [L:\New Restauraunt Pos\src\RestaurantPOS14\RestaurantPOS14.vbproj]
L:\New Restauraunt Pos\src\RestaurantPOS14\RestaurantPOS14\RPOS_DBDataSet.vb(24139,20): error BC30456: 'StockTransfer_JoinRowChangingEvent' is not a member of 'RPOS_DBDataSet.StockTransfer_JoinDataTable'. [L:\New Restauraunt Pos\src\RestaurantPOS14\RestaurantPOS14.vbproj]
L:\New Restauraunt Pos\src\RestaurantPOS14\RestaurantPOS14\RPOS_DBDataSet.vb(24140,32): error BC30451: 'StockTransfer_JoinRowChanging' is not declared. It may be inaccessible due to its protection level. [L:\New Restauraunt Pos\src\RestaurantPOS14\RestaurantPOS14.vbproj]
L:\New Restauraunt Pos\src\RestaurantPOS14\RestaurantPOS14\RPOS_DBDataSet.vb(23343,20): error BC30456: 'Stock_Store_JoinRowChangingEvent' is not a member of 'RPOS_DBDataSet.Stock_Store_JoinDataTable'. [L:\New Restauraunt Pos\src\RestaurantPOS14\RestaurantPOS14.vbproj]
L:\New Restauraunt Pos\src\RestaurantPOS14\RestaurantPOS14\RPOS_DBDataSet.vb(23344,32): error BC30451: 'Stock_Store_JoinRowChanging' is not declared. It may be inaccessible due to its protection level. [L:\New Restauraunt Pos\src\RestaurantPOS14\RestaurantPOS14.vbproj]
L:\New Restauraunt Pos\src\RestaurantPOS14\RestaurantPOS14\RPOS_DBDataSet.vb(24148,20): error BC30456: 'StockTransfer_JoinRowDeletedEvent' is not a member of 'RPOS_DBDataSet.StockTransfer_JoinDataTable'. [L:\New Restauraunt Pos\src\RestaurantPOS14\RestaurantPOS14.vbproj]
L:\New Restauraunt Pos\src\RestaurantPOS14\RestaurantPOS14\RPOS_DBDataSet.vb(24149,32): error BC30451: 'StockTransfer_JoinRowDeleted' is not declared. It may be inaccessible due to its protection level. [L:\New Restauraunt Pos\src\RestaurantPOS14\RestaurantPOS14.vbproj]
L:\New Restauraunt Pos\src\RestaurantPOS14\RestaurantPOS14\RPOS_DBDataSet.vb(23352,20): error BC30456: 'Stock_Store_JoinRowDeletedEvent' is not a member of 'RPOS_DBDataSet.Stock_Store_JoinDataTable'. [L:\New Restauraunt Pos\src\RestaurantPOS14\RestaurantPOS14.vbproj]
L:\New Restauraunt Pos\src\RestaurantPOS14\RestaurantPOS14\RPOS_DBDataSet.vb(23353,32): error BC30451: 'Stock_Store_JoinRowDeleted' is not declared. It may be inaccessible due to its protection level. [L:\New Restauraunt Pos\src\RestaurantPOS14\RestaurantPOS14.vbproj]
L:\New Restauraunt Pos\src\RestaurantPOS14\RestaurantPOS14\RPOS_DBDataSet.vb(24157,20): error BC30456: 'StockTransfer_JoinRowDeletingEvent' is not a member of 'RPOS_DBDataSet.StockTransfer_JoinDataTable'. [L:\New Restauraunt Pos\src\RestaurantPOS14\RestaurantPOS14.vbproj]
L:\New Restauraunt Pos\src\RestaurantPOS14\RestaurantPOS14\RPOS_DBDataSet.vb(24158,32): error BC30451: 'StockTransfer_JoinRowDeleting' is not declared. It may be inaccessible due to its protection level. [L:\New Restauraunt Pos\src\RestaurantPOS14\RestaurantPOS14.vbproj]
L:\New Restauraunt Pos\src\RestaurantPOS14\RestaurantPOS14\RPOS_DBDataSet.vb(23361,20): error BC30456: 'Stock_Store_JoinRowDeletingEvent' is not a member of 'RPOS_DBDataSet.Stock_Store_JoinDataTable'. [L:\New Restauraunt Pos\src\RestaurantPOS14\RestaurantPOS14.vbproj]
L:\New Restauraunt Pos\src\RestaurantPOS14\RestaurantPOS14\RPOS_DBDataSet.vb(23362,32): error BC30451: 'Stock_Store_JoinRowDeleting' is not declared. It may be inaccessible due to its protection level. [L:\New Restauraunt Pos\src\RestaurantPOS14\RestaurantPOS14.vbproj]
L:\New Restauraunt Pos\src\RestaurantPOS14\RestaurantPOS14\RPOS_DBDataSet.vb(24745,20): error BC30456: 'SupplierRowChangedEvent' is not a member of 'RPOS_DBDataSet.SupplierDataTable'. [L:\New Restauraunt Pos\src\RestaurantPOS14\RestaurantPOS14.vbproj]
L:\New Restauraunt Pos\src\RestaurantPOS14\RestaurantPOS14\RPOS_DBDataSet.vb(24746,32): error BC30451: 'SupplierRowChanged' is not declared. It may be inaccessible due to its protection level. [L:\New Restauraunt Pos\src\RestaurantPOS14\RestaurantPOS14.vbproj]
L:\New Restauraunt Pos\src\RestaurantPOS14\RestaurantPOS14\RPOS_DBDataSet.vb(22941,20): error BC30456: 'Stock_StoreRowChangedEvent' is not a member of 'RPOS_DBDataSet.Stock_StoreDataTable'. [L:\New Restauraunt Pos\src\RestaurantPOS14\RestaurantPOS14.vbproj]
L:\New Restauraunt Pos\src\RestaurantPOS14\RestaurantPOS14\RPOS_DBDataSet.vb(22942,32): error BC30451: 'Stock_StoreRowChanged' is not declared. It may be inaccessible due to its protection level. [L:\New Restauraunt Pos\src\RestaurantPOS14\RestaurantPOS14.vbproj]
L:\New Restauraunt Pos\src\RestaurantPOS14\RestaurantPOS14\RPOS_DBDataSet.vb(24754,20): error BC30456: 'SupplierRowChangingEvent' is not a member of 'RPOS_DBDataSet.SupplierDataTable'. [L:\New Restauraunt Pos\src\RestaurantPOS14\RestaurantPOS14.vbproj]
L:\New Restauraunt Pos\src\RestaurantPOS14\RestaurantPOS14\RPOS_DBDataSet.vb(24755,32): error BC30451: 'SupplierRowChanging' is not declared. It may be inaccessible due to its protection level. [L:\New Restauraunt Pos\src\RestaurantPOS14\RestaurantPOS14.vbproj]
L:\New Restauraunt Pos\src\RestaurantPOS14\RestaurantPOS14\RPOS_DBDataSet.vb(22950,20): error BC30456: 'Stock_StoreRowChangingEvent' is not a member of 'RPOS_DBDataSet.Stock_StoreDataTable'. [L:\New Restauraunt Pos\src\RestaurantPOS14\RestaurantPOS14.vbproj]
L:\New Restauraunt Pos\src\RestaurantPOS14\RestaurantPOS14\RPOS_DBDataSet.vb(22951,32): error BC30451: 'Stock_StoreRowChanging' is not declared. It may be inaccessible due to its protection level. [L:\New Restauraunt Pos\src\RestaurantPOS14\RestaurantPOS14.vbproj]
L:\New Restauraunt Pos\src\RestaurantPOS14\RestaurantPOS14\RPOS_DBDataSet.vb(22959,20): error BC30456: 'Stock_StoreRowDeletedEvent' is not a member of 'RPOS_DBDataSet.Stock_StoreDataTable'. [L:\New Restauraunt Pos\src\RestaurantPOS14\RestaurantPOS14.vbproj]
L:\New Restauraunt Pos\src\RestaurantPOS14\RestaurantPOS14\RPOS_DBDataSet.vb(22960,32): error BC30451: 'Stock_StoreRowDeleted' is not declared. It may be inaccessible due to its protection level. [L:\New Restauraunt Pos\src\RestaurantPOS14\RestaurantPOS14.vbproj]
L:\New Restauraunt Pos\src\RestaurantPOS14\RestaurantPOS14\RPOS_DBDataSet.vb(24763,20): error BC30456: 'SupplierRowDeletedEvent' is not a member of 'RPOS_DBDataSet.SupplierDataTable'. [L:\New Restauraunt Pos\src\RestaurantPOS14\RestaurantPOS14.vbproj]
L:\New Restauraunt Pos\src\RestaurantPOS14\RestaurantPOS14\RPOS_DBDataSet.vb(24764,32): error BC30451: 'SupplierRowDeleted' is not declared. It may be inaccessible due to its protection level. [L:\New Restauraunt Pos\src\RestaurantPOS14\RestaurantPOS14.vbproj]
L:\New Restauraunt Pos\src\RestaurantPOS14\RestaurantPOS14\RPOS_DBDataSet.vb(24772,20): error BC30456: 'SupplierRowDeletingEvent' is not a member of 'RPOS_DBDataSet.SupplierDataTable'. [L:\New Restauraunt Pos\src\RestaurantPOS14\RestaurantPOS14.vbproj]
L:\New Restauraunt Pos\src\RestaurantPOS14\RestaurantPOS14\RPOS_DBDataSet.vb(24773,32): error BC30451: 'SupplierRowDeleting' is not declared. It may be inaccessible due to its protection level. [L:\New Restauraunt Pos\src\RestaurantPOS14\RestaurantPOS14.vbproj]
L:\New Restauraunt Pos\src\RestaurantPOS14\RestaurantPOS14\RPOS_DBDataSet.vb(22968,20): error BC30456: 'Stock_StoreRowDeletingEvent' is not a member of 'RPOS_DBDataSet.Stock_StoreDataTable'. [L:\New Restauraunt Pos\src\RestaurantPOS14\RestaurantPOS14.vbproj]
L:\New Restauraunt Pos\src\RestaurantPOS14\RestaurantPOS14\RPOS_DBDataSet.vb(22969,32): error BC30451: 'Stock_StoreRowDeleting' is not declared. It may be inaccessible due to its protection level. [L:\New Restauraunt Pos\src\RestaurantPOS14\RestaurantPOS14.vbproj]
L:\New Restauraunt Pos\src\RestaurantPOS14\RestaurantPOS14\RPOS_DBDataSet.vb(22574,20): error BC30456: 'SMSSettingRowChangedEvent' is not a member of 'RPOS_DBDataSet.SMSSettingDataTable'. [L:\New Restauraunt Pos\src\RestaurantPOS14\RestaurantPOS14.vbproj]
L:\New Restauraunt Pos\src\RestaurantPOS14\RestaurantPOS14\RPOS_DBDataSet.vb(22575,32): error BC30451: 'SMSSettingRowChanged' is not declared. It may be inaccessible due to its protection level. [L:\New Restauraunt Pos\src\RestaurantPOS14\RestaurantPOS14.vbproj]
L:\New Restauraunt Pos\src\RestaurantPOS14\RestaurantPOS14\RPOS_DBDataSet.vb(22583,20): error BC30456: 'SMSSettingRowChangingEvent' is not a member of 'RPOS_DBDataSet.SMSSettingDataTable'. [L:\New Restauraunt Pos\src\RestaurantPOS14\RestaurantPOS14.vbproj]
L:\New Restauraunt Pos\src\RestaurantPOS14\RestaurantPOS14\RPOS_DBDataSet.vb(22584,32): error BC30451: 'SMSSettingRowChanging' is not declared. It may be inaccessible due to its protection level. [L:\New Restauraunt Pos\src\RestaurantPOS14\RestaurantPOS14.vbproj]
L:\New Restauraunt Pos\src\RestaurantPOS14\RestaurantPOS14\RPOS_DBDataSet.vb(22592,20): error BC30456: 'SMSSettingRowDeletedEvent' is not a member of 'RPOS_DBDataSet.SMSSettingDataTable'. [L:\New Restauraunt Pos\src\RestaurantPOS14\RestaurantPOS14.vbproj]
L:\New Restauraunt Pos\src\RestaurantPOS14\RestaurantPOS14\RPOS_DBDataSet.vb(22593,32): error BC30451: 'SMSSettingRowDeleted' is not declared. It may be inaccessible due to its protection level. [L:\New Restauraunt Pos\src\RestaurantPOS14\RestaurantPOS14.vbproj]
L:\New Restauraunt Pos\src\RestaurantPOS14\RestaurantPOS14\RPOS_DBDataSet.vb(22601,20): error BC30456: 'SMSSettingRowDeletingEvent' is not a member of 'RPOS_DBDataSet.SMSSettingDataTable'. [L:\New Restauraunt Pos\src\RestaurantPOS14\RestaurantPOS14.vbproj]
L:\New Restauraunt Pos\src\RestaurantPOS14\RestaurantPOS14\RPOS_DBDataSet.vb(22602,32): error BC30451: 'SMSSettingRowDeleting' is not declared. It may be inaccessible due to its protection level. [L:\New Restauraunt Pos\src\RestaurantPOS14\RestaurantPOS14.vbproj]
L:\New Restauraunt Pos\src\RestaurantPOS14\RestaurantPOS14\RPOS_DBDataSet.vb(28972,20): error BC30456: 'WorkPeriodEndRowChangedEvent' is not a member of 'RPOS_DBDataSet.WorkPeriodEndDataTable'. [L:\New Restauraunt Pos\src\RestaurantPOS14\RestaurantPOS14.vbproj]
L:\New Restauraunt Pos\src\RestaurantPOS14\RestaurantPOS14\RPOS_DBDataSet.vb(28973,32): error BC30451: 'WorkPeriodEndRowChanged' is not declared. It may be inaccessible due to its protection level. [L:\New Restauraunt Pos\src\RestaurantPOS14\RestaurantPOS14.vbproj]
L:\New Restauraunt Pos\src\RestaurantPOS14\RestaurantPOS14\RPOS_DBDataSet.vb(28981,20): error BC30456: 'WorkPeriodEndRowChangingEvent' is not a member of 'RPOS_DBDataSet.WorkPeriodEndDataTable'. [L:\New Restauraunt Pos\src\RestaurantPOS14\RestaurantPOS14.vbproj]
L:\New Restauraunt Pos\src\RestaurantPOS14\RestaurantPOS14\RPOS_DBDataSet.vb(28982,32): error BC30451: 'WorkPeriodEndRowChanging' is not declared. It may be inaccessible due to its protection level. [L:\New Restauraunt Pos\src\RestaurantPOS14\RestaurantPOS14.vbproj]
L:\New Restauraunt Pos\src\RestaurantPOS14\RestaurantPOS14\RPOS_DBDataSet.vb(28990,20): error BC30456: 'WorkPeriodEndRowDeletedEvent' is not a member of 'RPOS_DBDataSet.WorkPeriodEndDataTable'. [L:\New Restauraunt Pos\src\RestaurantPOS14\RestaurantPOS14.vbproj]
L:\New Restauraunt Pos\src\RestaurantPOS14\RestaurantPOS14\RPOS_DBDataSet.vb(28991,32): error BC30451: 'WorkPeriodEndRowDeleted' is not declared. It may be inaccessible due to its protection level. [L:\New Restauraunt Pos\src\RestaurantPOS14\RestaurantPOS14.vbproj]
L:\New Restauraunt Pos\src\RestaurantPOS14\RestaurantPOS14\RPOS_DBDataSet.vb(28999,20): error BC30456: 'WorkPeriodEndRowDeletingEvent' is not a member of 'RPOS_DBDataSet.WorkPeriodEndDataTable'. [L:\New Restauraunt Pos\src\RestaurantPOS14\RestaurantPOS14.vbproj]
L:\New Restauraunt Pos\src\RestaurantPOS14\RestaurantPOS14\RPOS_DBDataSet.vb(29000,32): error BC30451: 'WorkPeriodEndRowDeleting' is not declared. It may be inaccessible due to its protection level. [L:\New Restauraunt Pos\src\RestaurantPOS14\RestaurantPOS14.vbproj]
L:\New Restauraunt Pos\src\RestaurantPOS14\RestaurantPOS14\RPOS_DBDataSet.vb(22187,20): error BC30456: 'RestaurantPOS_OrderInfoKOTRowChangedEvent' is not a member of 'RPOS_DBDataSet.RestaurantPOS_OrderInfoKOTDataTable'. [L:\New Restauraunt Pos\src\RestaurantPOS14\RestaurantPOS14.vbproj]
L:\New Restauraunt Pos\src\RestaurantPOS14\RestaurantPOS14\RPOS_DBDataSet.vb(22188,32): error BC30451: 'RestaurantPOS_OrderInfoKOTRowChanged' is not declared. It may be inaccessible due to its protection level. [L:\New Restauraunt Pos\src\RestaurantPOS14\RestaurantPOS14.vbproj]
L:\New Restauraunt Pos\src\RestaurantPOS14\RestaurantPOS14\RPOS_DBDataSet.vb(22196,20): error BC30456: 'RestaurantPOS_OrderInfoKOTRowChangingEvent' is not a member of 'RPOS_DBDataSet.RestaurantPOS_OrderInfoKOTDataTable'. [L:\New Restauraunt Pos\src\RestaurantPOS14\RestaurantPOS14.vbproj]
L:\New Restauraunt Pos\src\RestaurantPOS14\RestaurantPOS14\RPOS_DBDataSet.vb(22197,32): error BC30451: 'RestaurantPOS_OrderInfoKOTRowChanging' is not declared. It may be inaccessible due to its protection level. [L:\New Restauraunt Pos\src\RestaurantPOS14\RestaurantPOS14.vbproj]
L:\New Restauraunt Pos\src\RestaurantPOS14\RestaurantPOS14\RPOS_DBDataSet.vb(22205,20): error BC30456: 'RestaurantPOS_OrderInfoKOTRowDeletedEvent' is not a member of 'RPOS_DBDataSet.RestaurantPOS_OrderInfoKOTDataTable'. [L:\New Restauraunt Pos\src\RestaurantPOS14\RestaurantPOS14.vbproj]
L:\New Restauraunt Pos\src\RestaurantPOS14\RestaurantPOS14\RPOS_DBDataSet.vb(22206,32): error BC30451: 'RestaurantPOS_OrderInfoKOTRowDeleted' is not declared. It may be inaccessible due to its protection level. [L:\New Restauraunt Pos\src\RestaurantPOS14\RestaurantPOS14.vbproj]
L:\New Restauraunt Pos\src\RestaurantPOS14\RestaurantPOS14\RPOS_DBDataSet.vb(22214,20): error BC30456: 'RestaurantPOS_OrderInfoKOTRowDeletingEvent' is not a member of 'RPOS_DBDataSet.RestaurantPOS_OrderInfoKOTDataTable'. [L:\New Restauraunt Pos\src\RestaurantPOS14\RestaurantPOS14.vbproj]
L:\New Restauraunt Pos\src\RestaurantPOS14\RestaurantPOS14\RPOS_DBDataSet.vb(22215,32): error BC30451: 'RestaurantPOS_OrderInfoKOTRowDeleting' is not declared. It may be inaccessible due to its protection level. [L:\New Restauraunt Pos\src\RestaurantPOS14\RestaurantPOS14.vbproj]
L:\New Restauraunt Pos\src\RestaurantPOS14\RestaurantPOS14\RPOS_DBDataSet.vb(21729,20): error BC30456: 'RestaurantPOS_OrderedProductKOTRowChangedEvent' is not a member of 'RPOS_DBDataSet.RestaurantPOS_OrderedProductKOTDataTable'. [L:\New Restauraunt Pos\src\RestaurantPOS14\RestaurantPOS14.vbproj]
L:\New Restauraunt Pos\src\RestaurantPOS14\RestaurantPOS14\RPOS_DBDataSet.vb(21730,32): error BC30451: 'RestaurantPOS_OrderedProductKOTRowChanged' is not declared. It may be inaccessible due to its protection level. [L:\New Restauraunt Pos\src\RestaurantPOS14\RestaurantPOS14.vbproj]
L:\New Restauraunt Pos\src\RestaurantPOS14\RestaurantPOS14\RPOS_DBDataSet.vb(21738,20): error BC30456: 'RestaurantPOS_OrderedProductKOTRowChangingEvent' is not a member of 'RPOS_DBDataSet.RestaurantPOS_OrderedProductKOTDataTable'. [L:\New Restauraunt Pos\src\RestaurantPOS14\RestaurantPOS14.vbproj]
L:\New Restauraunt Pos\src\RestaurantPOS14\RestaurantPOS14\RPOS_DBDataSet.vb(21739,32): error BC30451: 'RestaurantPOS_OrderedProductKOTRowChanging' is not declared. It may be inaccessible due to its protection level. [L:\New Restauraunt Pos\src\RestaurantPOS14\RestaurantPOS14.vbproj]
L:\New Restauraunt Pos\src\RestaurantPOS14\RestaurantPOS14\RPOS_DBDataSet.vb(21747,20): error BC30456: 'RestaurantPOS_OrderedProductKOTRowDeletedEvent' is not a member of 'RPOS_DBDataSet.RestaurantPOS_OrderedProductKOTDataTable'. [L:\New Restauraunt Pos\src\RestaurantPOS14\RestaurantPOS14.vbproj]
L:\New Restauraunt Pos\src\RestaurantPOS14\RestaurantPOS14\RPOS_DBDataSet.vb(21748,32): error BC30451: 'RestaurantPOS_OrderedProductKOTRowDeleted' is not declared. It may be inaccessible due to its protection level. [L:\New Restauraunt Pos\src\RestaurantPOS14\RestaurantPOS14.vbproj]
L:\New Restauraunt Pos\src\RestaurantPOS14\RestaurantPOS14\RPOS_DBDataSet.vb(21756,20): error BC30456: 'RestaurantPOS_OrderedProductKOTRowDeletingEvent' is not a member of 'RPOS_DBDataSet.RestaurantPOS_OrderedProductKOTDataTable'. [L:\New Restauraunt Pos\src\RestaurantPOS14\RestaurantPOS14.vbproj]
L:\New Restauraunt Pos\src\RestaurantPOS14\RestaurantPOS14\RPOS_DBDataSet.vb(21757,32): error BC30451: 'RestaurantPOS_OrderedProductKOTRowDeleting' is not declared. It may be inaccessible due to its protection level. [L:\New Restauraunt Pos\src\RestaurantPOS14\RestaurantPOS14.vbproj]
L:\New Restauraunt Pos\src\RestaurantPOS14\RestaurantPOS14\RPOS_DBDataSet.vb(20043,20): error BC30456: 'RestaurantPOS_OrderedProductBillHDRowChangedEvent' is not a member of 'RPOS_DBDataSet.RestaurantPOS_OrderedProductBillHDDataTable'. [L:\New Restauraunt Pos\src\RestaurantPOS14\RestaurantPOS14.vbproj]
L:\New Restauraunt Pos\src\RestaurantPOS14\RestaurantPOS14\RPOS_DBDataSet.vb(20044,32): error BC30451: 'RestaurantPOS_OrderedProductBillHDRowChanged' is not declared. It may be inaccessible due to its protection level. [L:\New Restauraunt Pos\src\RestaurantPOS14\RestaurantPOS14.vbproj]
L:\New Restauraunt Pos\src\RestaurantPOS14\RestaurantPOS14\RPOS_DBDataSet.vb(19489,20): error BC30456: 'RestaurantPOS_OrderedProductBillEBRowChangedEvent' is not a member of 'RPOS_DBDataSet.RestaurantPOS_OrderedProductBillEBDataTable'. [L:\New Restauraunt Pos\src\RestaurantPOS14\RestaurantPOS14.vbproj]
L:\New Restauraunt Pos\src\RestaurantPOS14\RestaurantPOS14\RPOS_DBDataSet.vb(19490,32): error BC30451: 'RestaurantPOS_OrderedProductBillEBRowChanged' is not declared. It may be inaccessible due to its protection level. [L:\New Restauraunt Pos\src\RestaurantPOS14\RestaurantPOS14.vbproj]
L:\New Restauraunt Pos\src\RestaurantPOS14\RestaurantPOS14\RPOS_DBDataSet.vb(20052,20): error BC30456: 'RestaurantPOS_OrderedProductBillHDRowChangingEvent' is not a member of 'RPOS_DBDataSet.RestaurantPOS_OrderedProductBillHDDataTable'. [L:\New Restauraunt Pos\src\RestaurantPOS14\RestaurantPOS14.vbproj]
L:\New Restauraunt Pos\src\RestaurantPOS14\RestaurantPOS14\RPOS_DBDataSet.vb(20053,32): error BC30451: 'RestaurantPOS_OrderedProductBillHDRowChanging' is not declared. It may be inaccessible due to its protection level. [L:\New Restauraunt Pos\src\RestaurantPOS14\RestaurantPOS14.vbproj]
L:\New Restauraunt Pos\src\RestaurantPOS14\RestaurantPOS14\RPOS_DBDataSet.vb(19498,20): error BC30456: 'RestaurantPOS_OrderedProductBillEBRowChangingEvent' is not a member of 'RPOS_DBDataSet.RestaurantPOS_OrderedProductBillEBDataTable'. [L:\New Restauraunt Pos\src\RestaurantPOS14\RestaurantPOS14.vbproj]
L:\New Restauraunt Pos\src\RestaurantPOS14\RestaurantPOS14\RPOS_DBDataSet.vb(19499,32): error BC30451: 'RestaurantPOS_OrderedProductBillEBRowChanging' is not declared. It may be inaccessible due to its protection level. [L:\New Restauraunt Pos\src\RestaurantPOS14\RestaurantPOS14.vbproj]
L:\New Restauraunt Pos\src\RestaurantPOS14\RestaurantPOS14\RPOS_DBDataSet.vb(20061,20): error BC30456: 'RestaurantPOS_OrderedProductBillHDRowDeletedEvent' is not a member of 'RPOS_DBDataSet.RestaurantPOS_OrderedProductBillHDDataTable'. [L:\New Restauraunt Pos\src\RestaurantPOS14\RestaurantPOS14.vbproj]
L:\New Restauraunt Pos\src\RestaurantPOS14\RestaurantPOS14\RPOS_DBDataSet.vb(20062,32): error BC30451: 'RestaurantPOS_OrderedProductBillHDRowDeleted' is not declared. It may be inaccessible due to its protection level. [L:\New Restauraunt Pos\src\RestaurantPOS14\RestaurantPOS14.vbproj]
L:\New Restauraunt Pos\src\RestaurantPOS14\RestaurantPOS14\RPOS_DBDataSet.vb(19507,20): error BC30456: 'RestaurantPOS_OrderedProductBillEBRowDeletedEvent' is not a member of 'RPOS_DBDataSet.RestaurantPOS_OrderedProductBillEBDataTable'. [L:\New Restauraunt Pos\src\RestaurantPOS14\RestaurantPOS14.vbproj]
L:\New Restauraunt Pos\src\RestaurantPOS14\RestaurantPOS14\RPOS_DBDataSet.vb(19508,32): error BC30451: 'RestaurantPOS_OrderedProductBillEBRowDeleted' is not declared. It may be inaccessible due to its protection level. [L:\New Restauraunt Pos\src\RestaurantPOS14\RestaurantPOS14.vbproj]
L:\New Restauraunt Pos\src\RestaurantPOS14\RestaurantPOS14\RPOS_DBDataSet.vb(20070,20): error BC30456: 'RestaurantPOS_OrderedProductBillHDRowDeletingEvent' is not a member of 'RPOS_DBDataSet.RestaurantPOS_OrderedProductBillHDDataTable'. [L:\New Restauraunt Pos\src\RestaurantPOS14\RestaurantPOS14.vbproj]
L:\New Restauraunt Pos\src\RestaurantPOS14\RestaurantPOS14\RPOS_DBDataSet.vb(20071,32): error BC30451: 'RestaurantPOS_OrderedProductBillHDRowDeleting' is not declared. It may be inaccessible due to its protection level. [L:\New Restauraunt Pos\src\RestaurantPOS14\RestaurantPOS14.vbproj]
L:\New Restauraunt Pos\src\RestaurantPOS14\RestaurantPOS14\RPOS_DBDataSet.vb(19516,20): error BC30456: 'RestaurantPOS_OrderedProductBillEBRowDeletingEvent' is not a member of 'RPOS_DBDataSet.RestaurantPOS_OrderedProductBillEBDataTable'. [L:\New Restauraunt Pos\src\RestaurantPOS14\RestaurantPOS14.vbproj]
L:\New Restauraunt Pos\src\RestaurantPOS14\RestaurantPOS14\RPOS_DBDataSet.vb(19517,32): error BC30451: 'RestaurantPOS_OrderedProductBillEBRowDeleting' is not declared. It may be inaccessible due to its protection level. [L:\New Restauraunt Pos\src\RestaurantPOS14\RestaurantPOS14.vbproj]
L:\New Restauraunt Pos\src\RestaurantPOS14\RestaurantPOS14\RPOS_DBDataSet.vb(18932,20): error BC30456: 'RestaurantPOS_BillingInfoTARowChangedEvent' is not a member of 'RPOS_DBDataSet.RestaurantPOS_BillingInfoTADataTable'. [L:\New Restauraunt Pos\src\RestaurantPOS14\RestaurantPOS14.vbproj]
L:\New Restauraunt Pos\src\RestaurantPOS14\RestaurantPOS14\RPOS_DBDataSet.vb(18933,32): error BC30451: 'RestaurantPOS_BillingInfoTARowChanged' is not declared. It may be inaccessible due to its protection level. [L:\New Restauraunt Pos\src\RestaurantPOS14\RestaurantPOS14.vbproj]
L:\New Restauraunt Pos\src\RestaurantPOS14\RestaurantPOS14\RPOS_DBDataSet.vb(20604,20): error BC30456: 'RestaurantPOS_OrderedProductBillKOTRowChangedEvent' is not a member of 'RPOS_DBDataSet.RestaurantPOS_OrderedProductBillKOTDataTable'. [L:\New Restauraunt Pos\src\RestaurantPOS14\RestaurantPOS14.vbproj]
L:\New Restauraunt Pos\src\RestaurantPOS14\RestaurantPOS14\RPOS_DBDataSet.vb(20605,32): error BC30451: 'RestaurantPOS_OrderedProductBillKOTRowChanged' is not declared. It may be inaccessible due to its protection level. [L:\New Restauraunt Pos\src\RestaurantPOS14\RestaurantPOS14.vbproj]
L:\New Restauraunt Pos\src\RestaurantPOS14\RestaurantPOS14\RPOS_DBDataSet.vb(18941,20): error BC30456: 'RestaurantPOS_BillingInfoTARowChangingEvent' is not a member of 'RPOS_DBDataSet.RestaurantPOS_BillingInfoTADataTable'. [L:\New Restauraunt Pos\src\RestaurantPOS14\RestaurantPOS14.vbproj]
L:\New Restauraunt Pos\src\RestaurantPOS14\RestaurantPOS14\RPOS_DBDataSet.vb(18942,32): error BC30451: 'RestaurantPOS_BillingInfoTARowChanging' is not declared. It may be inaccessible due to its protection level. [L:\New Restauraunt Pos\src\RestaurantPOS14\RestaurantPOS14.vbproj]
L:\New Restauraunt Pos\src\RestaurantPOS14\RestaurantPOS14\RPOS_DBDataSet.vb(20613,20): error BC30456: 'RestaurantPOS_OrderedProductBillKOTRowChangingEvent' is not a member of 'RPOS_DBDataSet.RestaurantPOS_OrderedProductBillKOTDataTable'. [L:\New Restauraunt Pos\src\RestaurantPOS14\RestaurantPOS14.vbproj]
L:\New Restauraunt Pos\src\RestaurantPOS14\RestaurantPOS14\RPOS_DBDataSet.vb(20614,32): error BC30451: 'RestaurantPOS_OrderedProductBillKOTRowChanging' is not declared. It may be inaccessible due to its protection level. [L:\New Restauraunt Pos\src\RestaurantPOS14\RestaurantPOS14.vbproj]
L:\New Restauraunt Pos\src\RestaurantPOS14\RestaurantPOS14\RPOS_DBDataSet.vb(18950,20): error BC30456: 'RestaurantPOS_BillingInfoTARowDeletedEvent' is not a member of 'RPOS_DBDataSet.RestaurantPOS_BillingInfoTADataTable'. [L:\New Restauraunt Pos\src\RestaurantPOS14\RestaurantPOS14.vbproj]
L:\New Restauraunt Pos\src\RestaurantPOS14\RestaurantPOS14\RPOS_DBDataSet.vb(18951,32): error BC30451: 'RestaurantPOS_BillingInfoTARowDeleted' is not declared. It may be inaccessible due to its protection level. [L:\New Restauraunt Pos\src\RestaurantPOS14\RestaurantPOS14.vbproj]
L:\New Restauraunt Pos\src\RestaurantPOS14\RestaurantPOS14\RPOS_DBDataSet.vb(20622,20): error BC30456: 'RestaurantPOS_OrderedProductBillKOTRowDeletedEvent' is not a member of 'RPOS_DBDataSet.RestaurantPOS_OrderedProductBillKOTDataTable'. [L:\New Restauraunt Pos\src\RestaurantPOS14\RestaurantPOS14.vbproj]
L:\New Restauraunt Pos\src\RestaurantPOS14\RestaurantPOS14\RPOS_DBDataSet.vb(20623,32): error BC30451: 'RestaurantPOS_OrderedProductBillKOTRowDeleted' is not declared. It may be inaccessible due to its protection level. [L:\New Restauraunt Pos\src\RestaurantPOS14\RestaurantPOS14.vbproj]
L:\New Restauraunt Pos\src\RestaurantPOS14\RestaurantPOS14\RPOS_DBDataSet.vb(18959,20): error BC30456: 'RestaurantPOS_BillingInfoTARowDeletingEvent' is not a member of 'RPOS_DBDataSet.RestaurantPOS_BillingInfoTADataTable'. [L:\New Restauraunt Pos\src\RestaurantPOS14\RestaurantPOS14.vbproj]
L:\New Restauraunt Pos\src\RestaurantPOS14\RestaurantPOS14\RPOS_DBDataSet.vb(18960,32): error BC30451: 'RestaurantPOS_BillingInfoTARowDeleting' is not declared. It may be inaccessible due to its protection level. [L:\New Restauraunt Pos\src\RestaurantPOS14\RestaurantPOS14.vbproj]
L:\New Restauraunt Pos\src\RestaurantPOS14\RestaurantPOS14\RPOS_DBDataSet.vb(20631,20): error BC30456: 'RestaurantPOS_OrderedProductBillKOTRowDeletingEvent' is not a member of 'RPOS_DBDataSet.RestaurantPOS_OrderedProductBillKOTDataTable'. [L:\New Restauraunt Pos\src\RestaurantPOS14\RestaurantPOS14.vbproj]
L:\New Restauraunt Pos\src\RestaurantPOS14\RestaurantPOS14\RPOS_DBDataSet.vb(20632,32): error BC30451: 'RestaurantPOS_OrderedProductBillKOTRowDeleting' is not declared. It may be inaccessible due to its protection level. [L:\New Restauraunt Pos\src\RestaurantPOS14\RestaurantPOS14.vbproj]
L:\New Restauraunt Pos\src\RestaurantPOS14\RestaurantPOS14\RPOS_DBDataSet.vb(18345,20): error BC30456: 'RestaurantPOS_BillingInfoKOTRowChangedEvent' is not a member of 'RPOS_DBDataSet.RestaurantPOS_BillingInfoKOTDataTable'. [L:\New Restauraunt Pos\src\RestaurantPOS14\RestaurantPOS14.vbproj]
L:\New Restauraunt Pos\src\RestaurantPOS14\RestaurantPOS14\RPOS_DBDataSet.vb(18346,32): error BC30451: 'RestaurantPOS_BillingInfoKOTRowChanged' is not declared. It may be inaccessible due to its protection level. [L:\New Restauraunt Pos\src\RestaurantPOS14\RestaurantPOS14.vbproj]
L:\New Restauraunt Pos\src\RestaurantPOS14\RestaurantPOS14\RPOS_DBDataSet.vb(18354,20): error BC30456: 'RestaurantPOS_BillingInfoKOTRowChangingEvent' is not a member of 'RPOS_DBDataSet.RestaurantPOS_BillingInfoKOTDataTable'. [L:\New Restauraunt Pos\src\RestaurantPOS14\RestaurantPOS14.vbproj]
L:\New Restauraunt Pos\src\RestaurantPOS14\RestaurantPOS14\RPOS_DBDataSet.vb(18355,32): error BC30451: 'RestaurantPOS_BillingInfoKOTRowChanging' is not declared. It may be inaccessible due to its protection level. [L:\New Restauraunt Pos\src\RestaurantPOS14\RestaurantPOS14.vbproj]
L:\New Restauraunt Pos\src\RestaurantPOS14\RestaurantPOS14\RPOS_DBDataSet.vb(18363,20): error BC30456: 'RestaurantPOS_BillingInfoKOTRowDeletedEvent' is not a member of 'RPOS_DBDataSet.RestaurantPOS_BillingInfoKOTDataTable'. [L:\New Restauraunt Pos\src\RestaurantPOS14\RestaurantPOS14.vbproj]
L:\New Restauraunt Pos\src\RestaurantPOS14\RestaurantPOS14\RPOS_DBDataSet.vb(18364,32): error BC30451: 'RestaurantPOS_BillingInfoKOTRowDeleted' is not declared. It may be inaccessible due to its protection level. [L:\New Restauraunt Pos\src\RestaurantPOS14\RestaurantPOS14.vbproj]
L:\New Restauraunt Pos\src\RestaurantPOS14\RestaurantPOS14\RPOS_DBDataSet.vb(18372,20): error BC30456: 'RestaurantPOS_BillingInfoKOTRowDeletingEvent' is not a member of 'RPOS_DBDataSet.RestaurantPOS_BillingInfoKOTDataTable'. [L:\New Restauraunt Pos\src\RestaurantPOS14\RestaurantPOS14.vbproj]
L:\New Restauraunt Pos\src\RestaurantPOS14\RestaurantPOS14\RPOS_DBDataSet.vb(18373,32): error BC30451: 'RestaurantPOS_BillingInfoKOTRowDeleting' is not declared. It may be inaccessible due to its protection level. [L:\New Restauraunt Pos\src\RestaurantPOS14\RestaurantPOS14.vbproj]
L:\New Restauraunt Pos\src\RestaurantPOS14\RestaurantPOS14\RPOS_DBDataSet.vb(15837,20): error BC30456: 'RecipeRowChangedEvent' is not a member of 'RPOS_DBDataSet.RecipeDataTable'. [L:\New Restauraunt Pos\src\RestaurantPOS14\RestaurantPOS14.vbproj]
L:\New Restauraunt Pos\src\RestaurantPOS14\RestaurantPOS14\RPOS_DBDataSet.vb(15838,32): error BC30451: 'RecipeRowChanged' is not declared. It may be inaccessible due to its protection level. [L:\New Restauraunt Pos\src\RestaurantPOS14\RestaurantPOS14.vbproj]
L:\New Restauraunt Pos\src\RestaurantPOS14\RestaurantPOS14\RPOS_DBDataSet.vb(16244,20): error BC30456: 'Recipe_JoinRowChangedEvent' is not a member of 'RPOS_DBDataSet.Recipe_JoinDataTable'. [L:\New Restauraunt Pos\src\RestaurantPOS14\RestaurantPOS14.vbproj]
L:\New Restauraunt Pos\src\RestaurantPOS14\RestaurantPOS14\RPOS_DBDataSet.vb(16245,32): error BC30451: 'Recipe_JoinRowChanged' is not declared. It may be inaccessible due to its protection level. [L:\New Restauraunt Pos\src\RestaurantPOS14\RestaurantPOS14.vbproj]
L:\New Restauraunt Pos\src\RestaurantPOS14\RestaurantPOS14\RPOS_DBDataSet.vb(15846,20): error BC30456: 'RecipeRowChangingEvent' is not a member of 'RPOS_DBDataSet.RecipeDataTable'. [L:\New Restauraunt Pos\src\RestaurantPOS14\RestaurantPOS14.vbproj]
L:\New Restauraunt Pos\src\RestaurantPOS14\RestaurantPOS14\RPOS_DBDataSet.vb(15847,32): error BC30451: 'RecipeRowChanging' is not declared. It may be inaccessible due to its protection level. [L:\New Restauraunt Pos\src\RestaurantPOS14\RestaurantPOS14.vbproj]
L:\New Restauraunt Pos\src\RestaurantPOS14\RestaurantPOS14\RPOS_DBDataSet.vb(16253,20): error BC30456: 'Recipe_JoinRowChangingEvent' is not a member of 'RPOS_DBDataSet.Recipe_JoinDataTable'. [L:\New Restauraunt Pos\src\RestaurantPOS14\RestaurantPOS14.vbproj]
L:\New Restauraunt Pos\src\RestaurantPOS14\RestaurantPOS14\RPOS_DBDataSet.vb(16254,32): error BC30451: 'Recipe_JoinRowChanging' is not declared. It may be inaccessible due to its protection level. [L:\New Restauraunt Pos\src\RestaurantPOS14\RestaurantPOS14.vbproj]
L:\New Restauraunt Pos\src\RestaurantPOS14\RestaurantPOS14\RPOS_DBDataSet.vb(15855,20): error BC30456: 'RecipeRowDeletedEvent' is not a member of 'RPOS_DBDataSet.RecipeDataTable'. [L:\New Restauraunt Pos\src\RestaurantPOS14\RestaurantPOS14.vbproj]
L:\New Restauraunt Pos\src\RestaurantPOS14\RestaurantPOS14\RPOS_DBDataSet.vb(15856,32): error BC30451: 'RecipeRowDeleted' is not declared. It may be inaccessible due to its protection level. [L:\New Restauraunt Pos\src\RestaurantPOS14\RestaurantPOS14.vbproj]
L:\New Restauraunt Pos\src\RestaurantPOS14\RestaurantPOS14\RPOS_DBDataSet.vb(16262,20): error BC30456: 'Recipe_JoinRowDeletedEvent' is not a member of 'RPOS_DBDataSet.Recipe_JoinDataTable'. [L:\New Restauraunt Pos\src\RestaurantPOS14\RestaurantPOS14.vbproj]
L:\New Restauraunt Pos\src\RestaurantPOS14\RestaurantPOS14\RPOS_DBDataSet.vb(16263,32): error BC30451: 'Recipe_JoinRowDeleted' is not declared. It may be inaccessible due to its protection level. [L:\New Restauraunt Pos\src\RestaurantPOS14\RestaurantPOS14.vbproj]
L:\New Restauraunt Pos\src\RestaurantPOS14\RestaurantPOS14\RPOS_DBDataSet.vb(15864,20): error BC30456: 'RecipeRowDeletingEvent' is not a member of 'RPOS_DBDataSet.RecipeDataTable'. [L:\New Restauraunt Pos\src\RestaurantPOS14\RestaurantPOS14.vbproj]
L:\New Restauraunt Pos\src\RestaurantPOS14\RestaurantPOS14\RPOS_DBDataSet.vb(15865,32): error BC30451: 'RecipeRowDeleting' is not declared. It may be inaccessible due to its protection level. [L:\New Restauraunt Pos\src\RestaurantPOS14\RestaurantPOS14.vbproj]
L:\New Restauraunt Pos\src\RestaurantPOS14\RestaurantPOS14\RPOS_DBDataSet.vb(16271,20): error BC30456: 'Recipe_JoinRowDeletingEvent' is not a member of 'RPOS_DBDataSet.Recipe_JoinDataTable'. [L:\New Restauraunt Pos\src\RestaurantPOS14\RestaurantPOS14.vbproj]
L:\New Restauraunt Pos\src\RestaurantPOS14\RestaurantPOS14\RPOS_DBDataSet.vb(16272,32): error BC30451: 'Recipe_JoinRowDeleting' is not declared. It may be inaccessible due to its protection level. [L:\New Restauraunt Pos\src\RestaurantPOS14\RestaurantPOS14.vbproj]
L:\New Restauraunt Pos\src\RestaurantPOS14\RestaurantPOS14\RPOS_DBDataSet.vb(17245,20): error BC30456: 'RestaurantPOS_BillingInfoEBRowChangedEvent' is not a member of 'RPOS_DBDataSet.RestaurantPOS_BillingInfoEBDataTable'. [L:\New Restauraunt Pos\src\RestaurantPOS14\RestaurantPOS14.vbproj]
L:\New Restauraunt Pos\src\RestaurantPOS14\RestaurantPOS14\RPOS_DBDataSet.vb(17246,32): error BC30451: 'RestaurantPOS_BillingInfoEBRowChanged' is not declared. It may be inaccessible due to its protection level. [L:\New Restauraunt Pos\src\RestaurantPOS14\RestaurantPOS14.vbproj]
L:\New Restauraunt Pos\src\RestaurantPOS14\RestaurantPOS14\RPOS_DBDataSet.vb(21158,20): error BC30456: 'RestaurantPOS_OrderedProductBillTARowChangedEvent' is not a member of 'RPOS_DBDataSet.RestaurantPOS_OrderedProductBillTADataTable'. [L:\New Restauraunt Pos\src\RestaurantPOS14\RestaurantPOS14.vbproj]
L:\New Restauraunt Pos\src\RestaurantPOS14\RestaurantPOS14\RPOS_DBDataSet.vb(21159,32): error BC30451: 'RestaurantPOS_OrderedProductBillTARowChanged' is not declared. It may be inaccessible due to its protection level. [L:\New Restauraunt Pos\src\RestaurantPOS14\RestaurantPOS14.vbproj]
L:\New Restauraunt Pos\src\RestaurantPOS14\RestaurantPOS14\RPOS_DBDataSet.vb(21167,20): error BC30456: 'RestaurantPOS_OrderedProductBillTARowChangingEvent' is not a member of 'RPOS_DBDataSet.RestaurantPOS_OrderedProductBillTADataTable'. [L:\New Restauraunt Pos\src\RestaurantPOS14\RestaurantPOS14.vbproj]
L:\New Restauraunt Pos\src\RestaurantPOS14\RestaurantPOS14\RPOS_DBDataSet.vb(21168,32): error BC30451: 'RestaurantPOS_OrderedProductBillTARowChanging' is not declared. It may be inaccessible due to its protection level. [L:\New Restauraunt Pos\src\RestaurantPOS14\RestaurantPOS14.vbproj]
L:\New Restauraunt Pos\src\RestaurantPOS14\RestaurantPOS14\RPOS_DBDataSet.vb(17254,20): error BC30456: 'RestaurantPOS_BillingInfoEBRowChangingEvent' is not a member of 'RPOS_DBDataSet.RestaurantPOS_BillingInfoEBDataTable'. [L:\New Restauraunt Pos\src\RestaurantPOS14\RestaurantPOS14.vbproj]
L:\New Restauraunt Pos\src\RestaurantPOS14\RestaurantPOS14\RPOS_DBDataSet.vb(17255,32): error BC30451: 'RestaurantPOS_BillingInfoEBRowChanging' is not declared. It may be inaccessible due to its protection level. [L:\New Restauraunt Pos\src\RestaurantPOS14\RestaurantPOS14.vbproj]
L:\New Restauraunt Pos\src\RestaurantPOS14\RestaurantPOS14\RPOS_DBDataSet.vb(17263,20): error BC30456: 'RestaurantPOS_BillingInfoEBRowDeletedEvent' is not a member of 'RPOS_DBDataSet.RestaurantPOS_BillingInfoEBDataTable'. [L:\New Restauraunt Pos\src\RestaurantPOS14\RestaurantPOS14.vbproj]
L:\New Restauraunt Pos\src\RestaurantPOS14\RestaurantPOS14\RPOS_DBDataSet.vb(17264,32): error BC30451: 'RestaurantPOS_BillingInfoEBRowDeleted' is not declared. It may be inaccessible due to its protection level. [L:\New Restauraunt Pos\src\RestaurantPOS14\RestaurantPOS14.vbproj]
L:\New Restauraunt Pos\src\RestaurantPOS14\RestaurantPOS14\RPOS_DBDataSet.vb(21176,20): error BC30456: 'RestaurantPOS_OrderedProductBillTARowDeletedEvent' is not a member of 'RPOS_DBDataSet.RestaurantPOS_OrderedProductBillTADataTable'. [L:\New Restauraunt Pos\src\RestaurantPOS14\RestaurantPOS14.vbproj]
L:\New Restauraunt Pos\src\RestaurantPOS14\RestaurantPOS14\RPOS_DBDataSet.vb(21177,32): error BC30451: 'RestaurantPOS_OrderedProductBillTARowDeleted' is not declared. It may be inaccessible due to its protection level. [L:\New Restauraunt Pos\src\RestaurantPOS14\RestaurantPOS14.vbproj]
L:\New Restauraunt Pos\src\RestaurantPOS14\RestaurantPOS14\RPOS_DBDataSet.vb(17272,20): error BC30456: 'RestaurantPOS_BillingInfoEBRowDeletingEvent' is not a member of 'RPOS_DBDataSet.RestaurantPOS_BillingInfoEBDataTable'. [L:\New Restauraunt Pos\src\RestaurantPOS14\RestaurantPOS14.vbproj]
L:\New Restauraunt Pos\src\RestaurantPOS14\RestaurantPOS14\RPOS_DBDataSet.vb(17273,32): error BC30451: 'RestaurantPOS_BillingInfoEBRowDeleting' is not declared. It may be inaccessible due to its protection level. [L:\New Restauraunt Pos\src\RestaurantPOS14\RestaurantPOS14.vbproj]
L:\New Restauraunt Pos\src\RestaurantPOS14\RestaurantPOS14\RPOS_DBDataSet.vb(21185,20): error BC30456: 'RestaurantPOS_OrderedProductBillTARowDeletingEvent' is not a member of 'RPOS_DBDataSet.RestaurantPOS_OrderedProductBillTADataTable'. [L:\New Restauraunt Pos\src\RestaurantPOS14\RestaurantPOS14.vbproj]
L:\New Restauraunt Pos\src\RestaurantPOS14\RestaurantPOS14\RPOS_DBDataSet.vb(21186,32): error BC30451: 'RestaurantPOS_OrderedProductBillTARowDeleting' is not declared. It may be inaccessible due to its protection level. [L:\New Restauraunt Pos\src\RestaurantPOS14\RestaurantPOS14.vbproj]
L:\New Restauraunt Pos\src\RestaurantPOS14\RestaurantPOS14\RPOS_DBDataSet.vb(15440,20): error BC30456: 'R_TableRowChangedEvent' is not a member of 'RPOS_DBDataSet.R_TableDataTable'. [L:\New Restauraunt Pos\src\RestaurantPOS14\RestaurantPOS14.vbproj]
L:\New Restauraunt Pos\src\RestaurantPOS14\RestaurantPOS14\RPOS_DBDataSet.vb(15441,32): error BC30451: 'R_TableRowChanged' is not declared. It may be inaccessible due to its protection level. [L:\New Restauraunt Pos\src\RestaurantPOS14\RestaurantPOS14.vbproj]
L:\New Restauraunt Pos\src\RestaurantPOS14\RestaurantPOS14\RPOS_DBDataSet.vb(15449,20): error BC30456: 'R_TableRowChangingEvent' is not a member of 'RPOS_DBDataSet.R_TableDataTable'. [L:\New Restauraunt Pos\src\RestaurantPOS14\RestaurantPOS14.vbproj]
L:\New Restauraunt Pos\src\RestaurantPOS14\RestaurantPOS14\RPOS_DBDataSet.vb(15450,32): error BC30451: 'R_TableRowChanging' is not declared. It may be inaccessible due to its protection level. [L:\New Restauraunt Pos\src\RestaurantPOS14\RestaurantPOS14.vbproj]
L:\New Restauraunt Pos\src\RestaurantPOS14\RestaurantPOS14\RPOS_DBDataSet.vb(15458,20): error BC30456: 'R_TableRowDeletedEvent' is not a member of 'RPOS_DBDataSet.R_TableDataTable'. [L:\New Restauraunt Pos\src\RestaurantPOS14\RestaurantPOS14.vbproj]
L:\New Restauraunt Pos\src\RestaurantPOS14\RestaurantPOS14\RPOS_DBDataSet.vb(15459,32): error BC30451: 'R_TableRowDeleted' is not declared. It may be inaccessible due to its protection level. [L:\New Restauraunt Pos\src\RestaurantPOS14\RestaurantPOS14.vbproj]
L:\New Restauraunt Pos\src\RestaurantPOS14\RestaurantPOS14\RPOS_DBDataSet.vb(15467,20): error BC30456: 'R_TableRowDeletingEvent' is not a member of 'RPOS_DBDataSet.R_TableDataTable'. [L:\New Restauraunt Pos\src\RestaurantPOS14\RestaurantPOS14.vbproj]
L:\New Restauraunt Pos\src\RestaurantPOS14\RestaurantPOS14\RPOS_DBDataSet.vb(15468,32): error BC30451: 'R_TableRowDeleting' is not declared. It may be inaccessible due to its protection level. [L:\New Restauraunt Pos\src\RestaurantPOS14\RestaurantPOS14.vbproj]
L:\New Restauraunt Pos\src\RestaurantPOS14\RestaurantPOS14\RPOS_DBDataSet.vb(16681,20): error BC30456: 'RegistrationRowChangedEvent' is not a member of 'RPOS_DBDataSet.RegistrationDataTable'. [L:\New Restauraunt Pos\src\RestaurantPOS14\RestaurantPOS14.vbproj]
L:\New Restauraunt Pos\src\RestaurantPOS14\RestaurantPOS14\RPOS_DBDataSet.vb(16682,32): error BC30451: 'RegistrationRowChanged' is not declared. It may be inaccessible due to its protection level. [L:\New Restauraunt Pos\src\RestaurantPOS14\RestaurantPOS14.vbproj]
L:\New Restauraunt Pos\src\RestaurantPOS14\RestaurantPOS14\RPOS_DBDataSet.vb(16690,20): error BC30456: 'RegistrationRowChangingEvent' is not a member of 'RPOS_DBDataSet.RegistrationDataTable'. [L:\New Restauraunt Pos\src\RestaurantPOS14\RestaurantPOS14.vbproj]
L:\New Restauraunt Pos\src\RestaurantPOS14\RestaurantPOS14\RPOS_DBDataSet.vb(16691,32): error BC30451: 'RegistrationRowChanging' is not declared. It may be inaccessible due to its protection level. [L:\New Restauraunt Pos\src\RestaurantPOS14\RestaurantPOS14.vbproj]
L:\New Restauraunt Pos\src\RestaurantPOS14\RestaurantPOS14\RPOS_DBDataSet.vb(16699,20): error BC30456: 'RegistrationRowDeletedEvent' is not a member of 'RPOS_DBDataSet.RegistrationDataTable'. [L:\New Restauraunt Pos\src\RestaurantPOS14\RestaurantPOS14.vbproj]
L:\New Restauraunt Pos\src\RestaurantPOS14\RestaurantPOS14\RPOS_DBDataSet.vb(16700,32): error BC30451: 'RegistrationRowDeleted' is not declared. It may be inaccessible due to its protection level. [L:\New Restauraunt Pos\src\RestaurantPOS14\RestaurantPOS14.vbproj]
L:\New Restauraunt Pos\src\RestaurantPOS14\RestaurantPOS14\RPOS_DBDataSet.vb(16708,20): error BC30456: 'RegistrationRowDeletingEvent' is not a member of 'RPOS_DBDataSet.RegistrationDataTable'. [L:\New Restauraunt Pos\src\RestaurantPOS14\RestaurantPOS14.vbproj]
L:\New Restauraunt Pos\src\RestaurantPOS14\RestaurantPOS14\RPOS_DBDataSet.vb(16709,32): error BC30451: 'RegistrationRowDeleting' is not declared. It may be inaccessible due to its protection level. [L:\New Restauraunt Pos\src\RestaurantPOS14\RestaurantPOS14.vbproj]
L:\New Restauraunt Pos\src\RestaurantPOS14\RestaurantPOS14\RPOS_DBDataSet.vb(14011,20): error BC30456: 'Product_OpeningStockRowChangedEvent' is not a member of 'RPOS_DBDataSet.Product_OpeningStockDataTable'. [L:\New Restauraunt Pos\src\RestaurantPOS14\RestaurantPOS14.vbproj]
L:\New Restauraunt Pos\src\RestaurantPOS14\RestaurantPOS14\RPOS_DBDataSet.vb(14012,32): error BC30451: 'Product_OpeningStockRowChanged' is not declared. It may be inaccessible due to its protection level. [L:\New Restauraunt Pos\src\RestaurantPOS14\RestaurantPOS14.vbproj]
L:\New Restauraunt Pos\src\RestaurantPOS14\RestaurantPOS14\RPOS_DBDataSet.vb(14020,20): error BC30456: 'Product_OpeningStockRowChangingEvent' is not a member of 'RPOS_DBDataSet.Product_OpeningStockDataTable'. [L:\New Restauraunt Pos\src\RestaurantPOS14\RestaurantPOS14.vbproj]
L:\New Restauraunt Pos\src\RestaurantPOS14\RestaurantPOS14\RPOS_DBDataSet.vb(14021,32): error BC30451: 'Product_OpeningStockRowChanging' is not declared. It may be inaccessible due to its protection level. [L:\New Restauraunt Pos\src\RestaurantPOS14\RestaurantPOS14.vbproj]
L:\New Restauraunt Pos\src\RestaurantPOS14\RestaurantPOS14\RPOS_DBDataSet.vb(14029,20): error BC30456: 'Product_OpeningStockRowDeletedEvent' is not a member of 'RPOS_DBDataSet.Product_OpeningStockDataTable'. [L:\New Restauraunt Pos\src\RestaurantPOS14\RestaurantPOS14.vbproj]
L:\New Restauraunt Pos\src\RestaurantPOS14\RestaurantPOS14\RPOS_DBDataSet.vb(14030,32): error BC30451: 'Product_OpeningStockRowDeleted' is not declared. It may be inaccessible due to its protection level. [L:\New Restauraunt Pos\src\RestaurantPOS14\RestaurantPOS14.vbproj]
L:\New Restauraunt Pos\src\RestaurantPOS14\RestaurantPOS14\RPOS_DBDataSet.vb(14038,20): error BC30456: 'Product_OpeningStockRowDeletingEvent' is not a member of 'RPOS_DBDataSet.Product_OpeningStockDataTable'. [L:\New Restauraunt Pos\src\RestaurantPOS14\RestaurantPOS14.vbproj]
L:\New Restauraunt Pos\src\RestaurantPOS14\RestaurantPOS14\RPOS_DBDataSet.vb(14039,32): error BC30451: 'Product_OpeningStockRowDeleting' is not declared. It may be inaccessible due to its protection level. [L:\New Restauraunt Pos\src\RestaurantPOS14\RestaurantPOS14.vbproj]
L:\New Restauraunt Pos\src\RestaurantPOS14\RestaurantPOS14\RPOS_DBDataSet.vb(15072,20): error BC30456: 'Purchase_JoinRowChangedEvent' is not a member of 'RPOS_DBDataSet.Purchase_JoinDataTable'. [L:\New Restauraunt Pos\src\RestaurantPOS14\RestaurantPOS14.vbproj]
L:\New Restauraunt Pos\src\RestaurantPOS14\RestaurantPOS14\RPOS_DBDataSet.vb(15073,32): error BC30451: 'Purchase_JoinRowChanged' is not declared. It may be inaccessible due to its protection level. [L:\New Restauraunt Pos\src\RestaurantPOS14\RestaurantPOS14.vbproj]
L:\New Restauraunt Pos\src\RestaurantPOS14\RestaurantPOS14\RPOS_DBDataSet.vb(15081,20): error BC30456: 'Purchase_JoinRowChangingEvent' is not a member of 'RPOS_DBDataSet.Purchase_JoinDataTable'. [L:\New Restauraunt Pos\src\RestaurantPOS14\RestaurantPOS14.vbproj]
L:\New Restauraunt Pos\src\RestaurantPOS14\RestaurantPOS14\RPOS_DBDataSet.vb(15082,32): error BC30451: 'Purchase_JoinRowChanging' is not declared. It may be inaccessible due to its protection level. [L:\New Restauraunt Pos\src\RestaurantPOS14\RestaurantPOS14.vbproj]
L:\New Restauraunt Pos\src\RestaurantPOS14\RestaurantPOS14\RPOS_DBDataSet.vb(15090,20): error BC30456: 'Purchase_JoinRowDeletedEvent' is not a member of 'RPOS_DBDataSet.Purchase_JoinDataTable'. [L:\New Restauraunt Pos\src\RestaurantPOS14\RestaurantPOS14.vbproj]
L:\New Restauraunt Pos\src\RestaurantPOS14\RestaurantPOS14\RPOS_DBDataSet.vb(15091,32): error BC30451: 'Purchase_JoinRowDeleted' is not declared. It may be inaccessible due to its protection level. [L:\New Restauraunt Pos\src\RestaurantPOS14\RestaurantPOS14.vbproj]
L:\New Restauraunt Pos\src\RestaurantPOS14\RestaurantPOS14\RPOS_DBDataSet.vb(15099,20): error BC30456: 'Purchase_JoinRowDeletingEvent' is not a member of 'RPOS_DBDataSet.Purchase_JoinDataTable'. [L:\New Restauraunt Pos\src\RestaurantPOS14\RestaurantPOS14.vbproj]
L:\New Restauraunt Pos\src\RestaurantPOS14\RestaurantPOS14\RPOS_DBDataSet.vb(15100,32): error BC30451: 'Purchase_JoinRowDeleting' is not declared. It may be inaccessible due to its protection level. [L:\New Restauraunt Pos\src\RestaurantPOS14\RestaurantPOS14.vbproj]
L:\New Restauraunt Pos\src\RestaurantPOS14\RestaurantPOS14\RPOS_DBDataSet.vb(14608,20): error BC30456: 'PurchaseRowChangedEvent' is not a member of 'RPOS_DBDataSet.PurchaseDataTable'. [L:\New Restauraunt Pos\src\RestaurantPOS14\RestaurantPOS14.vbproj]
L:\New Restauraunt Pos\src\RestaurantPOS14\RestaurantPOS14\RPOS_DBDataSet.vb(14609,32): error BC30451: 'PurchaseRowChanged' is not declared. It may be inaccessible due to its protection level. [L:\New Restauraunt Pos\src\RestaurantPOS14\RestaurantPOS14.vbproj]
L:\New Restauraunt Pos\src\RestaurantPOS14\RestaurantPOS14\RPOS_DBDataSet.vb(14617,20): error BC30456: 'PurchaseRowChangingEvent' is not a member of 'RPOS_DBDataSet.PurchaseDataTable'. [L:\New Restauraunt Pos\src\RestaurantPOS14\RestaurantPOS14.vbproj]
L:\New Restauraunt Pos\src\RestaurantPOS14\RestaurantPOS14\RPOS_DBDataSet.vb(14618,32): error BC30451: 'PurchaseRowChanging' is not declared. It may be inaccessible due to its protection level. [L:\New Restauraunt Pos\src\RestaurantPOS14\RestaurantPOS14.vbproj]
L:\New Restauraunt Pos\src\RestaurantPOS14\RestaurantPOS14\RPOS_DBDataSet.vb(14626,20): error BC30456: 'PurchaseRowDeletedEvent' is not a member of 'RPOS_DBDataSet.PurchaseDataTable'. [L:\New Restauraunt Pos\src\RestaurantPOS14\RestaurantPOS14.vbproj]
L:\New Restauraunt Pos\src\RestaurantPOS14\RestaurantPOS14\RPOS_DBDataSet.vb(14627,32): error BC30451: 'PurchaseRowDeleted' is not declared. It may be inaccessible due to its protection level. [L:\New Restauraunt Pos\src\RestaurantPOS14\RestaurantPOS14.vbproj]
L:\New Restauraunt Pos\src\RestaurantPOS14\RestaurantPOS14\RPOS_DBDataSet.vb(11205,20): error BC30456: 'PizzaSizeRowChangedEvent' is not a member of 'RPOS_DBDataSet.PizzaSizeDataTable'. [L:\New Restauraunt Pos\src\RestaurantPOS14\RestaurantPOS14.vbproj]
L:\New Restauraunt Pos\src\RestaurantPOS14\RestaurantPOS14\RPOS_DBDataSet.vb(11206,32): error BC30451: 'PizzaSizeRowChanged' is not declared. It may be inaccessible due to its protection level. [L:\New Restauraunt Pos\src\RestaurantPOS14\RestaurantPOS14.vbproj]
L:\New Restauraunt Pos\src\RestaurantPOS14\RestaurantPOS14\RPOS_DBDataSet.vb(14635,20): error BC30456: 'PurchaseRowDeletingEvent' is not a member of 'RPOS_DBDataSet.PurchaseDataTable'. [L:\New Restauraunt Pos\src\RestaurantPOS14\RestaurantPOS14.vbproj]
L:\New Restauraunt Pos\src\RestaurantPOS14\RestaurantPOS14\RPOS_DBDataSet.vb(14636,32): error BC30451: 'PurchaseRowDeleting' is not declared. It may be inaccessible due to its protection level. [L:\New Restauraunt Pos\src\RestaurantPOS14\RestaurantPOS14.vbproj]
L:\New Restauraunt Pos\src\RestaurantPOS14\RestaurantPOS14\RPOS_DBDataSet.vb(11601,20): error BC30456: 'PizzaToppingRowChangedEvent' is not a member of 'RPOS_DBDataSet.PizzaToppingDataTable'. [L:\New Restauraunt Pos\src\RestaurantPOS14\RestaurantPOS14.vbproj]
L:\New Restauraunt Pos\src\RestaurantPOS14\RestaurantPOS14\RPOS_DBDataSet.vb(11602,32): error BC30451: 'PizzaToppingRowChanged' is not declared. It may be inaccessible due to its protection level. [L:\New Restauraunt Pos\src\RestaurantPOS14\RestaurantPOS14.vbproj]
L:\New Restauraunt Pos\src\RestaurantPOS14\RestaurantPOS14\RPOS_DBDataSet.vb(11214,20): error BC30456: 'PizzaSizeRowChangingEvent' is not a member of 'RPOS_DBDataSet.PizzaSizeDataTable'. [L:\New Restauraunt Pos\src\RestaurantPOS14\RestaurantPOS14.vbproj]
L:\New Restauraunt Pos\src\RestaurantPOS14\RestaurantPOS14\RPOS_DBDataSet.vb(11215,32): error BC30451: 'PizzaSizeRowChanging' is not declared. It may be inaccessible due to its protection level. [L:\New Restauraunt Pos\src\RestaurantPOS14\RestaurantPOS14.vbproj]
L:\New Restauraunt Pos\src\RestaurantPOS14\RestaurantPOS14\RPOS_DBDataSet.vb(11610,20): error BC30456: 'PizzaToppingRowChangingEvent' is not a member of 'RPOS_DBDataSet.PizzaToppingDataTable'. [L:\New Restauraunt Pos\src\RestaurantPOS14\RestaurantPOS14.vbproj]
L:\New Restauraunt Pos\src\RestaurantPOS14\RestaurantPOS14\RPOS_DBDataSet.vb(11611,32): error BC30451: 'PizzaToppingRowChanging' is not declared. It may be inaccessible due to its protection level. [L:\New Restauraunt Pos\src\RestaurantPOS14\RestaurantPOS14.vbproj]
L:\New Restauraunt Pos\src\RestaurantPOS14\RestaurantPOS14\RPOS_DBDataSet.vb(11223,20): error BC30456: 'PizzaSizeRowDeletedEvent' is not a member of 'RPOS_DBDataSet.PizzaSizeDataTable'. [L:\New Restauraunt Pos\src\RestaurantPOS14\RestaurantPOS14.vbproj]
L:\New Restauraunt Pos\src\RestaurantPOS14\RestaurantPOS14\RPOS_DBDataSet.vb(11224,32): error BC30451: 'PizzaSizeRowDeleted' is not declared. It may be inaccessible due to its protection level. [L:\New Restauraunt Pos\src\RestaurantPOS14\RestaurantPOS14.vbproj]
L:\New Restauraunt Pos\src\RestaurantPOS14\RestaurantPOS14\RPOS_DBDataSet.vb(11619,20): error BC30456: 'PizzaToppingRowDeletedEvent' is not a member of 'RPOS_DBDataSet.PizzaToppingDataTable'. [L:\New Restauraunt Pos\src\RestaurantPOS14\RestaurantPOS14.vbproj]
L:\New Restauraunt Pos\src\RestaurantPOS14\RestaurantPOS14\RPOS_DBDataSet.vb(11620,32): error BC30451: 'PizzaToppingRowDeleted' is not declared. It may be inaccessible due to its protection level. [L:\New Restauraunt Pos\src\RestaurantPOS14\RestaurantPOS14.vbproj]
L:\New Restauraunt Pos\src\RestaurantPOS14\RestaurantPOS14\RPOS_DBDataSet.vb(11232,20): error BC30456: 'PizzaSizeRowDeletingEvent' is not a member of 'RPOS_DBDataSet.PizzaSizeDataTable'. [L:\New Restauraunt Pos\src\RestaurantPOS14\RestaurantPOS14.vbproj]
L:\New Restauraunt Pos\src\RestaurantPOS14\RestaurantPOS14\RPOS_DBDataSet.vb(11233,32): error BC30451: 'PizzaSizeRowDeleting' is not declared. It may be inaccessible due to its protection level. [L:\New Restauraunt Pos\src\RestaurantPOS14\RestaurantPOS14.vbproj]
L:\New Restauraunt Pos\src\RestaurantPOS14\RestaurantPOS14\RPOS_DBDataSet.vb(11628,20): error BC30456: 'PizzaToppingRowDeletingEvent' is not a member of 'RPOS_DBDataSet.PizzaToppingDataTable'. [L:\New Restauraunt Pos\src\RestaurantPOS14\RestaurantPOS14.vbproj]
L:\New Restauraunt Pos\src\RestaurantPOS14\RestaurantPOS14\RPOS_DBDataSet.vb(11629,32): error BC30451: 'PizzaToppingRowDeleting' is not declared. It may be inaccessible due to its protection level. [L:\New Restauraunt Pos\src\RestaurantPOS14\RestaurantPOS14.vbproj]
L:\New Restauraunt Pos\src\RestaurantPOS14\RestaurantPOS14\RPOS_DBDataSet.vb(13593,20): error BC30456: 'ProductRowChangedEvent' is not a member of 'RPOS_DBDataSet.ProductDataTable'. [L:\New Restauraunt Pos\src\RestaurantPOS14\RestaurantPOS14.vbproj]
L:\New Restauraunt Pos\src\RestaurantPOS14\RestaurantPOS14\RPOS_DBDataSet.vb(13594,32): error BC30451: 'ProductRowChanged' is not declared. It may be inaccessible due to its protection level. [L:\New Restauraunt Pos\src\RestaurantPOS14\RestaurantPOS14.vbproj]
L:\New Restauraunt Pos\src\RestaurantPOS14\RestaurantPOS14\RPOS_DBDataSet.vb(13602,20): error BC30456: 'ProductRowChangingEvent' is not a member of 'RPOS_DBDataSet.ProductDataTable'. [L:\New Restauraunt Pos\src\RestaurantPOS14\RestaurantPOS14.vbproj]
L:\New Restauraunt Pos\src\RestaurantPOS14\RestaurantPOS14\RPOS_DBDataSet.vb(13603,32): error BC30451: 'ProductRowChanging' is not declared. It may be inaccessible due to its protection level. [L:\New Restauraunt Pos\src\RestaurantPOS14\RestaurantPOS14.vbproj]
L:\New Restauraunt Pos\src\RestaurantPOS14\RestaurantPOS14\RPOS_DBDataSet.vb(13611,20): error BC30456: 'ProductRowDeletedEvent' is not a member of 'RPOS_DBDataSet.ProductDataTable'. [L:\New Restauraunt Pos\src\RestaurantPOS14\RestaurantPOS14.vbproj]
L:\New Restauraunt Pos\src\RestaurantPOS14\RestaurantPOS14\RPOS_DBDataSet.vb(13612,32): error BC30451: 'ProductRowDeleted' is not declared. It may be inaccessible due to its protection level. [L:\New Restauraunt Pos\src\RestaurantPOS14\RestaurantPOS14.vbproj]
L:\New Restauraunt Pos\src\RestaurantPOS14\RestaurantPOS14\RPOS_DBDataSet.vb(13155,20): error BC30456: 'PosPrinterSettingRowChangedEvent' is not a member of 'RPOS_DBDataSet.PosPrinterSettingDataTable'. [L:\New Restauraunt Pos\src\RestaurantPOS14\RestaurantPOS14.vbproj]
L:\New Restauraunt Pos\src\RestaurantPOS14\RestaurantPOS14\RPOS_DBDataSet.vb(13156,32): error BC30451: 'PosPrinterSettingRowChanged' is not declared. It may be inaccessible due to its protection level. [L:\New Restauraunt Pos\src\RestaurantPOS14\RestaurantPOS14.vbproj]
L:\New Restauraunt Pos\src\RestaurantPOS14\RestaurantPOS14\RPOS_DBDataSet.vb(13620,20): error BC30456: 'ProductRowDeletingEvent' is not a member of 'RPOS_DBDataSet.ProductDataTable'. [L:\New Restauraunt Pos\src\RestaurantPOS14\RestaurantPOS14.vbproj]
L:\New Restauraunt Pos\src\RestaurantPOS14\RestaurantPOS14\RPOS_DBDataSet.vb(13621,32): error BC30451: 'ProductRowDeleting' is not declared. It may be inaccessible due to its protection level. [L:\New Restauraunt Pos\src\RestaurantPOS14\RestaurantPOS14.vbproj]
L:\New Restauraunt Pos\src\RestaurantPOS14\RestaurantPOS14\RPOS_DBDataSet.vb(13164,20): error BC30456: 'PosPrinterSettingRowChangingEvent' is not a member of 'RPOS_DBDataSet.PosPrinterSettingDataTable'. [L:\New Restauraunt Pos\src\RestaurantPOS14\RestaurantPOS14.vbproj]
L:\New Restauraunt Pos\src\RestaurantPOS14\RestaurantPOS14\RPOS_DBDataSet.vb(13165,32): error BC30451: 'PosPrinterSettingRowChanging' is not declared. It may be inaccessible due to its protection level. [L:\New Restauraunt Pos\src\RestaurantPOS14\RestaurantPOS14.vbproj]
L:\New Restauraunt Pos\src\RestaurantPOS14\RestaurantPOS14\RPOS_DBDataSet.vb(13173,20): error BC30456: 'PosPrinterSettingRowDeletedEvent' is not a member of 'RPOS_DBDataSet.PosPrinterSettingDataTable'. [L:\New Restauraunt Pos\src\RestaurantPOS14\RestaurantPOS14.vbproj]
L:\New Restauraunt Pos\src\RestaurantPOS14\RestaurantPOS14\RPOS_DBDataSet.vb(13174,32): error BC30451: 'PosPrinterSettingRowDeleted' is not declared. It may be inaccessible due to its protection level. [L:\New Restauraunt Pos\src\RestaurantPOS14\RestaurantPOS14.vbproj]
L:\New Restauraunt Pos\src\RestaurantPOS14\RestaurantPOS14\RPOS_DBDataSet.vb(13182,20): error BC30456: 'PosPrinterSettingRowDeletingEvent' is not a member of 'RPOS_DBDataSet.PosPrinterSettingDataTable'. [L:\New Restauraunt Pos\src\RestaurantPOS14\RestaurantPOS14.vbproj]
L:\New Restauraunt Pos\src\RestaurantPOS14\RestaurantPOS14\RPOS_DBDataSet.vb(13183,32): error BC30451: 'PosPrinterSettingRowDeleting' is not declared. It may be inaccessible due to its protection level. [L:\New Restauraunt Pos\src\RestaurantPOS14\RestaurantPOS14.vbproj]
L:\New Restauraunt Pos\src\RestaurantPOS14\RestaurantPOS14\RPOS_DBDataSet.vb(10869,20): error BC30456: 'PizzaMasterRowChangedEvent' is not a member of 'RPOS_DBDataSet.PizzaMasterDataTable'. [L:\New Restauraunt Pos\src\RestaurantPOS14\RestaurantPOS14.vbproj]
L:\New Restauraunt Pos\src\RestaurantPOS14\RestaurantPOS14\RPOS_DBDataSet.vb(10870,32): error BC30451: 'PizzaMasterRowChanged' is not declared. It may be inaccessible due to its protection level. [L:\New Restauraunt Pos\src\RestaurantPOS14\RestaurantPOS14.vbproj]
L:\New Restauraunt Pos\src\RestaurantPOS14\RestaurantPOS14\RPOS_DBDataSet.vb(10878,20): error BC30456: 'PizzaMasterRowChangingEvent' is not a member of 'RPOS_DBDataSet.PizzaMasterDataTable'. [L:\New Restauraunt Pos\src\RestaurantPOS14\RestaurantPOS14.vbproj]
L:\New Restauraunt Pos\src\RestaurantPOS14\RestaurantPOS14\RPOS_DBDataSet.vb(10879,32): error BC30451: 'PizzaMasterRowChanging' is not declared. It may be inaccessible due to its protection level. [L:\New Restauraunt Pos\src\RestaurantPOS14\RestaurantPOS14.vbproj]
L:\New Restauraunt Pos\src\RestaurantPOS14\RestaurantPOS14\RPOS_DBDataSet.vb(10887,20): error BC30456: 'PizzaMasterRowDeletedEvent' is not a member of 'RPOS_DBDataSet.PizzaMasterDataTable'. [L:\New Restauraunt Pos\src\RestaurantPOS14\RestaurantPOS14.vbproj]
L:\New Restauraunt Pos\src\RestaurantPOS14\RestaurantPOS14\RPOS_DBDataSet.vb(10888,32): error BC30451: 'PizzaMasterRowDeleted' is not declared. It may be inaccessible due to its protection level. [L:\New Restauraunt Pos\src\RestaurantPOS14\RestaurantPOS14.vbproj]
L:\New Restauraunt Pos\src\RestaurantPOS14\RestaurantPOS14\RPOS_DBDataSet.vb(10896,20): error BC30456: 'PizzaMasterRowDeletingEvent' is not a member of 'RPOS_DBDataSet.PizzaMasterDataTable'. [L:\New Restauraunt Pos\src\RestaurantPOS14\RestaurantPOS14.vbproj]
L:\New Restauraunt Pos\src\RestaurantPOS14\RestaurantPOS14\RPOS_DBDataSet.vb(10897,32): error BC30451: 'PizzaMasterRowDeleting' is not declared. It may be inaccessible due to its protection level. [L:\New Restauraunt Pos\src\RestaurantPOS14\RestaurantPOS14.vbproj]
L:\New Restauraunt Pos\src\RestaurantPOS14\RestaurantPOS14\RPOS_DBDataSet.vb(12151,20): error BC30456: 'PosGroupingRowChangedEvent' is not a member of 'RPOS_DBDataSet.PosGroupingDataTable'. [L:\New Restauraunt Pos\src\RestaurantPOS14\RestaurantPOS14.vbproj]
L:\New Restauraunt Pos\src\RestaurantPOS14\RestaurantPOS14\RPOS_DBDataSet.vb(12152,32): error BC30451: 'PosGroupingRowChanged' is not declared. It may be inaccessible due to its protection level. [L:\New Restauraunt Pos\src\RestaurantPOS14\RestaurantPOS14.vbproj]
L:\New Restauraunt Pos\src\RestaurantPOS14\RestaurantPOS14\RPOS_DBDataSet.vb(12704,20): error BC30456: 'PosGrouping1RowChangedEvent' is not a member of 'RPOS_DBDataSet.PosGrouping1DataTable'. [L:\New Restauraunt Pos\src\RestaurantPOS14\RestaurantPOS14.vbproj]
L:\New Restauraunt Pos\src\RestaurantPOS14\RestaurantPOS14\RPOS_DBDataSet.vb(12705,32): error BC30451: 'PosGrouping1RowChanged' is not declared. It may be inaccessible due to its protection level. [L:\New Restauraunt Pos\src\RestaurantPOS14\RestaurantPOS14.vbproj]
L:\New Restauraunt Pos\src\RestaurantPOS14\RestaurantPOS14\RPOS_DBDataSet.vb(12160,20): error BC30456: 'PosGroupingRowChangingEvent' is not a member of 'RPOS_DBDataSet.PosGroupingDataTable'. [L:\New Restauraunt Pos\src\RestaurantPOS14\RestaurantPOS14.vbproj]
L:\New Restauraunt Pos\src\RestaurantPOS14\RestaurantPOS14\RPOS_DBDataSet.vb(12161,32): error BC30451: 'PosGroupingRowChanging' is not declared. It may be inaccessible due to its protection level. [L:\New Restauraunt Pos\src\RestaurantPOS14\RestaurantPOS14.vbproj]
L:\New Restauraunt Pos\src\RestaurantPOS14\RestaurantPOS14\RPOS_DBDataSet.vb(12713,20): error BC30456: 'PosGrouping1RowChangingEvent' is not a member of 'RPOS_DBDataSet.PosGrouping1DataTable'. [L:\New Restauraunt Pos\src\RestaurantPOS14\RestaurantPOS14.vbproj]
L:\New Restauraunt Pos\src\RestaurantPOS14\RestaurantPOS14\RPOS_DBDataSet.vb(12714,32): error BC30451: 'PosGrouping1RowChanging' is not declared. It may be inaccessible due to its protection level. [L:\New Restauraunt Pos\src\RestaurantPOS14\RestaurantPOS14.vbproj]
L:\New Restauraunt Pos\src\RestaurantPOS14\RestaurantPOS14\RPOS_DBDataSet.vb(17825,20): error BC30456: 'RestaurantPOS_BillingInfoHDRowChangedEvent' is not a member of 'RPOS_DBDataSet.RestaurantPOS_BillingInfoHDDataTable'. [L:\New Restauraunt Pos\src\RestaurantPOS14\RestaurantPOS14.vbproj]
L:\New Restauraunt Pos\src\RestaurantPOS14\RestaurantPOS14\RPOS_DBDataSet.vb(17826,32): error BC30451: 'RestaurantPOS_BillingInfoHDRowChanged' is not declared. It may be inaccessible due to its protection level. [L:\New Restauraunt Pos\src\RestaurantPOS14\RestaurantPOS14.vbproj]
L:\New Restauraunt Pos\src\RestaurantPOS14\RestaurantPOS14\RPOS_DBDataSet.vb(12169,20): error BC30456: 'PosGroupingRowDeletedEvent' is not a member of 'RPOS_DBDataSet.PosGroupingDataTable'. [L:\New Restauraunt Pos\src\RestaurantPOS14\RestaurantPOS14.vbproj]
L:\New Restauraunt Pos\src\RestaurantPOS14\RestaurantPOS14\RPOS_DBDataSet.vb(12170,32): error BC30451: 'PosGroupingRowDeleted' is not declared. It may be inaccessible due to its protection level. [L:\New Restauraunt Pos\src\RestaurantPOS14\RestaurantPOS14.vbproj]
L:\New Restauraunt Pos\src\RestaurantPOS14\RestaurantPOS14\RPOS_DBDataSet.vb(12722,20): error BC30456: 'PosGrouping1RowDeletedEvent' is not a member of 'RPOS_DBDataSet.PosGrouping1DataTable'. [L:\New Restauraunt Pos\src\RestaurantPOS14\RestaurantPOS14.vbproj]
L:\New Restauraunt Pos\src\RestaurantPOS14\RestaurantPOS14\RPOS_DBDataSet.vb(12723,32): error BC30451: 'PosGrouping1RowDeleted' is not declared. It may be inaccessible due to its protection level. [L:\New Restauraunt Pos\src\RestaurantPOS14\RestaurantPOS14.vbproj]
L:\New Restauraunt Pos\src\RestaurantPOS14\RestaurantPOS14\RPOS_DBDataSet.vb(12178,20): error BC30456: 'PosGroupingRowDeletingEvent' is not a member of 'RPOS_DBDataSet.PosGroupingDataTable'. [L:\New Restauraunt Pos\src\RestaurantPOS14\RestaurantPOS14.vbproj]
L:\New Restauraunt Pos\src\RestaurantPOS14\RestaurantPOS14\RPOS_DBDataSet.vb(12179,32): error BC30451: 'PosGroupingRowDeleting' is not declared. It may be inaccessible due to its protection level. [L:\New Restauraunt Pos\src\RestaurantPOS14\RestaurantPOS14.vbproj]
L:\New Restauraunt Pos\src\RestaurantPOS14\RestaurantPOS14\RPOS_DBDataSet.vb(17834,20): error BC30456: 'RestaurantPOS_BillingInfoHDRowChangingEvent' is not a member of 'RPOS_DBDataSet.RestaurantPOS_BillingInfoHDDataTable'. [L:\New Restauraunt Pos\src\RestaurantPOS14\RestaurantPOS14.vbproj]
L:\New Restauraunt Pos\src\RestaurantPOS14\RestaurantPOS14\RPOS_DBDataSet.vb(17835,32): error BC30451: 'RestaurantPOS_BillingInfoHDRowChanging' is not declared. It may be inaccessible due to its protection level. [L:\New Restauraunt Pos\src\RestaurantPOS14\RestaurantPOS14.vbproj]
L:\New Restauraunt Pos\src\RestaurantPOS14\RestaurantPOS14\RPOS_DBDataSet.vb(12731,20): error BC30456: 'PosGrouping1RowDeletingEvent' is not a member of 'RPOS_DBDataSet.PosGrouping1DataTable'. [L:\New Restauraunt Pos\src\RestaurantPOS14\RestaurantPOS14.vbproj]
L:\New Restauraunt Pos\src\RestaurantPOS14\RestaurantPOS14\RPOS_DBDataSet.vb(12732,32): error BC30451: 'PosGrouping1RowDeleting' is not declared. It may be inaccessible due to its protection level. [L:\New Restauraunt Pos\src\RestaurantPOS14\RestaurantPOS14.vbproj]
L:\New Restauraunt Pos\src\RestaurantPOS14\RestaurantPOS14\RPOS_DBDataSet.vb(17843,20): error BC30456: 'RestaurantPOS_BillingInfoHDRowDeletedEvent' is not a member of 'RPOS_DBDataSet.RestaurantPOS_BillingInfoHDDataTable'. [L:\New Restauraunt Pos\src\RestaurantPOS14\RestaurantPOS14.vbproj]
L:\New Restauraunt Pos\src\RestaurantPOS14\RestaurantPOS14\RPOS_DBDataSet.vb(17844,32): error BC30451: 'RestaurantPOS_BillingInfoHDRowDeleted' is not declared. It may be inaccessible due to its protection level. [L:\New Restauraunt Pos\src\RestaurantPOS14\RestaurantPOS14.vbproj]
L:\New Restauraunt Pos\src\RestaurantPOS14\RestaurantPOS14\RPOS_DBDataSet.vb(17852,20): error BC30456: 'RestaurantPOS_BillingInfoHDRowDeletingEvent' is not a member of 'RPOS_DBDataSet.RestaurantPOS_BillingInfoHDDataTable'. [L:\New Restauraunt Pos\src\RestaurantPOS14\RestaurantPOS14.vbproj]
L:\New Restauraunt Pos\src\RestaurantPOS14\RestaurantPOS14\RPOS_DBDataSet.vb(17853,32): error BC30451: 'RestaurantPOS_BillingInfoHDRowDeleting' is not declared. It may be inaccessible due to its protection level. [L:\New Restauraunt Pos\src\RestaurantPOS14\RestaurantPOS14.vbproj]
L:\New Restauraunt Pos\src\RestaurantPOS14\RestaurantPOS14\RPOS_DBDataSet.vb(10446,20): error BC30456: 'PaymentRowChangedEvent' is not a member of 'RPOS_DBDataSet.PaymentDataTable'. [L:\New Restauraunt Pos\src\RestaurantPOS14\RestaurantPOS14.vbproj]
L:\New Restauraunt Pos\src\RestaurantPOS14\RestaurantPOS14\RPOS_DBDataSet.vb(10447,32): error BC30451: 'PaymentRowChanged' is not declared. It may be inaccessible due to its protection level. [L:\New Restauraunt Pos\src\RestaurantPOS14\RestaurantPOS14.vbproj]
L:\New Restauraunt Pos\src\RestaurantPOS14\RestaurantPOS14\RPOS_DBDataSet.vb(10455,20): error BC30456: 'PaymentRowChangingEvent' is not a member of 'RPOS_DBDataSet.PaymentDataTable'. [L:\New Restauraunt Pos\src\RestaurantPOS14\RestaurantPOS14.vbproj]
L:\New Restauraunt Pos\src\RestaurantPOS14\RestaurantPOS14\RPOS_DBDataSet.vb(10456,32): error BC30451: 'PaymentRowChanging' is not declared. It may be inaccessible due to its protection level. [L:\New Restauraunt Pos\src\RestaurantPOS14\RestaurantPOS14.vbproj]
L:\New Restauraunt Pos\src\RestaurantPOS14\RestaurantPOS14\RPOS_DBDataSet.vb(10464,20): error BC30456: 'PaymentRowDeletedEvent' is not a member of 'RPOS_DBDataSet.PaymentDataTable'. [L:\New Restauraunt Pos\src\RestaurantPOS14\RestaurantPOS14.vbproj]
L:\New Restauraunt Pos\src\RestaurantPOS14\RestaurantPOS14\RPOS_DBDataSet.vb(10465,32): error BC30451: 'PaymentRowDeleted' is not declared. It may be inaccessible due to its protection level. [L:\New Restauraunt Pos\src\RestaurantPOS14\RestaurantPOS14.vbproj]
L:\New Restauraunt Pos\src\RestaurantPOS14\RestaurantPOS14\RPOS_DBDataSet.vb(10473,20): error BC30456: 'PaymentRowDeletingEvent' is not a member of 'RPOS_DBDataSet.PaymentDataTable'. [L:\New Restauraunt Pos\src\RestaurantPOS14\RestaurantPOS14.vbproj]
L:\New Restauraunt Pos\src\RestaurantPOS14\RestaurantPOS14\RPOS_DBDataSet.vb(10474,32): error BC30451: 'PaymentRowDeleting' is not declared. It may be inaccessible due to its protection level. [L:\New Restauraunt Pos\src\RestaurantPOS14\RestaurantPOS14.vbproj]
L:\New Restauraunt Pos\src\RestaurantPOS14\RestaurantPOS14\RPOS_DBDataSet.vb(10006,20): error BC30456: 'OtherSettingRowChangedEvent' is not a member of 'RPOS_DBDataSet.OtherSettingDataTable'. [L:\New Restauraunt Pos\src\RestaurantPOS14\RestaurantPOS14.vbproj]
L:\New Restauraunt Pos\src\RestaurantPOS14\RestaurantPOS14\RPOS_DBDataSet.vb(10007,32): error BC30451: 'OtherSettingRowChanged' is not declared. It may be inaccessible due to its protection level. [L:\New Restauraunt Pos\src\RestaurantPOS14\RestaurantPOS14.vbproj]
L:\New Restauraunt Pos\src\RestaurantPOS14\RestaurantPOS14\RPOS_DBDataSet.vb(10015,20): error BC30456: 'OtherSettingRowChangingEvent' is not a member of 'RPOS_DBDataSet.OtherSettingDataTable'. [L:\New Restauraunt Pos\src\RestaurantPOS14\RestaurantPOS14.vbproj]
L:\New Restauraunt Pos\src\RestaurantPOS14\RestaurantPOS14\RPOS_DBDataSet.vb(10016,32): error BC30451: 'OtherSettingRowChanging' is not declared. It may be inaccessible due to its protection level. [L:\New Restauraunt Pos\src\RestaurantPOS14\RestaurantPOS14.vbproj]
L:\New Restauraunt Pos\src\RestaurantPOS14\RestaurantPOS14\RPOS_DBDataSet.vb(10024,20): error BC30456: 'OtherSettingRowDeletedEvent' is not a member of 'RPOS_DBDataSet.OtherSettingDataTable'. [L:\New Restauraunt Pos\src\RestaurantPOS14\RestaurantPOS14.vbproj]
L:\New Restauraunt Pos\src\RestaurantPOS14\RestaurantPOS14\RPOS_DBDataSet.vb(10025,32): error BC30451: 'OtherSettingRowDeleted' is not declared. It may be inaccessible due to its protection level. [L:\New Restauraunt Pos\src\RestaurantPOS14\RestaurantPOS14.vbproj]
L:\New Restauraunt Pos\src\RestaurantPOS14\RestaurantPOS14\RPOS_DBDataSet.vb(10033,20): error BC30456: 'OtherSettingRowDeletingEvent' is not a member of 'RPOS_DBDataSet.OtherSettingDataTable'. [L:\New Restauraunt Pos\src\RestaurantPOS14\RestaurantPOS14.vbproj]
L:\New Restauraunt Pos\src\RestaurantPOS14\RestaurantPOS14\RPOS_DBDataSet.vb(10034,32): error BC30451: 'OtherSettingRowDeleting' is not declared. It may be inaccessible due to its protection level. [L:\New Restauraunt Pos\src\RestaurantPOS14\RestaurantPOS14.vbproj]
L:\New Restauraunt Pos\src\RestaurantPOS14\RestaurantPOS14\RPOS_DBDataSet.vb(8360,20): error BC30456: 'LoyaltySettingRowChangedEvent' is not a member of 'RPOS_DBDataSet.LoyaltySettingDataTable'. [L:\New Restauraunt Pos\src\RestaurantPOS14\RestaurantPOS14.vbproj]
L:\New Restauraunt Pos\src\RestaurantPOS14\RestaurantPOS14\RPOS_DBDataSet.vb(8361,32): error BC30451: 'LoyaltySettingRowChanged' is not declared. It may be inaccessible due to its protection level. [L:\New Restauraunt Pos\src\RestaurantPOS14\RestaurantPOS14.vbproj]
L:\New Restauraunt Pos\src\RestaurantPOS14\RestaurantPOS14\RPOS_DBDataSet.vb(8369,20): error BC30456: 'LoyaltySettingRowChangingEvent' is not a member of 'RPOS_DBDataSet.LoyaltySettingDataTable'. [L:\New Restauraunt Pos\src\RestaurantPOS14\RestaurantPOS14.vbproj]
L:\New Restauraunt Pos\src\RestaurantPOS14\RestaurantPOS14\RPOS_DBDataSet.vb(8370,32): error BC30451: 'LoyaltySettingRowChanging' is not declared. It may be inaccessible due to its protection level. [L:\New Restauraunt Pos\src\RestaurantPOS14\RestaurantPOS14.vbproj]
L:\New Restauraunt Pos\src\RestaurantPOS14\RestaurantPOS14\RPOS_DBDataSet.vb(8378,20): error BC30456: 'LoyaltySettingRowDeletedEvent' is not a member of 'RPOS_DBDataSet.LoyaltySettingDataTable'. [L:\New Restauraunt Pos\src\RestaurantPOS14\RestaurantPOS14.vbproj]
L:\New Restauraunt Pos\src\RestaurantPOS14\RestaurantPOS14\RPOS_DBDataSet.vb(8379,32): error BC30451: 'LoyaltySettingRowDeleted' is not declared. It may be inaccessible due to its protection level. [L:\New Restauraunt Pos\src\RestaurantPOS14\RestaurantPOS14.vbproj]
L:\New Restauraunt Pos\src\RestaurantPOS14\RestaurantPOS14\RPOS_DBDataSet.vb(8387,20): error BC30456: 'LoyaltySettingRowDeletingEvent' is not a member of 'RPOS_DBDataSet.LoyaltySettingDataTable'. [L:\New Restauraunt Pos\src\RestaurantPOS14\RestaurantPOS14.vbproj]
L:\New Restauraunt Pos\src\RestaurantPOS14\RestaurantPOS14\RPOS_DBDataSet.vb(8388,32): error BC30451: 'LoyaltySettingRowDeleting' is not declared. It may be inaccessible due to its protection level. [L:\New Restauraunt Pos\src\RestaurantPOS14\RestaurantPOS14.vbproj]
L:\New Restauraunt Pos\src\RestaurantPOS14\RestaurantPOS14\RPOS_DBDataSet.vb(9543,20): error BC30456: 'NotesMasterRowChangedEvent' is not a member of 'RPOS_DBDataSet.NotesMasterDataTable'. [L:\New Restauraunt Pos\src\RestaurantPOS14\RestaurantPOS14.vbproj]
L:\New Restauraunt Pos\src\RestaurantPOS14\RestaurantPOS14\RPOS_DBDataSet.vb(9544,32): error BC30451: 'NotesMasterRowChanged' is not declared. It may be inaccessible due to its protection level. [L:\New Restauraunt Pos\src\RestaurantPOS14\RestaurantPOS14.vbproj]
L:\New Restauraunt Pos\src\RestaurantPOS14\RestaurantPOS14\RPOS_DBDataSet.vb(9552,20): error BC30456: 'NotesMasterRowChangingEvent' is not a member of 'RPOS_DBDataSet.NotesMasterDataTable'. [L:\New Restauraunt Pos\src\RestaurantPOS14\RestaurantPOS14.vbproj]
L:\New Restauraunt Pos\src\RestaurantPOS14\RestaurantPOS14\RPOS_DBDataSet.vb(9553,32): error BC30451: 'NotesMasterRowChanging' is not declared. It may be inaccessible due to its protection level. [L:\New Restauraunt Pos\src\RestaurantPOS14\RestaurantPOS14.vbproj]
L:\New Restauraunt Pos\src\RestaurantPOS14\RestaurantPOS14\RPOS_DBDataSet.vb(8764,20): error BC30456: 'MemberRowChangedEvent' is not a member of 'RPOS_DBDataSet.MemberDataTable'. [L:\New Restauraunt Pos\src\RestaurantPOS14\RestaurantPOS14.vbproj]
L:\New Restauraunt Pos\src\RestaurantPOS14\RestaurantPOS14\RPOS_DBDataSet.vb(8765,32): error BC30451: 'MemberRowChanged' is not declared. It may be inaccessible due to its protection level. [L:\New Restauraunt Pos\src\RestaurantPOS14\RestaurantPOS14.vbproj]
L:\New Restauraunt Pos\src\RestaurantPOS14\RestaurantPOS14\RPOS_DBDataSet.vb(8773,20): error BC30456: 'MemberRowChangingEvent' is not a member of 'RPOS_DBDataSet.MemberDataTable'. [L:\New Restauraunt Pos\src\RestaurantPOS14\RestaurantPOS14.vbproj]
L:\New Restauraunt Pos\src\RestaurantPOS14\RestaurantPOS14\RPOS_DBDataSet.vb(8774,32): error BC30451: 'MemberRowChanging' is not declared. It may be inaccessible due to its protection level. [L:\New Restauraunt Pos\src\RestaurantPOS14\RestaurantPOS14.vbproj]
L:\New Restauraunt Pos\src\RestaurantPOS14\RestaurantPOS14\RPOS_DBDataSet.vb(9561,20): error BC30456: 'NotesMasterRowDeletedEvent' is not a member of 'RPOS_DBDataSet.NotesMasterDataTable'. [L:\New Restauraunt Pos\src\RestaurantPOS14\RestaurantPOS14.vbproj]
L:\New Restauraunt Pos\src\RestaurantPOS14\RestaurantPOS14\RPOS_DBDataSet.vb(9562,32): error BC30451: 'NotesMasterRowDeleted' is not declared. It may be inaccessible due to its protection level. [L:\New Restauraunt Pos\src\RestaurantPOS14\RestaurantPOS14.vbproj]
L:\New Restauraunt Pos\src\RestaurantPOS14\RestaurantPOS14\RPOS_DBDataSet.vb(8782,20): error BC30456: 'MemberRowDeletedEvent' is not a member of 'RPOS_DBDataSet.MemberDataTable'. [L:\New Restauraunt Pos\src\RestaurantPOS14\RestaurantPOS14.vbproj]
L:\New Restauraunt Pos\src\RestaurantPOS14\RestaurantPOS14\RPOS_DBDataSet.vb(8783,32): error BC30451: 'MemberRowDeleted' is not declared. It may be inaccessible due to its protection level. [L:\New Restauraunt Pos\src\RestaurantPOS14\RestaurantPOS14.vbproj]
L:\New Restauraunt Pos\src\RestaurantPOS14\RestaurantPOS14\RPOS_DBDataSet.vb(8791,20): error BC30456: 'MemberRowDeletingEvent' is not a member of 'RPOS_DBDataSet.MemberDataTable'. [L:\New Restauraunt Pos\src\RestaurantPOS14\RestaurantPOS14.vbproj]
L:\New Restauraunt Pos\src\RestaurantPOS14\RestaurantPOS14\RPOS_DBDataSet.vb(8792,32): error BC30451: 'MemberRowDeleting' is not declared. It may be inaccessible due to its protection level. [L:\New Restauraunt Pos\src\RestaurantPOS14\RestaurantPOS14.vbproj]
L:\New Restauraunt Pos\src\RestaurantPOS14\RestaurantPOS14\RPOS_DBDataSet.vb(9189,20): error BC30456: 'MemberLedgerRowChangedEvent' is not a member of 'RPOS_DBDataSet.MemberLedgerDataTable'. [L:\New Restauraunt Pos\src\RestaurantPOS14\RestaurantPOS14.vbproj]
L:\New Restauraunt Pos\src\RestaurantPOS14\RestaurantPOS14\RPOS_DBDataSet.vb(9190,32): error BC30451: 'MemberLedgerRowChanged' is not declared. It may be inaccessible due to its protection level. [L:\New Restauraunt Pos\src\RestaurantPOS14\RestaurantPOS14.vbproj]
L:\New Restauraunt Pos\src\RestaurantPOS14\RestaurantPOS14\RPOS_DBDataSet.vb(9570,20): error BC30456: 'NotesMasterRowDeletingEvent' is not a member of 'RPOS_DBDataSet.NotesMasterDataTable'. [L:\New Restauraunt Pos\src\RestaurantPOS14\RestaurantPOS14.vbproj]
L:\New Restauraunt Pos\src\RestaurantPOS14\RestaurantPOS14\RPOS_DBDataSet.vb(9571,32): error BC30451: 'NotesMasterRowDeleting' is not declared. It may be inaccessible due to its protection level. [L:\New Restauraunt Pos\src\RestaurantPOS14\RestaurantPOS14.vbproj]
L:\New Restauraunt Pos\src\RestaurantPOS14\RestaurantPOS14\RPOS_DBDataSet.vb(9198,20): error BC30456: 'MemberLedgerRowChangingEvent' is not a member of 'RPOS_DBDataSet.MemberLedgerDataTable'. [L:\New Restauraunt Pos\src\RestaurantPOS14\RestaurantPOS14.vbproj]
L:\New Restauraunt Pos\src\RestaurantPOS14\RestaurantPOS14\RPOS_DBDataSet.vb(9199,32): error BC30451: 'MemberLedgerRowChanging' is not declared. It may be inaccessible due to its protection level. [L:\New Restauraunt Pos\src\RestaurantPOS14\RestaurantPOS14.vbproj]
L:\New Restauraunt Pos\src\RestaurantPOS14\RestaurantPOS14\RPOS_DBDataSet.vb(9207,20): error BC30456: 'MemberLedgerRowDeletedEvent' is not a member of 'RPOS_DBDataSet.MemberLedgerDataTable'. [L:\New Restauraunt Pos\src\RestaurantPOS14\RestaurantPOS14.vbproj]
L:\New Restauraunt Pos\src\RestaurantPOS14\RestaurantPOS14\RPOS_DBDataSet.vb(9208,32): error BC30451: 'MemberLedgerRowDeleted' is not declared. It may be inaccessible due to its protection level. [L:\New Restauraunt Pos\src\RestaurantPOS14\RestaurantPOS14.vbproj]
L:\New Restauraunt Pos\src\RestaurantPOS14\RestaurantPOS14\RPOS_DBDataSet.vb(9216,20): error BC30456: 'MemberLedgerRowDeletingEvent' is not a member of 'RPOS_DBDataSet.MemberLedgerDataTable'. [L:\New Restauraunt Pos\src\RestaurantPOS14\RestaurantPOS14.vbproj]
L:\New Restauraunt Pos\src\RestaurantPOS14\RestaurantPOS14\RPOS_DBDataSet.vb(9217,32): error BC30451: 'MemberLedgerRowDeleting' is not declared. It may be inaccessible due to its protection level. [L:\New Restauraunt Pos\src\RestaurantPOS14\RestaurantPOS14.vbproj]
L:\New Restauraunt Pos\src\RestaurantPOS14\RestaurantPOS14\RPOS_DBDataSet.vb(7564,20): error BC30456: 'LoyaltyMemberRowChangedEvent' is not a member of 'RPOS_DBDataSet.LoyaltyMemberDataTable'. [L:\New Restauraunt Pos\src\RestaurantPOS14\RestaurantPOS14.vbproj]
L:\New Restauraunt Pos\src\RestaurantPOS14\RestaurantPOS14\RPOS_DBDataSet.vb(7565,32): error BC30451: 'LoyaltyMemberRowChanged' is not declared. It may be inaccessible due to its protection level. [L:\New Restauraunt Pos\src\RestaurantPOS14\RestaurantPOS14.vbproj]
L:\New Restauraunt Pos\src\RestaurantPOS14\RestaurantPOS14\RPOS_DBDataSet.vb(7157,20): error BC30456: 'LogsRowChangedEvent' is not a member of 'RPOS_DBDataSet.LogsDataTable'. [L:\New Restauraunt Pos\src\RestaurantPOS14\RestaurantPOS14.vbproj]
L:\New Restauraunt Pos\src\RestaurantPOS14\RestaurantPOS14\RPOS_DBDataSet.vb(7158,32): error BC30451: 'LogsRowChanged' is not declared. It may be inaccessible due to its protection level. [L:\New Restauraunt Pos\src\RestaurantPOS14\RestaurantPOS14.vbproj]
L:\New Restauraunt Pos\src\RestaurantPOS14\RestaurantPOS14\RPOS_DBDataSet.vb(7573,20): error BC30456: 'LoyaltyMemberRowChangingEvent' is not a member of 'RPOS_DBDataSet.LoyaltyMemberDataTable'. [L:\New Restauraunt Pos\src\RestaurantPOS14\RestaurantPOS14.vbproj]
L:\New Restauraunt Pos\src\RestaurantPOS14\RestaurantPOS14\RPOS_DBDataSet.vb(7574,32): error BC30451: 'LoyaltyMemberRowChanging' is not declared. It may be inaccessible due to its protection level. [L:\New Restauraunt Pos\src\RestaurantPOS14\RestaurantPOS14.vbproj]
L:\New Restauraunt Pos\src\RestaurantPOS14\RestaurantPOS14\RPOS_DBDataSet.vb(7166,20): error BC30456: 'LogsRowChangingEvent' is not a member of 'RPOS_DBDataSet.LogsDataTable'. [L:\New Restauraunt Pos\src\RestaurantPOS14\RestaurantPOS14.vbproj]
L:\New Restauraunt Pos\src\RestaurantPOS14\RestaurantPOS14\RPOS_DBDataSet.vb(7167,32): error BC30451: 'LogsRowChanging' is not declared. It may be inaccessible due to its protection level. [L:\New Restauraunt Pos\src\RestaurantPOS14\RestaurantPOS14.vbproj]
L:\New Restauraunt Pos\src\RestaurantPOS14\RestaurantPOS14\RPOS_DBDataSet.vb(7582,20): error BC30456: 'LoyaltyMemberRowDeletedEvent' is not a member of 'RPOS_DBDataSet.LoyaltyMemberDataTable'. [L:\New Restauraunt Pos\src\RestaurantPOS14\RestaurantPOS14.vbproj]
L:\New Restauraunt Pos\src\RestaurantPOS14\RestaurantPOS14\RPOS_DBDataSet.vb(7583,32): error BC30451: 'LoyaltyMemberRowDeleted' is not declared. It may be inaccessible due to its protection level. [L:\New Restauraunt Pos\src\RestaurantPOS14\RestaurantPOS14.vbproj]
L:\New Restauraunt Pos\src\RestaurantPOS14\RestaurantPOS14\RPOS_DBDataSet.vb(7175,20): error BC30456: 'LogsRowDeletedEvent' is not a member of 'RPOS_DBDataSet.LogsDataTable'. [L:\New Restauraunt Pos\src\RestaurantPOS14\RestaurantPOS14.vbproj]
L:\New Restauraunt Pos\src\RestaurantPOS14\RestaurantPOS14\RPOS_DBDataSet.vb(7176,32): error BC30451: 'LogsRowDeleted' is not declared. It may be inaccessible due to its protection level. [L:\New Restauraunt Pos\src\RestaurantPOS14\RestaurantPOS14.vbproj]
L:\New Restauraunt Pos\src\RestaurantPOS14\RestaurantPOS14\RPOS_DBDataSet.vb(7184,20): error BC30456: 'LogsRowDeletingEvent' is not a member of 'RPOS_DBDataSet.LogsDataTable'. [L:\New Restauraunt Pos\src\RestaurantPOS14\RestaurantPOS14.vbproj]
L:\New Restauraunt Pos\src\RestaurantPOS14\RestaurantPOS14\RPOS_DBDataSet.vb(7185,32): error BC30451: 'LogsRowDeleting' is not declared. It may be inaccessible due to its protection level. [L:\New Restauraunt Pos\src\RestaurantPOS14\RestaurantPOS14.vbproj]
L:\New Restauraunt Pos\src\RestaurantPOS14\RestaurantPOS14\RPOS_DBDataSet.vb(7591,20): error BC30456: 'LoyaltyMemberRowDeletingEvent' is not a member of 'RPOS_DBDataSet.LoyaltyMemberDataTable'. [L:\New Restauraunt Pos\src\RestaurantPOS14\RestaurantPOS14.vbproj]
L:\New Restauraunt Pos\src\RestaurantPOS14\RestaurantPOS14\RPOS_DBDataSet.vb(7592,32): error BC30451: 'LoyaltyMemberRowDeleting' is not declared. It may be inaccessible due to its protection level. [L:\New Restauraunt Pos\src\RestaurantPOS14\RestaurantPOS14.vbproj]
L:\New Restauraunt Pos\src\RestaurantPOS14\RestaurantPOS14\RPOS_DBDataSet.vb(6321,20): error BC30456: 'KitchenRowChangedEvent' is not a member of 'RPOS_DBDataSet.KitchenDataTable'. [L:\New Restauraunt Pos\src\RestaurantPOS14\RestaurantPOS14.vbproj]
L:\New Restauraunt Pos\src\RestaurantPOS14\RestaurantPOS14\RPOS_DBDataSet.vb(6322,32): error BC30451: 'KitchenRowChanged' is not declared. It may be inaccessible due to its protection level. [L:\New Restauraunt Pos\src\RestaurantPOS14\RestaurantPOS14.vbproj]
L:\New Restauraunt Pos\src\RestaurantPOS14\RestaurantPOS14\RPOS_DBDataSet.vb(6330,20): error BC30456: 'KitchenRowChangingEvent' is not a member of 'RPOS_DBDataSet.KitchenDataTable'. [L:\New Restauraunt Pos\src\RestaurantPOS14\RestaurantPOS14.vbproj]
L:\New Restauraunt Pos\src\RestaurantPOS14\RestaurantPOS14\RPOS_DBDataSet.vb(6331,32): error BC30451: 'KitchenRowChanging' is not declared. It may be inaccessible due to its protection level. [L:\New Restauraunt Pos\src\RestaurantPOS14\RestaurantPOS14.vbproj]
L:\New Restauraunt Pos\src\RestaurantPOS14\RestaurantPOS14\RPOS_DBDataSet.vb(6339,20): error BC30456: 'KitchenRowDeletedEvent' is not a member of 'RPOS_DBDataSet.KitchenDataTable'. [L:\New Restauraunt Pos\src\RestaurantPOS14\RestaurantPOS14.vbproj]
L:\New Restauraunt Pos\src\RestaurantPOS14\RestaurantPOS14\RPOS_DBDataSet.vb(6340,32): error BC30451: 'KitchenRowDeleted' is not declared. It may be inaccessible due to its protection level. [L:\New Restauraunt Pos\src\RestaurantPOS14\RestaurantPOS14.vbproj]
L:\New Restauraunt Pos\src\RestaurantPOS14\RestaurantPOS14\RPOS_DBDataSet.vb(6348,20): error BC30456: 'KitchenRowDeletingEvent' is not a member of 'RPOS_DBDataSet.KitchenDataTable'. [L:\New Restauraunt Pos\src\RestaurantPOS14\RestaurantPOS14.vbproj]
L:\New Restauraunt Pos\src\RestaurantPOS14\RestaurantPOS14\RPOS_DBDataSet.vb(6349,32): error BC30451: 'KitchenRowDeleting' is not declared. It may be inaccessible due to its protection level. [L:\New Restauraunt Pos\src\RestaurantPOS14\RestaurantPOS14.vbproj]
L:\New Restauraunt Pos\src\RestaurantPOS14\RestaurantPOS14\RPOS_DBDataSet.vb(6767,20): error BC30456: 'LedgerBookRowChangedEvent' is not a member of 'RPOS_DBDataSet.LedgerBookDataTable'. [L:\New Restauraunt Pos\src\RestaurantPOS14\RestaurantPOS14.vbproj]
L:\New Restauraunt Pos\src\RestaurantPOS14\RestaurantPOS14\RPOS_DBDataSet.vb(6768,32): error BC30451: 'LedgerBookRowChanged' is not declared. It may be inaccessible due to its protection level. [L:\New Restauraunt Pos\src\RestaurantPOS14\RestaurantPOS14.vbproj]
L:\New Restauraunt Pos\src\RestaurantPOS14\RestaurantPOS14\RPOS_DBDataSet.vb(6776,20): error BC30456: 'LedgerBookRowChangingEvent' is not a member of 'RPOS_DBDataSet.LedgerBookDataTable'. [L:\New Restauraunt Pos\src\RestaurantPOS14\RestaurantPOS14.vbproj]
L:\New Restauraunt Pos\src\RestaurantPOS14\RestaurantPOS14\RPOS_DBDataSet.vb(6777,32): error BC30451: 'LedgerBookRowChanging' is not declared. It may be inaccessible due to its protection level. [L:\New Restauraunt Pos\src\RestaurantPOS14\RestaurantPOS14.vbproj]
L:\New Restauraunt Pos\src\RestaurantPOS14\RestaurantPOS14\RPOS_DBDataSet.vb(6785,20): error BC30456: 'LedgerBookRowDeletedEvent' is not a member of 'RPOS_DBDataSet.LedgerBookDataTable'. [L:\New Restauraunt Pos\src\RestaurantPOS14\RestaurantPOS14.vbproj]
L:\New Restauraunt Pos\src\RestaurantPOS14\RestaurantPOS14\RPOS_DBDataSet.vb(6786,32): error BC30451: 'LedgerBookRowDeleted' is not declared. It may be inaccessible due to its protection level. [L:\New Restauraunt Pos\src\RestaurantPOS14\RestaurantPOS14.vbproj]
L:\New Restauraunt Pos\src\RestaurantPOS14\RestaurantPOS14\RPOS_DBDataSet.vb(6794,20): error BC30456: 'LedgerBookRowDeletingEvent' is not a member of 'RPOS_DBDataSet.LedgerBookDataTable'. [L:\New Restauraunt Pos\src\RestaurantPOS14\RestaurantPOS14.vbproj]
L:\New Restauraunt Pos\src\RestaurantPOS14\RestaurantPOS14\RPOS_DBDataSet.vb(6795,32): error BC30451: 'LedgerBookRowDeleting' is not declared. It may be inaccessible due to its protection level. [L:\New Restauraunt Pos\src\RestaurantPOS14\RestaurantPOS14.vbproj]
L:\New Restauraunt Pos\src\RestaurantPOS14\RestaurantPOS14\RPOS_DBDataSet.vb(7995,20): error BC30456: 'LoyaltyMemberLedgerBookRowChangedEvent' is not a member of 'RPOS_DBDataSet.LoyaltyMemberLedgerBookDataTable'. [L:\New Restauraunt Pos\src\RestaurantPOS14\RestaurantPOS14.vbproj]
L:\New Restauraunt Pos\src\RestaurantPOS14\RestaurantPOS14\RPOS_DBDataSet.vb(7996,32): error BC30451: 'LoyaltyMemberLedgerBookRowChanged' is not declared. It may be inaccessible due to its protection level. [L:\New Restauraunt Pos\src\RestaurantPOS14\RestaurantPOS14.vbproj]
L:\New Restauraunt Pos\src\RestaurantPOS14\RestaurantPOS14\RPOS_DBDataSet.vb(8004,20): error BC30456: 'LoyaltyMemberLedgerBookRowChangingEvent' is not a member of 'RPOS_DBDataSet.LoyaltyMemberLedgerBookDataTable'. [L:\New Restauraunt Pos\src\RestaurantPOS14\RestaurantPOS14.vbproj]
L:\New Restauraunt Pos\src\RestaurantPOS14\RestaurantPOS14\RPOS_DBDataSet.vb(8005,32): error BC30451: 'LoyaltyMemberLedgerBookRowChanging' is not declared. It may be inaccessible due to its protection level. [L:\New Restauraunt Pos\src\RestaurantPOS14\RestaurantPOS14.vbproj]
L:\New Restauraunt Pos\src\RestaurantPOS14\RestaurantPOS14\RPOS_DBDataSet.vb(8013,20): error BC30456: 'LoyaltyMemberLedgerBookRowDeletedEvent' is not a member of 'RPOS_DBDataSet.LoyaltyMemberLedgerBookDataTable'. [L:\New Restauraunt Pos\src\RestaurantPOS14\RestaurantPOS14.vbproj]
L:\New Restauraunt Pos\src\RestaurantPOS14\RestaurantPOS14\RPOS_DBDataSet.vb(8014,32): error BC30451: 'LoyaltyMemberLedgerBookRowDeleted' is not declared. It may be inaccessible due to its protection level. [L:\New Restauraunt Pos\src\RestaurantPOS14\RestaurantPOS14.vbproj]
L:\New Restauraunt Pos\src\RestaurantPOS14\RestaurantPOS14\RPOS_DBDataSet.vb(8022,20): error BC30456: 'LoyaltyMemberLedgerBookRowDeletingEvent' is not a member of 'RPOS_DBDataSet.LoyaltyMemberLedgerBookDataTable'. [L:\New Restauraunt Pos\src\RestaurantPOS14\RestaurantPOS14.vbproj]
L:\New Restauraunt Pos\src\RestaurantPOS14\RestaurantPOS14\RPOS_DBDataSet.vb(8023,32): error BC30451: 'LoyaltyMemberLedgerBookRowDeleting' is not declared. It may be inaccessible due to its protection level. [L:\New Restauraunt Pos\src\RestaurantPOS14\RestaurantPOS14.vbproj]
L:\New Restauraunt Pos\src\RestaurantPOS14\RestaurantPOS14\RPOS_DBDataSet.vb(5432,20): error BC30456: 'HDCustomerRowChangedEvent' is not a member of 'RPOS_DBDataSet.HDCustomerDataTable'. [L:\New Restauraunt Pos\src\RestaurantPOS14\RestaurantPOS14.vbproj]
L:\New Restauraunt Pos\src\RestaurantPOS14\RestaurantPOS14\RPOS_DBDataSet.vb(5433,32): error BC30451: 'HDCustomerRowChanged' is not declared. It may be inaccessible due to its protection level. [L:\New Restauraunt Pos\src\RestaurantPOS14\RestaurantPOS14.vbproj]
L:\New Restauraunt Pos\src\RestaurantPOS14\RestaurantPOS14\RPOS_DBDataSet.vb(5441,20): error BC30456: 'HDCustomerRowChangingEvent' is not a member of 'RPOS_DBDataSet.HDCustomerDataTable'. [L:\New Restauraunt Pos\src\RestaurantPOS14\RestaurantPOS14.vbproj]
L:\New Restauraunt Pos\src\RestaurantPOS14\RestaurantPOS14\RPOS_DBDataSet.vb(5442,32): error BC30451: 'HDCustomerRowChanging' is not declared. It may be inaccessible due to its protection level. [L:\New Restauraunt Pos\src\RestaurantPOS14\RestaurantPOS14.vbproj]
L:\New Restauraunt Pos\src\RestaurantPOS14\RestaurantPOS14\RPOS_DBDataSet.vb(5450,20): error BC30456: 'HDCustomerRowDeletedEvent' is not a member of 'RPOS_DBDataSet.HDCustomerDataTable'. [L:\New Restauraunt Pos\src\RestaurantPOS14\RestaurantPOS14.vbproj]
L:\New Restauraunt Pos\src\RestaurantPOS14\RestaurantPOS14\RPOS_DBDataSet.vb(5451,32): error BC30451: 'HDCustomerRowDeleted' is not declared. It may be inaccessible due to its protection level. [L:\New Restauraunt Pos\src\RestaurantPOS14\RestaurantPOS14.vbproj]
L:\New Restauraunt Pos\src\RestaurantPOS14\RestaurantPOS14\RPOS_DBDataSet.vb(5459,20): error BC30456: 'HDCustomerRowDeletingEvent' is not a member of 'RPOS_DBDataSet.HDCustomerDataTable'. [L:\New Restauraunt Pos\src\RestaurantPOS14\RestaurantPOS14.vbproj]
L:\New Restauraunt Pos\src\RestaurantPOS14\RestaurantPOS14\RPOS_DBDataSet.vb(5460,32): error BC30451: 'HDCustomerRowDeleting' is not declared. It may be inaccessible due to its protection level. [L:\New Restauraunt Pos\src\RestaurantPOS14\RestaurantPOS14.vbproj]
L:\New Restauraunt Pos\src\RestaurantPOS14\RestaurantPOS14\RPOS_DBDataSet.vb(4684,20): error BC30456: 'ExpenseTypeRowChangedEvent' is not a member of 'RPOS_DBDataSet.ExpenseTypeDataTable'. [L:\New Restauraunt Pos\src\RestaurantPOS14\RestaurantPOS14.vbproj]
L:\New Restauraunt Pos\src\RestaurantPOS14\RestaurantPOS14\RPOS_DBDataSet.vb(4685,32): error BC30451: 'ExpenseTypeRowChanged' is not declared. It may be inaccessible due to its protection level. [L:\New Restauraunt Pos\src\RestaurantPOS14\RestaurantPOS14.vbproj]
L:\New Restauraunt Pos\src\RestaurantPOS14\RestaurantPOS14\RPOS_DBDataSet.vb(4693,20): error BC30456: 'ExpenseTypeRowChangingEvent' is not a member of 'RPOS_DBDataSet.ExpenseTypeDataTable'. [L:\New Restauraunt Pos\src\RestaurantPOS14\RestaurantPOS14.vbproj]
L:\New Restauraunt Pos\src\RestaurantPOS14\RestaurantPOS14\RPOS_DBDataSet.vb(4694,32): error BC30451: 'ExpenseTypeRowChanging' is not declared. It may be inaccessible due to its protection level. [L:\New Restauraunt Pos\src\RestaurantPOS14\RestaurantPOS14.vbproj]
L:\New Restauraunt Pos\src\RestaurantPOS14\RestaurantPOS14\RPOS_DBDataSet.vb(4702,20): error BC30456: 'ExpenseTypeRowDeletedEvent' is not a member of 'RPOS_DBDataSet.ExpenseTypeDataTable'. [L:\New Restauraunt Pos\src\RestaurantPOS14\RestaurantPOS14.vbproj]
L:\New Restauraunt Pos\src\RestaurantPOS14\RestaurantPOS14\RPOS_DBDataSet.vb(4703,32): error BC30451: 'ExpenseTypeRowDeleted' is not declared. It may be inaccessible due to its protection level. [L:\New Restauraunt Pos\src\RestaurantPOS14\RestaurantPOS14.vbproj]
L:\New Restauraunt Pos\src\RestaurantPOS14\RestaurantPOS14\RPOS_DBDataSet.vb(4711,20): error BC30456: 'ExpenseTypeRowDeletingEvent' is not a member of 'RPOS_DBDataSet.ExpenseTypeDataTable'. [L:\New Restauraunt Pos\src\RestaurantPOS14\RestaurantPOS14.vbproj]
L:\New Restauraunt Pos\src\RestaurantPOS14\RestaurantPOS14\RPOS_DBDataSet.vb(4712,32): error BC30451: 'ExpenseTypeRowDeleting' is not declared. It may be inaccessible due to its protection level. [L:\New Restauraunt Pos\src\RestaurantPOS14\RestaurantPOS14.vbproj]
L:\New Restauraunt Pos\src\RestaurantPOS14\RestaurantPOS14\RPOS_DBDataSet.vb(5051,20): error BC30456: 'GridGroupingRowChangedEvent' is not a member of 'RPOS_DBDataSet.GridGroupingDataTable'. [L:\New Restauraunt Pos\src\RestaurantPOS14\RestaurantPOS14.vbproj]
L:\New Restauraunt Pos\src\RestaurantPOS14\RestaurantPOS14\RPOS_DBDataSet.vb(5052,32): error BC30451: 'GridGroupingRowChanged' is not declared. It may be inaccessible due to its protection level. [L:\New Restauraunt Pos\src\RestaurantPOS14\RestaurantPOS14.vbproj]
L:\New Restauraunt Pos\src\RestaurantPOS14\RestaurantPOS14\RPOS_DBDataSet.vb(5060,20): error BC30456: 'GridGroupingRowChangingEvent' is not a member of 'RPOS_DBDataSet.GridGroupingDataTable'. [L:\New Restauraunt Pos\src\RestaurantPOS14\RestaurantPOS14.vbproj]
L:\New Restauraunt Pos\src\RestaurantPOS14\RestaurantPOS14\RPOS_DBDataSet.vb(5061,32): error BC30451: 'GridGroupingRowChanging' is not declared. It may be inaccessible due to its protection level. [L:\New Restauraunt Pos\src\RestaurantPOS14\RestaurantPOS14.vbproj]
L:\New Restauraunt Pos\src\RestaurantPOS14\RestaurantPOS14\RPOS_DBDataSet.vb(5069,20): error BC30456: 'GridGroupingRowDeletedEvent' is not a member of 'RPOS_DBDataSet.GridGroupingDataTable'. [L:\New Restauraunt Pos\src\RestaurantPOS14\RestaurantPOS14.vbproj]
L:\New Restauraunt Pos\src\RestaurantPOS14\RestaurantPOS14\RPOS_DBDataSet.vb(5070,32): error BC30451: 'GridGroupingRowDeleted' is not declared. It may be inaccessible due to its protection level. [L:\New Restauraunt Pos\src\RestaurantPOS14\RestaurantPOS14.vbproj]
L:\New Restauraunt Pos\src\RestaurantPOS14\RestaurantPOS14\RPOS_DBDataSet.vb(5078,20): error BC30456: 'GridGroupingRowDeletingEvent' is not a member of 'RPOS_DBDataSet.GridGroupingDataTable'. [L:\New Restauraunt Pos\src\RestaurantPOS14\RestaurantPOS14.vbproj]
L:\New Restauraunt Pos\src\RestaurantPOS14\RestaurantPOS14\RPOS_DBDataSet.vb(5079,32): error BC30451: 'GridGroupingRowDeleting' is not declared. It may be inaccessible due to its protection level. [L:\New Restauraunt Pos\src\RestaurantPOS14\RestaurantPOS14.vbproj]
L:\New Restauraunt Pos\src\RestaurantPOS14\RestaurantPOS14\RPOS_DBDataSet1.vb(15647,20): error BC30456: 'ModifiersRowChangedEvent' is not a member of 'RPOS_DBDataSet1.ModifiersDataTable'. [L:\New Restauraunt Pos\src\RestaurantPOS14\RestaurantPOS14.vbproj]
L:\New Restauraunt Pos\src\RestaurantPOS14\RestaurantPOS14\RPOS_DBDataSet1.vb(15648,32): error BC30451: 'ModifiersRowChanged' is not declared. It may be inaccessible due to its protection level. [L:\New Restauraunt Pos\src\RestaurantPOS14\RestaurantPOS14.vbproj]
L:\New Restauraunt Pos\src\RestaurantPOS14\RestaurantPOS14\RPOS_DBDataSet1.vb(16405,20): error BC30456: 'NotesMasterRowChangedEvent' is not a member of 'RPOS_DBDataSet1.NotesMasterDataTable'. [L:\New Restauraunt Pos\src\RestaurantPOS14\RestaurantPOS14.vbproj]
L:\New Restauraunt Pos\src\RestaurantPOS14\RestaurantPOS14\RPOS_DBDataSet1.vb(16406,32): error BC30451: 'NotesMasterRowChanged' is not declared. It may be inaccessible due to its protection level. [L:\New Restauraunt Pos\src\RestaurantPOS14\RestaurantPOS14.vbproj]
L:\New Restauraunt Pos\src\RestaurantPOS14\RestaurantPOS14\RPOS_DBDataSet.vb(5955,20): error BC30456: 'HotelRowChangedEvent' is not a member of 'RPOS_DBDataSet.HotelDataTable'. [L:\New Restauraunt Pos\src\RestaurantPOS14\RestaurantPOS14.vbproj]
L:\New Restauraunt Pos\src\RestaurantPOS14\RestaurantPOS14\RPOS_DBDataSet.vb(5956,32): error BC30451: 'HotelRowChanged' is not declared. It may be inaccessible due to its protection level. [L:\New Restauraunt Pos\src\RestaurantPOS14\RestaurantPOS14.vbproj]
L:\New Restauraunt Pos\src\RestaurantPOS14\RestaurantPOS14\RPOS_DBDataSet1.vb(16414,20): error BC30456: 'NotesMasterRowChangingEvent' is not a member of 'RPOS_DBDataSet1.NotesMasterDataTable'. [L:\New Restauraunt Pos\src\RestaurantPOS14\RestaurantPOS14.vbproj]
L:\New Restauraunt Pos\src\RestaurantPOS14\RestaurantPOS14\RPOS_DBDataSet1.vb(16415,32): error BC30451: 'NotesMasterRowChanging' is not declared. It may be inaccessible due to its protection level. [L:\New Restauraunt Pos\src\RestaurantPOS14\RestaurantPOS14.vbproj]
L:\New Restauraunt Pos\src\RestaurantPOS14\RestaurantPOS14\RPOS_DBDataSet1.vb(15656,20): error BC30456: 'ModifiersRowChangingEvent' is not a member of 'RPOS_DBDataSet1.ModifiersDataTable'. [L:\New Restauraunt Pos\src\RestaurantPOS14\RestaurantPOS14.vbproj]
L:\New Restauraunt Pos\src\RestaurantPOS14\RestaurantPOS14\RPOS_DBDataSet1.vb(15657,32): error BC30451: 'ModifiersRowChanging' is not declared. It may be inaccessible due to its protection level. [L:\New Restauraunt Pos\src\RestaurantPOS14\RestaurantPOS14.vbproj]
L:\New Restauraunt Pos\src\RestaurantPOS14\RestaurantPOS14\RPOS_DBDataSet.vb(5964,20): error BC30456: 'HotelRowChangingEvent' is not a member of 'RPOS_DBDataSet.HotelDataTable'. [L:\New Restauraunt Pos\src\RestaurantPOS14\RestaurantPOS14.vbproj]
L:\New Restauraunt Pos\src\RestaurantPOS14\RestaurantPOS14\RPOS_DBDataSet.vb(5965,32): error BC30451: 'HotelRowChanging' is not declared. It may be inaccessible due to its protection level. [L:\New Restauraunt Pos\src\RestaurantPOS14\RestaurantPOS14.vbproj]
L:\New Restauraunt Pos\src\RestaurantPOS14\RestaurantPOS14\RPOS_DBDataSet1.vb(16423,20): error BC30456: 'NotesMasterRowDeletedEvent' is not a member of 'RPOS_DBDataSet1.NotesMasterDataTable'. [L:\New Restauraunt Pos\src\RestaurantPOS14\RestaurantPOS14.vbproj]
L:\New Restauraunt Pos\src\RestaurantPOS14\RestaurantPOS14\RPOS_DBDataSet1.vb(16424,32): error BC30451: 'NotesMasterRowDeleted' is not declared. It may be inaccessible due to its protection level. [L:\New Restauraunt Pos\src\RestaurantPOS14\RestaurantPOS14.vbproj]
L:\New Restauraunt Pos\src\RestaurantPOS14\RestaurantPOS14\RPOS_DBDataSet.vb(5973,20): error BC30456: 'HotelRowDeletedEvent' is not a member of 'RPOS_DBDataSet.HotelDataTable'. [L:\New Restauraunt Pos\src\RestaurantPOS14\RestaurantPOS14.vbproj]
L:\New Restauraunt Pos\src\RestaurantPOS14\RestaurantPOS14\RPOS_DBDataSet.vb(5974,32): error BC30451: 'HotelRowDeleted' is not declared. It may be inaccessible due to its protection level. [L:\New Restauraunt Pos\src\RestaurantPOS14\RestaurantPOS14.vbproj]
L:\New Restauraunt Pos\src\RestaurantPOS14\RestaurantPOS14\RPOS_DBDataSet1.vb(15665,20): error BC30456: 'ModifiersRowDeletedEvent' is not a member of 'RPOS_DBDataSet1.ModifiersDataTable'. [L:\New Restauraunt Pos\src\RestaurantPOS14\RestaurantPOS14.vbproj]
L:\New Restauraunt Pos\src\RestaurantPOS14\RestaurantPOS14\RPOS_DBDataSet1.vb(15666,32): error BC30451: 'ModifiersRowDeleted' is not declared. It may be inaccessible due to its protection level. [L:\New Restauraunt Pos\src\RestaurantPOS14\RestaurantPOS14.vbproj]
L:\New Restauraunt Pos\src\RestaurantPOS14\RestaurantPOS14\RPOS_DBDataSet1.vb(16432,20): error BC30456: 'NotesMasterRowDeletingEvent' is not a member of 'RPOS_DBDataSet1.NotesMasterDataTable'. [L:\New Restauraunt Pos\src\RestaurantPOS14\RestaurantPOS14.vbproj]
L:\New Restauraunt Pos\src\RestaurantPOS14\RestaurantPOS14\RPOS_DBDataSet1.vb(16433,32): error BC30451: 'NotesMasterRowDeleting' is not declared. It may be inaccessible due to its protection level. [L:\New Restauraunt Pos\src\RestaurantPOS14\RestaurantPOS14.vbproj]
L:\New Restauraunt Pos\src\RestaurantPOS14\RestaurantPOS14\RPOS_DBDataSet1.vb(15261,20): error BC30456: 'MemberLedgerRowChangedEvent' is not a member of 'RPOS_DBDataSet1.MemberLedgerDataTable'. [L:\New Restauraunt Pos\src\RestaurantPOS14\RestaurantPOS14.vbproj]
L:\New Restauraunt Pos\src\RestaurantPOS14\RestaurantPOS14\RPOS_DBDataSet1.vb(15262,32): error BC30451: 'MemberLedgerRowChanged' is not declared. It may be inaccessible due to its protection level. [L:\New Restauraunt Pos\src\RestaurantPOS14\RestaurantPOS14.vbproj]
L:\New Restauraunt Pos\src\RestaurantPOS14\RestaurantPOS14\RPOS_DBDataSet.vb(5982,20): error BC30456: 'HotelRowDeletingEvent' is not a member of 'RPOS_DBDataSet.HotelDataTable'. [L:\New Restauraunt Pos\src\RestaurantPOS14\RestaurantPOS14.vbproj]
L:\New Restauraunt Pos\src\RestaurantPOS14\RestaurantPOS14\RPOS_DBDataSet.vb(5983,32): error BC30451: 'HotelRowDeleting' is not declared. It may be inaccessible due to its protection level. [L:\New Restauraunt Pos\src\RestaurantPOS14\RestaurantPOS14.vbproj]
L:\New Restauraunt Pos\src\RestaurantPOS14\RestaurantPOS14\RPOS_DBDataSet1.vb(15674,20): error BC30456: 'ModifiersRowDeletingEvent' is not a member of 'RPOS_DBDataSet1.ModifiersDataTable'. [L:\New Restauraunt Pos\src\RestaurantPOS14\RestaurantPOS14.vbproj]
L:\New Restauraunt Pos\src\RestaurantPOS14\RestaurantPOS14\RPOS_DBDataSet1.vb(15675,32): error BC30451: 'ModifiersRowDeleting' is not declared. It may be inaccessible due to its protection level. [L:\New Restauraunt Pos\src\RestaurantPOS14\RestaurantPOS14.vbproj]
L:\New Restauraunt Pos\src\RestaurantPOS14\RestaurantPOS14\RPOS_DBDataSet1.vb(15270,20): error BC30456: 'MemberLedgerRowChangingEvent' is not a member of 'RPOS_DBDataSet1.MemberLedgerDataTable'. [L:\New Restauraunt Pos\src\RestaurantPOS14\RestaurantPOS14.vbproj]
L:\New Restauraunt Pos\src\RestaurantPOS14\RestaurantPOS14\RPOS_DBDataSet1.vb(15271,32): error BC30451: 'MemberLedgerRowChanging' is not declared. It may be inaccessible due to its protection level. [L:\New Restauraunt Pos\src\RestaurantPOS14\RestaurantPOS14.vbproj]
L:\New Restauraunt Pos\src\RestaurantPOS14\RestaurantPOS14\RPOS_DBDataSet1.vb(15279,20): error BC30456: 'MemberLedgerRowDeletedEvent' is not a member of 'RPOS_DBDataSet1.MemberLedgerDataTable'. [L:\New Restauraunt Pos\src\RestaurantPOS14\RestaurantPOS14.vbproj]
L:\New Restauraunt Pos\src\RestaurantPOS14\RestaurantPOS14\RPOS_DBDataSet1.vb(15280,32): error BC30451: 'MemberLedgerRowDeleted' is not declared. It may be inaccessible due to its protection level. [L:\New Restauraunt Pos\src\RestaurantPOS14\RestaurantPOS14.vbproj]
L:\New Restauraunt Pos\src\RestaurantPOS14\RestaurantPOS14\RPOS_DBDataSet1.vb(15288,20): error BC30456: 'MemberLedgerRowDeletingEvent' is not a member of 'RPOS_DBDataSet1.MemberLedgerDataTable'. [L:\New Restauraunt Pos\src\RestaurantPOS14\RestaurantPOS14.vbproj]
L:\New Restauraunt Pos\src\RestaurantPOS14\RestaurantPOS14\RPOS_DBDataSet1.vb(15289,32): error BC30451: 'MemberLedgerRowDeleting' is not declared. It may be inaccessible due to its protection level. [L:\New Restauraunt Pos\src\RestaurantPOS14\RestaurantPOS14.vbproj]
L:\New Restauraunt Pos\src\RestaurantPOS14\RestaurantPOS14\RPOS_DBDataSet1.vb(17440,20): error BC30456: 'PaymentRowChangedEvent' is not a member of 'RPOS_DBDataSet1.PaymentDataTable'. [L:\New Restauraunt Pos\src\RestaurantPOS14\RestaurantPOS14.vbproj]
L:\New Restauraunt Pos\src\RestaurantPOS14\RestaurantPOS14\RPOS_DBDataSet1.vb(17441,32): error BC30451: 'PaymentRowChanged' is not declared. It may be inaccessible due to its protection level. [L:\New Restauraunt Pos\src\RestaurantPOS14\RestaurantPOS14.vbproj]
L:\New Restauraunt Pos\src\RestaurantPOS14\RestaurantPOS14\RPOS_DBDataSet1.vb(17449,20): error BC30456: 'PaymentRowChangingEvent' is not a member of 'RPOS_DBDataSet1.PaymentDataTable'. [L:\New Restauraunt Pos\src\RestaurantPOS14\RestaurantPOS14.vbproj]
L:\New Restauraunt Pos\src\RestaurantPOS14\RestaurantPOS14\RPOS_DBDataSet1.vb(17450,32): error BC30451: 'PaymentRowChanging' is not declared. It may be inaccessible due to its protection level. [L:\New Restauraunt Pos\src\RestaurantPOS14\RestaurantPOS14.vbproj]
L:\New Restauraunt Pos\src\RestaurantPOS14\RestaurantPOS14\RPOS_DBDataSet1.vb(17458,20): error BC30456: 'PaymentRowDeletedEvent' is not a member of 'RPOS_DBDataSet1.PaymentDataTable'. [L:\New Restauraunt Pos\src\RestaurantPOS14\RestaurantPOS14.vbproj]
L:\New Restauraunt Pos\src\RestaurantPOS14\RestaurantPOS14\RPOS_DBDataSet1.vb(17459,32): error BC30451: 'PaymentRowDeleted' is not declared. It may be inaccessible due to its protection level. [L:\New Restauraunt Pos\src\RestaurantPOS14\RestaurantPOS14.vbproj]
L:\New Restauraunt Pos\src\RestaurantPOS14\RestaurantPOS14\RPOS_DBDataSet1.vb(16062,20): error BC30456: 'MpesaSettingRowChangedEvent' is not a member of 'RPOS_DBDataSet1.MpesaSettingDataTable'. [L:\New Restauraunt Pos\src\RestaurantPOS14\RestaurantPOS14.vbproj]
L:\New Restauraunt Pos\src\RestaurantPOS14\RestaurantPOS14\RPOS_DBDataSet1.vb(16063,32): error BC30451: 'MpesaSettingRowChanged' is not declared. It may be inaccessible due to its protection level. [L:\New Restauraunt Pos\src\RestaurantPOS14\RestaurantPOS14.vbproj]
L:\New Restauraunt Pos\src\RestaurantPOS14\RestaurantPOS14\RPOS_DBDataSet1.vb(17467,20): error BC30456: 'PaymentRowDeletingEvent' is not a member of 'RPOS_DBDataSet1.PaymentDataTable'. [L:\New Restauraunt Pos\src\RestaurantPOS14\RestaurantPOS14.vbproj]
L:\New Restauraunt Pos\src\RestaurantPOS14\RestaurantPOS14\RPOS_DBDataSet1.vb(17468,32): error BC30451: 'PaymentRowDeleting' is not declared. It may be inaccessible due to its protection level. [L:\New Restauraunt Pos\src\RestaurantPOS14\RestaurantPOS14.vbproj]
L:\New Restauraunt Pos\src\RestaurantPOS14\RestaurantPOS14\RPOS_DBDataSet1.vb(16071,20): error BC30456: 'MpesaSettingRowChangingEvent' is not a member of 'RPOS_DBDataSet1.MpesaSettingDataTable'. [L:\New Restauraunt Pos\src\RestaurantPOS14\RestaurantPOS14.vbproj]
L:\New Restauraunt Pos\src\RestaurantPOS14\RestaurantPOS14\RPOS_DBDataSet1.vb(16072,32): error BC30451: 'MpesaSettingRowChanging' is not declared. It may be inaccessible due to its protection level. [L:\New Restauraunt Pos\src\RestaurantPOS14\RestaurantPOS14.vbproj]
L:\New Restauraunt Pos\src\RestaurantPOS14\RestaurantPOS14\RPOS_DBDataSet1.vb(16080,20): error BC30456: 'MpesaSettingRowDeletedEvent' is not a member of 'RPOS_DBDataSet1.MpesaSettingDataTable'. [L:\New Restauraunt Pos\src\RestaurantPOS14\RestaurantPOS14.vbproj]
L:\New Restauraunt Pos\src\RestaurantPOS14\RestaurantPOS14\RPOS_DBDataSet1.vb(16081,32): error BC30451: 'MpesaSettingRowDeleted' is not declared. It may be inaccessible due to its protection level. [L:\New Restauraunt Pos\src\RestaurantPOS14\RestaurantPOS14.vbproj]
L:\New Restauraunt Pos\src\RestaurantPOS14\RestaurantPOS14\RPOS_DBDataSet1.vb(16089,20): error BC30456: 'MpesaSettingRowDeletingEvent' is not a member of 'RPOS_DBDataSet1.MpesaSettingDataTable'. [L:\New Restauraunt Pos\src\RestaurantPOS14\RestaurantPOS14.vbproj]
L:\New Restauraunt Pos\src\RestaurantPOS14\RestaurantPOS14\RPOS_DBDataSet1.vb(16090,32): error BC30451: 'MpesaSettingRowDeleting' is not declared. It may be inaccessible due to its protection level. [L:\New Restauraunt Pos\src\RestaurantPOS14\RestaurantPOS14.vbproj]
L:\New Restauraunt Pos\src\RestaurantPOS14\RestaurantPOS14\RPOS_DBDataSet1.vb(17870,20): error BC30456: 'Payment_WithdrawRowChangedEvent' is not a member of 'RPOS_DBDataSet1.Payment_WithdrawDataTable'. [L:\New Restauraunt Pos\src\RestaurantPOS14\RestaurantPOS14.vbproj]
L:\New Restauraunt Pos\src\RestaurantPOS14\RestaurantPOS14\RPOS_DBDataSet1.vb(17871,32): error BC30451: 'Payment_WithdrawRowChanged' is not declared. It may be inaccessible due to its protection level. [L:\New Restauraunt Pos\src\RestaurantPOS14\RestaurantPOS14.vbproj]
L:\New Restauraunt Pos\src\RestaurantPOS14\RestaurantPOS14\RPOS_DBDataSet1.vb(17879,20): error BC30456: 'Payment_WithdrawRowChangingEvent' is not a member of 'RPOS_DBDataSet1.Payment_WithdrawDataTable'. [L:\New Restauraunt Pos\src\RestaurantPOS14\RestaurantPOS14.vbproj]
L:\New Restauraunt Pos\src\RestaurantPOS14\RestaurantPOS14\RPOS_DBDataSet1.vb(17880,32): error BC30451: 'Payment_WithdrawRowChanging' is not declared. It may be inaccessible due to its protection level. [L:\New Restauraunt Pos\src\RestaurantPOS14\RestaurantPOS14.vbproj]
L:\New Restauraunt Pos\src\RestaurantPOS14\RestaurantPOS14\RPOS_DBDataSet1.vb(17888,20): error BC30456: 'Payment_WithdrawRowDeletedEvent' is not a member of 'RPOS_DBDataSet1.Payment_WithdrawDataTable'. [L:\New Restauraunt Pos\src\RestaurantPOS14\RestaurantPOS14.vbproj]
L:\New Restauraunt Pos\src\RestaurantPOS14\RestaurantPOS14\RPOS_DBDataSet1.vb(17889,32): error BC30451: 'Payment_WithdrawRowDeleted' is not declared. It may be inaccessible due to its protection level. [L:\New Restauraunt Pos\src\RestaurantPOS14\RestaurantPOS14.vbproj]
L:\New Restauraunt Pos\src\RestaurantPOS14\RestaurantPOS14\RPOS_DBDataSet1.vb(17897,20): error BC30456: 'Payment_WithdrawRowDeletingEvent' is not a member of 'RPOS_DBDataSet1.Payment_WithdrawDataTable'. [L:\New Restauraunt Pos\src\RestaurantPOS14\RestaurantPOS14.vbproj]
L:\New Restauraunt Pos\src\RestaurantPOS14\RestaurantPOS14\RPOS_DBDataSet1.vb(17898,32): error BC30451: 'Payment_WithdrawRowDeleting' is not declared. It may be inaccessible due to its protection level. [L:\New Restauraunt Pos\src\RestaurantPOS14\RestaurantPOS14.vbproj]
L:\New Restauraunt Pos\src\RestaurantPOS14\RestaurantPOS14\RPOS_DBDataSet1.vb(17011,20): error BC30456: 'OtherSettingRowChangedEvent' is not a member of 'RPOS_DBDataSet1.OtherSettingDataTable'. [L:\New Restauraunt Pos\src\RestaurantPOS14\RestaurantPOS14.vbproj]
L:\New Restauraunt Pos\src\RestaurantPOS14\RestaurantPOS14\RPOS_DBDataSet1.vb(17012,32): error BC30451: 'OtherSettingRowChanged' is not declared. It may be inaccessible due to its protection level. [L:\New Restauraunt Pos\src\RestaurantPOS14\RestaurantPOS14.vbproj]
L:\New Restauraunt Pos\src\RestaurantPOS14\RestaurantPOS14\RPOS_DBDataSet1.vb(17020,20): error BC30456: 'OtherSettingRowChangingEvent' is not a member of 'RPOS_DBDataSet1.OtherSettingDataTable'. [L:\New Restauraunt Pos\src\RestaurantPOS14\RestaurantPOS14.vbproj]
L:\New Restauraunt Pos\src\RestaurantPOS14\RestaurantPOS14\RPOS_DBDataSet1.vb(17021,32): error BC30451: 'OtherSettingRowChanging' is not declared. It may be inaccessible due to its protection level. [L:\New Restauraunt Pos\src\RestaurantPOS14\RestaurantPOS14.vbproj]
L:\New Restauraunt Pos\src\RestaurantPOS14\RestaurantPOS14\RPOS_DBDataSet1.vb(17029,20): error BC30456: 'OtherSettingRowDeletedEvent' is not a member of 'RPOS_DBDataSet1.OtherSettingDataTable'. [L:\New Restauraunt Pos\src\RestaurantPOS14\RestaurantPOS14.vbproj]
L:\New Restauraunt Pos\src\RestaurantPOS14\RestaurantPOS14\RPOS_DBDataSet1.vb(17030,32): error BC30451: 'OtherSettingRowDeleted' is not declared. It may be inaccessible due to its protection level. [L:\New Restauraunt Pos\src\RestaurantPOS14\RestaurantPOS14.vbproj]
L:\New Restauraunt Pos\src\RestaurantPOS14\RestaurantPOS14\RPOS_DBDataSet1.vb(17038,20): error BC30456: 'OtherSettingRowDeletingEvent' is not a member of 'RPOS_DBDataSet1.OtherSettingDataTable'. [L:\New Restauraunt Pos\src\RestaurantPOS14\RestaurantPOS14.vbproj]
L:\New Restauraunt Pos\src\RestaurantPOS14\RestaurantPOS14\RPOS_DBDataSet1.vb(17039,32): error BC30451: 'OtherSettingRowDeleting' is not declared. It may be inaccessible due to its protection level. [L:\New Restauraunt Pos\src\RestaurantPOS14\RestaurantPOS14.vbproj]
L:\New Restauraunt Pos\src\RestaurantPOS14\RestaurantPOS14\RPOS_DBDataSet1.vb(19389,20): error BC30456: 'PizzaMasterRowChangedEvent' is not a member of 'RPOS_DBDataSet1.PizzaMasterDataTable'. [L:\New Restauraunt Pos\src\RestaurantPOS14\RestaurantPOS14.vbproj]
L:\New Restauraunt Pos\src\RestaurantPOS14\RestaurantPOS14\RPOS_DBDataSet1.vb(19390,32): error BC30451: 'PizzaMasterRowChanged' is not declared. It may be inaccessible due to its protection level. [L:\New Restauraunt Pos\src\RestaurantPOS14\RestaurantPOS14.vbproj]
L:\New Restauraunt Pos\src\RestaurantPOS14\RestaurantPOS14\RPOS_DBDataSet1.vb(19398,20): error BC30456: 'PizzaMasterRowChangingEvent' is not a member of 'RPOS_DBDataSet1.PizzaMasterDataTable'. [L:\New Restauraunt Pos\src\RestaurantPOS14\RestaurantPOS14.vbproj]
L:\New Restauraunt Pos\src\RestaurantPOS14\RestaurantPOS14\RPOS_DBDataSet1.vb(19399,32): error BC30451: 'PizzaMasterRowChanging' is not declared. It may be inaccessible due to its protection level. [L:\New Restauraunt Pos\src\RestaurantPOS14\RestaurantPOS14.vbproj]
L:\New Restauraunt Pos\src\RestaurantPOS14\RestaurantPOS14\RPOS_DBDataSet1.vb(19407,20): error BC30456: 'PizzaMasterRowDeletedEvent' is not a member of 'RPOS_DBDataSet1.PizzaMasterDataTable'. [L:\New Restauraunt Pos\src\RestaurantPOS14\RestaurantPOS14.vbproj]
L:\New Restauraunt Pos\src\RestaurantPOS14\RestaurantPOS14\RPOS_DBDataSet1.vb(19408,32): error BC30451: 'PizzaMasterRowDeleted' is not declared. It may be inaccessible due to its protection level. [L:\New Restauraunt Pos\src\RestaurantPOS14\RestaurantPOS14.vbproj]
L:\New Restauraunt Pos\src\RestaurantPOS14\RestaurantPOS14\RPOS_DBDataSet1.vb(19416,20): error BC30456: 'PizzaMasterRowDeletingEvent' is not a member of 'RPOS_DBDataSet1.PizzaMasterDataTable'. [L:\New Restauraunt Pos\src\RestaurantPOS14\RestaurantPOS14.vbproj]
L:\New Restauraunt Pos\src\RestaurantPOS14\RestaurantPOS14\RPOS_DBDataSet1.vb(19417,32): error BC30451: 'PizzaMasterRowDeleting' is not declared. It may be inaccessible due to its protection level. [L:\New Restauraunt Pos\src\RestaurantPOS14\RestaurantPOS14.vbproj]
L:\New Restauraunt Pos\src\RestaurantPOS14\RestaurantPOS14\RPOS_DBDataSet1.vb(18423,20): error BC30456: 'PayrollRowChangedEvent' is not a member of 'RPOS_DBDataSet1.PayrollDataTable'. [L:\New Restauraunt Pos\src\RestaurantPOS14\RestaurantPOS14.vbproj]
L:\New Restauraunt Pos\src\RestaurantPOS14\RestaurantPOS14\RPOS_DBDataSet1.vb(18424,32): error BC30451: 'PayrollRowChanged' is not declared. It may be inaccessible due to its protection level. [L:\New Restauraunt Pos\src\RestaurantPOS14\RestaurantPOS14.vbproj]
L:\New Restauraunt Pos\src\RestaurantPOS14\RestaurantPOS14\RPOS_DBDataSet1.vb(18432,20): error BC30456: 'PayrollRowChangingEvent' is not a member of 'RPOS_DBDataSet1.PayrollDataTable'. [L:\New Restauraunt Pos\src\RestaurantPOS14\RestaurantPOS14.vbproj]
L:\New Restauraunt Pos\src\RestaurantPOS14\RestaurantPOS14\RPOS_DBDataSet1.vb(18433,32): error BC30451: 'PayrollRowChanging' is not declared. It may be inaccessible due to its protection level. [L:\New Restauraunt Pos\src\RestaurantPOS14\RestaurantPOS14.vbproj]
L:\New Restauraunt Pos\src\RestaurantPOS14\RestaurantPOS14\RPOS_DBDataSet1.vb(18441,20): error BC30456: 'PayrollRowDeletedEvent' is not a member of 'RPOS_DBDataSet1.PayrollDataTable'. [L:\New Restauraunt Pos\src\RestaurantPOS14\RestaurantPOS14.vbproj]
L:\New Restauraunt Pos\src\RestaurantPOS14\RestaurantPOS14\RPOS_DBDataSet1.vb(18442,32): error BC30451: 'PayrollRowDeleted' is not declared. It may be inaccessible due to its protection level. [L:\New Restauraunt Pos\src\RestaurantPOS14\RestaurantPOS14.vbproj]
L:\New Restauraunt Pos\src\RestaurantPOS14\RestaurantPOS14\RPOS_DBDataSet1.vb(18450,20): error BC30456: 'PayrollRowDeletingEvent' is not a member of 'RPOS_DBDataSet1.PayrollDataTable'. [L:\New Restauraunt Pos\src\RestaurantPOS14\RestaurantPOS14.vbproj]
L:\New Restauraunt Pos\src\RestaurantPOS14\RestaurantPOS14\RPOS_DBDataSet1.vb(18451,32): error BC30451: 'PayrollRowDeleting' is not declared. It may be inaccessible due to its protection level. [L:\New Restauraunt Pos\src\RestaurantPOS14\RestaurantPOS14.vbproj]
L:\New Restauraunt Pos\src\RestaurantPOS14\RestaurantPOS14\RPOS_DBDataSet1.vb(19773,20): error BC30456: 'PizzaModifierRowChangedEvent' is not a member of 'RPOS_DBDataSet1.PizzaModifierDataTable'. [L:\New Restauraunt Pos\src\RestaurantPOS14\RestaurantPOS14.vbproj]
L:\New Restauraunt Pos\src\RestaurantPOS14\RestaurantPOS14\RPOS_DBDataSet1.vb(19774,32): error BC30451: 'PizzaModifierRowChanged' is not declared. It may be inaccessible due to its protection level. [L:\New Restauraunt Pos\src\RestaurantPOS14\RestaurantPOS14.vbproj]
L:\New Restauraunt Pos\src\RestaurantPOS14\RestaurantPOS14\RPOS_DBDataSet1.vb(19782,20): error BC30456: 'PizzaModifierRowChangingEvent' is not a member of 'RPOS_DBDataSet1.PizzaModifierDataTable'. [L:\New Restauraunt Pos\src\RestaurantPOS14\RestaurantPOS14.vbproj]
L:\New Restauraunt Pos\src\RestaurantPOS14\RestaurantPOS14\RPOS_DBDataSet1.vb(19783,32): error BC30451: 'PizzaModifierRowChanging' is not declared. It may be inaccessible due to its protection level. [L:\New Restauraunt Pos\src\RestaurantPOS14\RestaurantPOS14.vbproj]
L:\New Restauraunt Pos\src\RestaurantPOS14\RestaurantPOS14\RPOS_DBDataSet1.vb(19791,20): error BC30456: 'PizzaModifierRowDeletedEvent' is not a member of 'RPOS_DBDataSet1.PizzaModifierDataTable'. [L:\New Restauraunt Pos\src\RestaurantPOS14\RestaurantPOS14.vbproj]
L:\New Restauraunt Pos\src\RestaurantPOS14\RestaurantPOS14\RPOS_DBDataSet1.vb(19792,32): error BC30451: 'PizzaModifierRowDeleted' is not declared. It may be inaccessible due to its protection level. [L:\New Restauraunt Pos\src\RestaurantPOS14\RestaurantPOS14.vbproj]
L:\New Restauraunt Pos\src\RestaurantPOS14\RestaurantPOS14\RPOS_DBDataSet1.vb(19800,20): error BC30456: 'PizzaModifierRowDeletingEvent' is not a member of 'RPOS_DBDataSet1.PizzaModifierDataTable'. [L:\New Restauraunt Pos\src\RestaurantPOS14\RestaurantPOS14.vbproj]
L:\New Restauraunt Pos\src\RestaurantPOS14\RestaurantPOS14\RPOS_DBDataSet1.vb(19801,32): error BC30451: 'PizzaModifierRowDeleting' is not declared. It may be inaccessible due to its protection level. [L:\New Restauraunt Pos\src\RestaurantPOS14\RestaurantPOS14.vbproj]
L:\New Restauraunt Pos\src\RestaurantPOS14\RestaurantPOS14\RPOS_DBDataSet1.vb(20497,20): error BC30456: 'PizzaToppingRowChangedEvent' is not a member of 'RPOS_DBDataSet1.PizzaToppingDataTable'. [L:\New Restauraunt Pos\src\RestaurantPOS14\RestaurantPOS14.vbproj]
L:\New Restauraunt Pos\src\RestaurantPOS14\RestaurantPOS14\RPOS_DBDataSet1.vb(20498,32): error BC30451: 'PizzaToppingRowChanged' is not declared. It may be inaccessible due to its protection level. [L:\New Restauraunt Pos\src\RestaurantPOS14\RestaurantPOS14.vbproj]
L:\New Restauraunt Pos\src\RestaurantPOS14\RestaurantPOS14\RPOS_DBDataSet1.vb(20506,20): error BC30456: 'PizzaToppingRowChangingEvent' is not a member of 'RPOS_DBDataSet1.PizzaToppingDataTable'. [L:\New Restauraunt Pos\src\RestaurantPOS14\RestaurantPOS14.vbproj]
L:\New Restauraunt Pos\src\RestaurantPOS14\RestaurantPOS14\RPOS_DBDataSet1.vb(20507,32): error BC30451: 'PizzaToppingRowChanging' is not declared. It may be inaccessible due to its protection level. [L:\New Restauraunt Pos\src\RestaurantPOS14\RestaurantPOS14.vbproj]
L:\New Restauraunt Pos\src\RestaurantPOS14\RestaurantPOS14\RPOS_DBDataSet1.vb(20515,20): error BC30456: 'PizzaToppingRowDeletedEvent' is not a member of 'RPOS_DBDataSet1.PizzaToppingDataTable'. [L:\New Restauraunt Pos\src\RestaurantPOS14\RestaurantPOS14.vbproj]
L:\New Restauraunt Pos\src\RestaurantPOS14\RestaurantPOS14\RPOS_DBDataSet1.vb(20516,32): error BC30451: 'PizzaToppingRowDeleted' is not declared. It may be inaccessible due to its protection level. [L:\New Restauraunt Pos\src\RestaurantPOS14\RestaurantPOS14.vbproj]
L:\New Restauraunt Pos\src\RestaurantPOS14\RestaurantPOS14\RPOS_DBDataSet1.vb(20524,20): error BC30456: 'PizzaToppingRowDeletingEvent' is not a member of 'RPOS_DBDataSet1.PizzaToppingDataTable'. [L:\New Restauraunt Pos\src\RestaurantPOS14\RestaurantPOS14.vbproj]
L:\New Restauraunt Pos\src\RestaurantPOS14\RestaurantPOS14\RPOS_DBDataSet1.vb(20525,32): error BC30451: 'PizzaToppingRowDeleting' is not declared. It may be inaccessible due to its protection level. [L:\New Restauraunt Pos\src\RestaurantPOS14\RestaurantPOS14.vbproj]
L:\New Restauraunt Pos\src\RestaurantPOS14\RestaurantPOS14\RPOS_DBDataSet1.vb(21050,20): error BC30456: 'PosGroupingRowChangedEvent' is not a member of 'RPOS_DBDataSet1.PosGroupingDataTable'. [L:\New Restauraunt Pos\src\RestaurantPOS14\RestaurantPOS14.vbproj]
L:\New Restauraunt Pos\src\RestaurantPOS14\RestaurantPOS14\RPOS_DBDataSet1.vb(21051,32): error BC30451: 'PosGroupingRowChanged' is not declared. It may be inaccessible due to its protection level. [L:\New Restauraunt Pos\src\RestaurantPOS14\RestaurantPOS14.vbproj]
L:\New Restauraunt Pos\src\RestaurantPOS14\RestaurantPOS14\RPOS_DBDataSet1.vb(21059,20): error BC30456: 'PosGroupingRowChangingEvent' is not a member of 'RPOS_DBDataSet1.PosGroupingDataTable'. [L:\New Restauraunt Pos\src\RestaurantPOS14\RestaurantPOS14.vbproj]
L:\New Restauraunt Pos\src\RestaurantPOS14\RestaurantPOS14\RPOS_DBDataSet1.vb(21060,32): error BC30451: 'PosGroupingRowChanging' is not declared. It may be inaccessible due to its protection level. [L:\New Restauraunt Pos\src\RestaurantPOS14\RestaurantPOS14.vbproj]
L:\New Restauraunt Pos\src\RestaurantPOS14\RestaurantPOS14\RPOS_DBDataSet1.vb(21068,20): error BC30456: 'PosGroupingRowDeletedEvent' is not a member of 'RPOS_DBDataSet1.PosGroupingDataTable'. [L:\New Restauraunt Pos\src\RestaurantPOS14\RestaurantPOS14.vbproj]
L:\New Restauraunt Pos\src\RestaurantPOS14\RestaurantPOS14\RPOS_DBDataSet1.vb(21069,32): error BC30451: 'PosGroupingRowDeleted' is not declared. It may be inaccessible due to its protection level. [L:\New Restauraunt Pos\src\RestaurantPOS14\RestaurantPOS14.vbproj]
L:\New Restauraunt Pos\src\RestaurantPOS14\RestaurantPOS14\RPOS_DBDataSet1.vb(21077,20): error BC30456: 'PosGroupingRowDeletingEvent' is not a member of 'RPOS_DBDataSet1.PosGroupingDataTable'. [L:\New Restauraunt Pos\src\RestaurantPOS14\RestaurantPOS14.vbproj]
L:\New Restauraunt Pos\src\RestaurantPOS14\RestaurantPOS14\RPOS_DBDataSet1.vb(21078,32): error BC30451: 'PosGroupingRowDeleting' is not declared. It may be inaccessible due to its protection level. [L:\New Restauraunt Pos\src\RestaurantPOS14\RestaurantPOS14.vbproj]
L:\New Restauraunt Pos\src\RestaurantPOS14\RestaurantPOS14\RPOS_DBDataSet1.vb(18980,20): error BC30456: 'Payroll_MBRowChangedEvent' is not a member of 'RPOS_DBDataSet1.Payroll_MBDataTable'. [L:\New Restauraunt Pos\src\RestaurantPOS14\RestaurantPOS14.vbproj]
L:\New Restauraunt Pos\src\RestaurantPOS14\RestaurantPOS14\RPOS_DBDataSet1.vb(18981,32): error BC30451: 'Payroll_MBRowChanged' is not declared. It may be inaccessible due to its protection level. [L:\New Restauraunt Pos\src\RestaurantPOS14\RestaurantPOS14.vbproj]
L:\New Restauraunt Pos\src\RestaurantPOS14\RestaurantPOS14\RPOS_DBDataSet1.vb(18989,20): error BC30456: 'Payroll_MBRowChangingEvent' is not a member of 'RPOS_DBDataSet1.Payroll_MBDataTable'. [L:\New Restauraunt Pos\src\RestaurantPOS14\RestaurantPOS14.vbproj]
L:\New Restauraunt Pos\src\RestaurantPOS14\RestaurantPOS14\RPOS_DBDataSet1.vb(18990,32): error BC30451: 'Payroll_MBRowChanging' is not declared. It may be inaccessible due to its protection level. [L:\New Restauraunt Pos\src\RestaurantPOS14\RestaurantPOS14.vbproj]
L:\New Restauraunt Pos\src\RestaurantPOS14\RestaurantPOS14\RPOS_DBDataSet1.vb(18998,20): error BC30456: 'Payroll_MBRowDeletedEvent' is not a member of 'RPOS_DBDataSet1.Payroll_MBDataTable'. [L:\New Restauraunt Pos\src\RestaurantPOS14\RestaurantPOS14.vbproj]
L:\New Restauraunt Pos\src\RestaurantPOS14\RestaurantPOS14\RPOS_DBDataSet1.vb(18999,32): error BC30451: 'Payroll_MBRowDeleted' is not declared. It may be inaccessible due to its protection level. [L:\New Restauraunt Pos\src\RestaurantPOS14\RestaurantPOS14.vbproj]
L:\New Restauraunt Pos\src\RestaurantPOS14\RestaurantPOS14\RPOS_DBDataSet1.vb(19007,20): error BC30456: 'Payroll_MBRowDeletingEvent' is not a member of 'RPOS_DBDataSet1.Payroll_MBDataTable'. [L:\New Restauraunt Pos\src\RestaurantPOS14\RestaurantPOS14.vbproj]
L:\New Restauraunt Pos\src\RestaurantPOS14\RestaurantPOS14\RPOS_DBDataSet1.vb(19008,32): error BC30451: 'Payroll_MBRowDeleting' is not declared. It may be inaccessible due to its protection level. [L:\New Restauraunt Pos\src\RestaurantPOS14\RestaurantPOS14.vbproj]
L:\New Restauraunt Pos\src\RestaurantPOS14\RestaurantPOS14\RPOS_DBDataSet1.vb(22621,20): error BC30456: 'ProductRowChangedEvent' is not a member of 'RPOS_DBDataSet1.ProductDataTable'. [L:\New Restauraunt Pos\src\RestaurantPOS14\RestaurantPOS14.vbproj]
L:\New Restauraunt Pos\src\RestaurantPOS14\RestaurantPOS14\RPOS_DBDataSet1.vb(22622,32): error BC30451: 'ProductRowChanged' is not declared. It may be inaccessible due to its protection level. [L:\New Restauraunt Pos\src\RestaurantPOS14\RestaurantPOS14.vbproj]
L:\New Restauraunt Pos\src\RestaurantPOS14\RestaurantPOS14\RPOS_DBDataSet1.vb(22630,20): error BC30456: 'ProductRowChangingEvent' is not a member of 'RPOS_DBDataSet1.ProductDataTable'. [L:\New Restauraunt Pos\src\RestaurantPOS14\RestaurantPOS14.vbproj]
L:\New Restauraunt Pos\src\RestaurantPOS14\RestaurantPOS14\RPOS_DBDataSet1.vb(22631,32): error BC30451: 'ProductRowChanging' is not declared. It may be inaccessible due to its protection level. [L:\New Restauraunt Pos\src\RestaurantPOS14\RestaurantPOS14.vbproj]
L:\New Restauraunt Pos\src\RestaurantPOS14\RestaurantPOS14\RPOS_DBDataSet1.vb(22639,20): error BC30456: 'ProductRowDeletedEvent' is not a member of 'RPOS_DBDataSet1.ProductDataTable'. [L:\New Restauraunt Pos\src\RestaurantPOS14\RestaurantPOS14.vbproj]
L:\New Restauraunt Pos\src\RestaurantPOS14\RestaurantPOS14\RPOS_DBDataSet1.vb(22640,32): error BC30451: 'ProductRowDeleted' is not declared. It may be inaccessible due to its protection level. [L:\New Restauraunt Pos\src\RestaurantPOS14\RestaurantPOS14.vbproj]
L:\New Restauraunt Pos\src\RestaurantPOS14\RestaurantPOS14\RPOS_DBDataSet1.vb(22172,20): error BC30456: 'PosPrinterSettingRowChangedEvent' is not a member of 'RPOS_DBDataSet1.PosPrinterSettingDataTable'. [L:\New Restauraunt Pos\src\RestaurantPOS14\RestaurantPOS14.vbproj]
L:\New Restauraunt Pos\src\RestaurantPOS14\RestaurantPOS14\RPOS_DBDataSet1.vb(22173,32): error BC30451: 'PosPrinterSettingRowChanged' is not declared. It may be inaccessible due to its protection level. [L:\New Restauraunt Pos\src\RestaurantPOS14\RestaurantPOS14.vbproj]
L:\New Restauraunt Pos\src\RestaurantPOS14\RestaurantPOS14\RPOS_DBDataSet1.vb(22648,20): error BC30456: 'ProductRowDeletingEvent' is not a member of 'RPOS_DBDataSet1.ProductDataTable'. [L:\New Restauraunt Pos\src\RestaurantPOS14\RestaurantPOS14.vbproj]
L:\New Restauraunt Pos\src\RestaurantPOS14\RestaurantPOS14\RPOS_DBDataSet1.vb(22649,32): error BC30451: 'ProductRowDeleting' is not declared. It may be inaccessible due to its protection level. [L:\New Restauraunt Pos\src\RestaurantPOS14\RestaurantPOS14.vbproj]
L:\New Restauraunt Pos\src\RestaurantPOS14\RestaurantPOS14\RPOS_DBDataSet1.vb(22181,20): error BC30456: 'PosPrinterSettingRowChangingEvent' is not a member of 'RPOS_DBDataSet1.PosPrinterSettingDataTable'. [L:\New Restauraunt Pos\src\RestaurantPOS14\RestaurantPOS14.vbproj]
L:\New Restauraunt Pos\src\RestaurantPOS14\RestaurantPOS14\RPOS_DBDataSet1.vb(22182,32): error BC30451: 'PosPrinterSettingRowChanging' is not declared. It may be inaccessible due to its protection level. [L:\New Restauraunt Pos\src\RestaurantPOS14\RestaurantPOS14.vbproj]
L:\New Restauraunt Pos\src\RestaurantPOS14\RestaurantPOS14\RPOS_DBDataSet1.vb(22190,20): error BC30456: 'PosPrinterSettingRowDeletedEvent' is not a member of 'RPOS_DBDataSet1.PosPrinterSettingDataTable'. [L:\New Restauraunt Pos\src\RestaurantPOS14\RestaurantPOS14.vbproj]
L:\New Restauraunt Pos\src\RestaurantPOS14\RestaurantPOS14\RPOS_DBDataSet1.vb(22191,32): error BC30451: 'PosPrinterSettingRowDeleted' is not declared. It may be inaccessible due to its protection level. [L:\New Restauraunt Pos\src\RestaurantPOS14\RestaurantPOS14.vbproj]
L:\New Restauraunt Pos\src\RestaurantPOS14\RestaurantPOS14\RPOS_DBDataSet1.vb(22199,20): error BC30456: 'PosPrinterSettingRowDeletingEvent' is not a member of 'RPOS_DBDataSet1.PosPrinterSettingDataTable'. [L:\New Restauraunt Pos\src\RestaurantPOS14\RestaurantPOS14.vbproj]
L:\New Restauraunt Pos\src\RestaurantPOS14\RestaurantPOS14\RPOS_DBDataSet1.vb(22200,32): error BC30451: 'PosPrinterSettingRowDeleting' is not declared. It may be inaccessible due to its protection level. [L:\New Restauraunt Pos\src\RestaurantPOS14\RestaurantPOS14.vbproj]
L:\New Restauraunt Pos\src\RestaurantPOS14\RestaurantPOS14\RPOS_DBDataSet1.vb(21620,20): error BC30456: 'PosGrouping1RowChangedEvent' is not a member of 'RPOS_DBDataSet1.PosGrouping1DataTable'. [L:\New Restauraunt Pos\src\RestaurantPOS14\RestaurantPOS14.vbproj]
L:\New Restauraunt Pos\src\RestaurantPOS14\RestaurantPOS14\RPOS_DBDataSet1.vb(21621,32): error BC30451: 'PosGrouping1RowChanged' is not declared. It may be inaccessible due to its protection level. [L:\New Restauraunt Pos\src\RestaurantPOS14\RestaurantPOS14.vbproj]
L:\New Restauraunt Pos\src\RestaurantPOS14\RestaurantPOS14\RPOS_DBDataSet1.vb(21629,20): error BC30456: 'PosGrouping1RowChangingEvent' is not a member of 'RPOS_DBDataSet1.PosGrouping1DataTable'. [L:\New Restauraunt Pos\src\RestaurantPOS14\RestaurantPOS14.vbproj]
L:\New Restauraunt Pos\src\RestaurantPOS14\RestaurantPOS14\RPOS_DBDataSet1.vb(21630,32): error BC30451: 'PosGrouping1RowChanging' is not declared. It may be inaccessible due to its protection level. [L:\New Restauraunt Pos\src\RestaurantPOS14\RestaurantPOS14.vbproj]
L:\New Restauraunt Pos\src\RestaurantPOS14\RestaurantPOS14\RPOS_DBDataSet1.vb(21638,20): error BC30456: 'PosGrouping1RowDeletedEvent' is not a member of 'RPOS_DBDataSet1.PosGrouping1DataTable'. [L:\New Restauraunt Pos\src\RestaurantPOS14\RestaurantPOS14.vbproj]
L:\New Restauraunt Pos\src\RestaurantPOS14\RestaurantPOS14\RPOS_DBDataSet1.vb(21639,32): error BC30451: 'PosGrouping1RowDeleted' is not declared. It may be inaccessible due to its protection level. [L:\New Restauraunt Pos\src\RestaurantPOS14\RestaurantPOS14.vbproj]
L:\New Restauraunt Pos\src\RestaurantPOS14\RestaurantPOS14\RPOS_DBDataSet1.vb(20098,20): error BC30456: 'PizzaSizeRowChangedEvent' is not a member of 'RPOS_DBDataSet1.PizzaSizeDataTable'. [L:\New Restauraunt Pos\src\RestaurantPOS14\RestaurantPOS14.vbproj]
L:\New Restauraunt Pos\src\RestaurantPOS14\RestaurantPOS14\RPOS_DBDataSet1.vb(20099,32): error BC30451: 'PizzaSizeRowChanged' is not declared. It may be inaccessible due to its protection level. [L:\New Restauraunt Pos\src\RestaurantPOS14\RestaurantPOS14.vbproj]
L:\New Restauraunt Pos\src\RestaurantPOS14\RestaurantPOS14\RPOS_DBDataSet1.vb(21647,20): error BC30456: 'PosGrouping1RowDeletingEvent' is not a member of 'RPOS_DBDataSet1.PosGrouping1DataTable'. [L:\New Restauraunt Pos\src\RestaurantPOS14\RestaurantPOS14.vbproj]
L:\New Restauraunt Pos\src\RestaurantPOS14\RestaurantPOS14\RPOS_DBDataSet1.vb(21648,32): error BC30451: 'PosGrouping1RowDeleting' is not declared. It may be inaccessible due to its protection level. [L:\New Restauraunt Pos\src\RestaurantPOS14\RestaurantPOS14.vbproj]
L:\New Restauraunt Pos\src\RestaurantPOS14\RestaurantPOS14\RPOS_DBDataSet1.vb(20107,20): error BC30456: 'PizzaSizeRowChangingEvent' is not a member of 'RPOS_DBDataSet1.PizzaSizeDataTable'. [L:\New Restauraunt Pos\src\RestaurantPOS14\RestaurantPOS14.vbproj]
L:\New Restauraunt Pos\src\RestaurantPOS14\RestaurantPOS14\RPOS_DBDataSet1.vb(20108,32): error BC30451: 'PizzaSizeRowChanging' is not declared. It may be inaccessible due to its protection level. [L:\New Restauraunt Pos\src\RestaurantPOS14\RestaurantPOS14.vbproj]
L:\New Restauraunt Pos\src\RestaurantPOS14\RestaurantPOS14\RPOS_DBDataSet1.vb(20116,20): error BC30456: 'PizzaSizeRowDeletedEvent' is not a member of 'RPOS_DBDataSet1.PizzaSizeDataTable'. [L:\New Restauraunt Pos\src\RestaurantPOS14\RestaurantPOS14.vbproj]
L:\New Restauraunt Pos\src\RestaurantPOS14\RestaurantPOS14\RPOS_DBDataSet1.vb(20117,32): error BC30451: 'PizzaSizeRowDeleted' is not declared. It may be inaccessible due to its protection level. [L:\New Restauraunt Pos\src\RestaurantPOS14\RestaurantPOS14.vbproj]
L:\New Restauraunt Pos\src\RestaurantPOS14\RestaurantPOS14\RPOS_DBDataSet1.vb(20125,20): error BC30456: 'PizzaSizeRowDeletingEvent' is not a member of 'RPOS_DBDataSet1.PizzaSizeDataTable'. [L:\New Restauraunt Pos\src\RestaurantPOS14\RestaurantPOS14.vbproj]
L:\New Restauraunt Pos\src\RestaurantPOS14\RestaurantPOS14\RPOS_DBDataSet1.vb(20126,32): error BC30451: 'PizzaSizeRowDeleting' is not declared. It may be inaccessible due to its protection level. [L:\New Restauraunt Pos\src\RestaurantPOS14\RestaurantPOS14.vbproj]
L:\New Restauraunt Pos\src\RestaurantPOS14\RestaurantPOS14\RPOS_DBDataSet1.vb(23028,20): error BC30456: 'Product_OpeningStockRowChangedEvent' is not a member of 'RPOS_DBDataSet1.Product_OpeningStockDataTable'. [L:\New Restauraunt Pos\src\RestaurantPOS14\RestaurantPOS14.vbproj]
L:\New Restauraunt Pos\src\RestaurantPOS14\RestaurantPOS14\RPOS_DBDataSet1.vb(23029,32): error BC30451: 'Product_OpeningStockRowChanged' is not declared. It may be inaccessible due to its protection level. [L:\New Restauraunt Pos\src\RestaurantPOS14\RestaurantPOS14.vbproj]
L:\New Restauraunt Pos\src\RestaurantPOS14\RestaurantPOS14\RPOS_DBDataSet1.vb(23037,20): error BC30456: 'Product_OpeningStockRowChangingEvent' is not a member of 'RPOS_DBDataSet1.Product_OpeningStockDataTable'. [L:\New Restauraunt Pos\src\RestaurantPOS14\RestaurantPOS14.vbproj]
L:\New Restauraunt Pos\src\RestaurantPOS14\RestaurantPOS14\RPOS_DBDataSet1.vb(23038,32): error BC30451: 'Product_OpeningStockRowChanging' is not declared. It may be inaccessible due to its protection level. [L:\New Restauraunt Pos\src\RestaurantPOS14\RestaurantPOS14.vbproj]
L:\New Restauraunt Pos\src\RestaurantPOS14\RestaurantPOS14\RPOS_DBDataSet1.vb(23046,20): error BC30456: 'Product_OpeningStockRowDeletedEvent' is not a member of 'RPOS_DBDataSet1.Product_OpeningStockDataTable'. [L:\New Restauraunt Pos\src\RestaurantPOS14\RestaurantPOS14.vbproj]
L:\New Restauraunt Pos\src\RestaurantPOS14\RestaurantPOS14\RPOS_DBDataSet1.vb(23047,32): error BC30451: 'Product_OpeningStockRowDeleted' is not declared. It may be inaccessible due to its protection level. [L:\New Restauraunt Pos\src\RestaurantPOS14\RestaurantPOS14.vbproj]
L:\New Restauraunt Pos\src\RestaurantPOS14\RestaurantPOS14\RPOS_DBDataSet1.vb(23055,20): error BC30456: 'Product_OpeningStockRowDeletingEvent' is not a member of 'RPOS_DBDataSet1.Product_OpeningStockDataTable'. [L:\New Restauraunt Pos\src\RestaurantPOS14\RestaurantPOS14.vbproj]
L:\New Restauraunt Pos\src\RestaurantPOS14\RestaurantPOS14\RPOS_DBDataSet1.vb(23056,32): error BC30451: 'Product_OpeningStockRowDeleting' is not declared. It may be inaccessible due to its protection level. [L:\New Restauraunt Pos\src\RestaurantPOS14\RestaurantPOS14.vbproj]
L:\New Restauraunt Pos\src\RestaurantPOS14\RestaurantPOS14\RPOS_DBDataSet1.vb(23444,20): error BC30456: 'PromotionRowChangedEvent' is not a member of 'RPOS_DBDataSet1.PromotionDataTable'. [L:\New Restauraunt Pos\src\RestaurantPOS14\RestaurantPOS14.vbproj]
L:\New Restauraunt Pos\src\RestaurantPOS14\RestaurantPOS14\RPOS_DBDataSet1.vb(23445,32): error BC30451: 'PromotionRowChanged' is not declared. It may be inaccessible due to its protection level. [L:\New Restauraunt Pos\src\RestaurantPOS14\RestaurantPOS14.vbproj]
L:\New Restauraunt Pos\src\RestaurantPOS14\RestaurantPOS14\RPOS_DBDataSet1.vb(23453,20): error BC30456: 'PromotionRowChangingEvent' is not a member of 'RPOS_DBDataSet1.PromotionDataTable'. [L:\New Restauraunt Pos\src\RestaurantPOS14\RestaurantPOS14.vbproj]
L:\New Restauraunt Pos\src\RestaurantPOS14\RestaurantPOS14\RPOS_DBDataSet1.vb(23454,32): error BC30451: 'PromotionRowChanging' is not declared. It may be inaccessible due to its protection level. [L:\New Restauraunt Pos\src\RestaurantPOS14\RestaurantPOS14.vbproj]
L:\New Restauraunt Pos\src\RestaurantPOS14\RestaurantPOS14\RPOS_DBDataSet1.vb(23462,20): error BC30456: 'PromotionRowDeletedEvent' is not a member of 'RPOS_DBDataSet1.PromotionDataTable'. [L:\New Restauraunt Pos\src\RestaurantPOS14\RestaurantPOS14.vbproj]
L:\New Restauraunt Pos\src\RestaurantPOS14\RestaurantPOS14\RPOS_DBDataSet1.vb(23463,32): error BC30451: 'PromotionRowDeleted' is not declared. It may be inaccessible due to its protection level. [L:\New Restauraunt Pos\src\RestaurantPOS14\RestaurantPOS14.vbproj]
L:\New Restauraunt Pos\src\RestaurantPOS14\RestaurantPOS14\RPOS_DBDataSet1.vb(23471,20): error BC30456: 'PromotionRowDeletingEvent' is not a member of 'RPOS_DBDataSet1.PromotionDataTable'. [L:\New Restauraunt Pos\src\RestaurantPOS14\RestaurantPOS14.vbproj]
L:\New Restauraunt Pos\src\RestaurantPOS14\RestaurantPOS14\RPOS_DBDataSet1.vb(23472,32): error BC30451: 'PromotionRowDeleting' is not declared. It may be inaccessible due to its protection level. [L:\New Restauraunt Pos\src\RestaurantPOS14\RestaurantPOS14.vbproj]
L:\New Restauraunt Pos\src\RestaurantPOS14\RestaurantPOS14\RPOS_DBDataSet1.vb(24483,20): error BC30456: 'Purchase_JoinRowChangedEvent' is not a member of 'RPOS_DBDataSet1.Purchase_JoinDataTable'. [L:\New Restauraunt Pos\src\RestaurantPOS14\RestaurantPOS14.vbproj]
L:\New Restauraunt Pos\src\RestaurantPOS14\RestaurantPOS14\RPOS_DBDataSet1.vb(24484,32): error BC30451: 'Purchase_JoinRowChanged' is not declared. It may be inaccessible due to its protection level. [L:\New Restauraunt Pos\src\RestaurantPOS14\RestaurantPOS14.vbproj]
L:\New Restauraunt Pos\src\RestaurantPOS14\RestaurantPOS14\RPOS_DBDataSet1.vb(24492,20): error BC30456: 'Purchase_JoinRowChangingEvent' is not a member of 'RPOS_DBDataSet1.Purchase_JoinDataTable'. [L:\New Restauraunt Pos\src\RestaurantPOS14\RestaurantPOS14.vbproj]
L:\New Restauraunt Pos\src\RestaurantPOS14\RestaurantPOS14\RPOS_DBDataSet1.vb(24493,32): error BC30451: 'Purchase_JoinRowChanging' is not declared. It may be inaccessible due to its protection level. [L:\New Restauraunt Pos\src\RestaurantPOS14\RestaurantPOS14.vbproj]
L:\New Restauraunt Pos\src\RestaurantPOS14\RestaurantPOS14\RPOS_DBDataSet1.vb(24501,20): error BC30456: 'Purchase_JoinRowDeletedEvent' is not a member of 'RPOS_DBDataSet1.Purchase_JoinDataTable'. [L:\New Restauraunt Pos\src\RestaurantPOS14\RestaurantPOS14.vbproj]
L:\New Restauraunt Pos\src\RestaurantPOS14\RestaurantPOS14\RPOS_DBDataSet1.vb(24502,32): error BC30451: 'Purchase_JoinRowDeleted' is not declared. It may be inaccessible due to its protection level. [L:\New Restauraunt Pos\src\RestaurantPOS14\RestaurantPOS14.vbproj]
L:\New Restauraunt Pos\src\RestaurantPOS14\RestaurantPOS14\RPOS_DBDataSet1.vb(24510,20): error BC30456: 'Purchase_JoinRowDeletingEvent' is not a member of 'RPOS_DBDataSet1.Purchase_JoinDataTable'. [L:\New Restauraunt Pos\src\RestaurantPOS14\RestaurantPOS14.vbproj]
L:\New Restauraunt Pos\src\RestaurantPOS14\RestaurantPOS14\RPOS_DBDataSet1.vb(24511,32): error BC30451: 'Purchase_JoinRowDeleting' is not declared. It may be inaccessible due to its protection level. [L:\New Restauraunt Pos\src\RestaurantPOS14\RestaurantPOS14.vbproj]
L:\New Restauraunt Pos\src\RestaurantPOS14\RestaurantPOS14\RPOS_DBDataSet1.vb(24935,20): error BC30456: 'PurchaseOrderRowChangedEvent' is not a member of 'RPOS_DBDataSet1.PurchaseOrderDataTable'. [L:\New Restauraunt Pos\src\RestaurantPOS14\RestaurantPOS14.vbproj]
L:\New Restauraunt Pos\src\RestaurantPOS14\RestaurantPOS14\RPOS_DBDataSet1.vb(24936,32): error BC30451: 'PurchaseOrderRowChanged' is not declared. It may be inaccessible due to its protection level. [L:\New Restauraunt Pos\src\RestaurantPOS14\RestaurantPOS14.vbproj]
L:\New Restauraunt Pos\src\RestaurantPOS14\RestaurantPOS14\RPOS_DBDataSet1.vb(24944,20): error BC30456: 'PurchaseOrderRowChangingEvent' is not a member of 'RPOS_DBDataSet1.PurchaseOrderDataTable'. [L:\New Restauraunt Pos\src\RestaurantPOS14\RestaurantPOS14.vbproj]
L:\New Restauraunt Pos\src\RestaurantPOS14\RestaurantPOS14\RPOS_DBDataSet1.vb(24945,32): error BC30451: 'PurchaseOrderRowChanging' is not declared. It may be inaccessible due to its protection level. [L:\New Restauraunt Pos\src\RestaurantPOS14\RestaurantPOS14.vbproj]
L:\New Restauraunt Pos\src\RestaurantPOS14\RestaurantPOS14\RPOS_DBDataSet1.vb(24953,20): error BC30456: 'PurchaseOrderRowDeletedEvent' is not a member of 'RPOS_DBDataSet1.PurchaseOrderDataTable'. [L:\New Restauraunt Pos\src\RestaurantPOS14\RestaurantPOS14.vbproj]
L:\New Restauraunt Pos\src\RestaurantPOS14\RestaurantPOS14\RPOS_DBDataSet1.vb(24954,32): error BC30451: 'PurchaseOrderRowDeleted' is not declared. It may be inaccessible due to its protection level. [L:\New Restauraunt Pos\src\RestaurantPOS14\RestaurantPOS14.vbproj]
L:\New Restauraunt Pos\src\RestaurantPOS14\RestaurantPOS14\RPOS_DBDataSet1.vb(24962,20): error BC30456: 'PurchaseOrderRowDeletingEvent' is not a member of 'RPOS_DBDataSet1.PurchaseOrderDataTable'. [L:\New Restauraunt Pos\src\RestaurantPOS14\RestaurantPOS14.vbproj]
L:\New Restauraunt Pos\src\RestaurantPOS14\RestaurantPOS14\RPOS_DBDataSet1.vb(24963,32): error BC30451: 'PurchaseOrderRowDeleting' is not declared. It may be inaccessible due to its protection level. [L:\New Restauraunt Pos\src\RestaurantPOS14\RestaurantPOS14.vbproj]
L:\New Restauraunt Pos\src\RestaurantPOS14\RestaurantPOS14\RPOS_DBDataSet1.vb(25342,20): error BC30456: 'PurchaseOrder_JoinRowChangedEvent' is not a member of 'RPOS_DBDataSet1.PurchaseOrder_JoinDataTable'. [L:\New Restauraunt Pos\src\RestaurantPOS14\RestaurantPOS14.vbproj]
L:\New Restauraunt Pos\src\RestaurantPOS14\RestaurantPOS14\RPOS_DBDataSet1.vb(25343,32): error BC30451: 'PurchaseOrder_JoinRowChanged' is not declared. It may be inaccessible due to its protection level. [L:\New Restauraunt Pos\src\RestaurantPOS14\RestaurantPOS14.vbproj]
L:\New Restauraunt Pos\src\RestaurantPOS14\RestaurantPOS14\RPOS_DBDataSet1.vb(25351,20): error BC30456: 'PurchaseOrder_JoinRowChangingEvent' is not a member of 'RPOS_DBDataSet1.PurchaseOrder_JoinDataTable'. [L:\New Restauraunt Pos\src\RestaurantPOS14\RestaurantPOS14.vbproj]
L:\New Restauraunt Pos\src\RestaurantPOS14\RestaurantPOS14\RPOS_DBDataSet1.vb(25352,32): error BC30451: 'PurchaseOrder_JoinRowChanging' is not declared. It may be inaccessible due to its protection level. [L:\New Restauraunt Pos\src\RestaurantPOS14\RestaurantPOS14.vbproj]
L:\New Restauraunt Pos\src\RestaurantPOS14\RestaurantPOS14\RPOS_DBDataSet1.vb(25360,20): error BC30456: 'PurchaseOrder_JoinRowDeletedEvent' is not a member of 'RPOS_DBDataSet1.PurchaseOrder_JoinDataTable'. [L:\New Restauraunt Pos\src\RestaurantPOS14\RestaurantPOS14.vbproj]
L:\New Restauraunt Pos\src\RestaurantPOS14\RestaurantPOS14\RPOS_DBDataSet1.vb(25361,32): error BC30451: 'PurchaseOrder_JoinRowDeleted' is not declared. It may be inaccessible due to its protection level. [L:\New Restauraunt Pos\src\RestaurantPOS14\RestaurantPOS14.vbproj]
L:\New Restauraunt Pos\src\RestaurantPOS14\RestaurantPOS14\RPOS_DBDataSet1.vb(25369,20): error BC30456: 'PurchaseOrder_JoinRowDeletingEvent' is not a member of 'RPOS_DBDataSet1.PurchaseOrder_JoinDataTable'. [L:\New Restauraunt Pos\src\RestaurantPOS14\RestaurantPOS14.vbproj]
L:\New Restauraunt Pos\src\RestaurantPOS14\RestaurantPOS14\RPOS_DBDataSet1.vb(25370,32): error BC30451: 'PurchaseOrder_JoinRowDeleting' is not declared. It may be inaccessible due to its protection level. [L:\New Restauraunt Pos\src\RestaurantPOS14\RestaurantPOS14.vbproj]
L:\New Restauraunt Pos\src\RestaurantPOS14\RestaurantPOS14\RPOS_DBDataSet1.vb(26516,20): error BC30456: 'Recipe_JoinRowChangedEvent' is not a member of 'RPOS_DBDataSet1.Recipe_JoinDataTable'. [L:\New Restauraunt Pos\src\RestaurantPOS14\RestaurantPOS14.vbproj]
L:\New Restauraunt Pos\src\RestaurantPOS14\RestaurantPOS14\RPOS_DBDataSet1.vb(26517,32): error BC30451: 'Recipe_JoinRowChanged' is not declared. It may be inaccessible due to its protection level. [L:\New Restauraunt Pos\src\RestaurantPOS14\RestaurantPOS14.vbproj]
L:\New Restauraunt Pos\src\RestaurantPOS14\RestaurantPOS14\RPOS_DBDataSet1.vb(25724,20): error BC30456: 'R_TableRowChangedEvent' is not a member of 'RPOS_DBDataSet1.R_TableDataTable'. [L:\New Restauraunt Pos\src\RestaurantPOS14\RestaurantPOS14.vbproj]
L:\New Restauraunt Pos\src\RestaurantPOS14\RestaurantPOS14\RPOS_DBDataSet1.vb(25725,32): error BC30451: 'R_TableRowChanged' is not declared. It may be inaccessible due to its protection level. [L:\New Restauraunt Pos\src\RestaurantPOS14\RestaurantPOS14.vbproj]
L:\New Restauraunt Pos\src\RestaurantPOS14\RestaurantPOS14\RPOS_DBDataSet1.vb(25733,20): error BC30456: 'R_TableRowChangingEvent' is not a member of 'RPOS_DBDataSet1.R_TableDataTable'. [L:\New Restauraunt Pos\src\RestaurantPOS14\RestaurantPOS14.vbproj]
L:\New Restauraunt Pos\src\RestaurantPOS14\RestaurantPOS14\RPOS_DBDataSet1.vb(25734,32): error BC30451: 'R_TableRowChanging' is not declared. It may be inaccessible due to its protection level. [L:\New Restauraunt Pos\src\RestaurantPOS14\RestaurantPOS14.vbproj]
L:\New Restauraunt Pos\src\RestaurantPOS14\RestaurantPOS14\RPOS_DBDataSet1.vb(26525,20): error BC30456: 'Recipe_JoinRowChangingEvent' is not a member of 'RPOS_DBDataSet1.Recipe_JoinDataTable'. [L:\New Restauraunt Pos\src\RestaurantPOS14\RestaurantPOS14.vbproj]
L:\New Restauraunt Pos\src\RestaurantPOS14\RestaurantPOS14\RPOS_DBDataSet1.vb(26526,32): error BC30451: 'Recipe_JoinRowChanging' is not declared. It may be inaccessible due to its protection level. [L:\New Restauraunt Pos\src\RestaurantPOS14\RestaurantPOS14.vbproj]
L:\New Restauraunt Pos\src\RestaurantPOS14\RestaurantPOS14\RPOS_DBDataSet1.vb(25742,20): error BC30456: 'R_TableRowDeletedEvent' is not a member of 'RPOS_DBDataSet1.R_TableDataTable'. [L:\New Restauraunt Pos\src\RestaurantPOS14\RestaurantPOS14.vbproj]
L:\New Restauraunt Pos\src\RestaurantPOS14\RestaurantPOS14\RPOS_DBDataSet1.vb(25743,32): error BC30451: 'R_TableRowDeleted' is not declared. It may be inaccessible due to its protection level. [L:\New Restauraunt Pos\src\RestaurantPOS14\RestaurantPOS14.vbproj]
L:\New Restauraunt Pos\src\RestaurantPOS14\RestaurantPOS14\RPOS_DBDataSet1.vb(26534,20): error BC30456: 'Recipe_JoinRowDeletedEvent' is not a member of 'RPOS_DBDataSet1.Recipe_JoinDataTable'. [L:\New Restauraunt Pos\src\RestaurantPOS14\RestaurantPOS14.vbproj]
L:\New Restauraunt Pos\src\RestaurantPOS14\RestaurantPOS14\RPOS_DBDataSet1.vb(26535,32): error BC30451: 'Recipe_JoinRowDeleted' is not declared. It may be inaccessible due to its protection level. [L:\New Restauraunt Pos\src\RestaurantPOS14\RestaurantPOS14.vbproj]
L:\New Restauraunt Pos\src\RestaurantPOS14\RestaurantPOS14\RPOS_DBDataSet1.vb(26113,20): error BC30456: 'RecipeRowChangedEvent' is not a member of 'RPOS_DBDataSet1.RecipeDataTable'. [L:\New Restauraunt Pos\src\RestaurantPOS14\RestaurantPOS14.vbproj]
L:\New Restauraunt Pos\src\RestaurantPOS14\RestaurantPOS14\RPOS_DBDataSet1.vb(26114,32): error BC30451: 'RecipeRowChanged' is not declared. It may be inaccessible due to its protection level. [L:\New Restauraunt Pos\src\RestaurantPOS14\RestaurantPOS14.vbproj]
L:\New Restauraunt Pos\src\RestaurantPOS14\RestaurantPOS14\RPOS_DBDataSet1.vb(24027,20): error BC30456: 'PurchaseRowChangedEvent' is not a member of 'RPOS_DBDataSet1.PurchaseDataTable'. [L:\New Restauraunt Pos\src\RestaurantPOS14\RestaurantPOS14.vbproj]
L:\New Restauraunt Pos\src\RestaurantPOS14\RestaurantPOS14\RPOS_DBDataSet1.vb(24028,32): error BC30451: 'PurchaseRowChanged' is not declared. It may be inaccessible due to its protection level. [L:\New Restauraunt Pos\src\RestaurantPOS14\RestaurantPOS14.vbproj]
L:\New Restauraunt Pos\src\RestaurantPOS14\RestaurantPOS14\RPOS_DBDataSet1.vb(25751,20): error BC30456: 'R_TableRowDeletingEvent' is not a member of 'RPOS_DBDataSet1.R_TableDataTable'. [L:\New Restauraunt Pos\src\RestaurantPOS14\RestaurantPOS14.vbproj]
L:\New Restauraunt Pos\src\RestaurantPOS14\RestaurantPOS14\RPOS_DBDataSet1.vb(25752,32): error BC30451: 'R_TableRowDeleting' is not declared. It may be inaccessible due to its protection level. [L:\New Restauraunt Pos\src\RestaurantPOS14\RestaurantPOS14.vbproj]
L:\New Restauraunt Pos\src\RestaurantPOS14\RestaurantPOS14\RPOS_DBDataSet1.vb(26543,20): error BC30456: 'Recipe_JoinRowDeletingEvent' is not a member of 'RPOS_DBDataSet1.Recipe_JoinDataTable'. [L:\New Restauraunt Pos\src\RestaurantPOS14\RestaurantPOS14.vbproj]
L:\New Restauraunt Pos\src\RestaurantPOS14\RestaurantPOS14\RPOS_DBDataSet1.vb(26544,32): error BC30451: 'Recipe_JoinRowDeleting' is not declared. It may be inaccessible due to its protection level. [L:\New Restauraunt Pos\src\RestaurantPOS14\RestaurantPOS14.vbproj]
L:\New Restauraunt Pos\src\RestaurantPOS14\RestaurantPOS14\RPOS_DBDataSet1.vb(26122,20): error BC30456: 'RecipeRowChangingEvent' is not a member of 'RPOS_DBDataSet1.RecipeDataTable'. [L:\New Restauraunt Pos\src\RestaurantPOS14\RestaurantPOS14.vbproj]
L:\New Restauraunt Pos\src\RestaurantPOS14\RestaurantPOS14\RPOS_DBDataSet1.vb(26123,32): error BC30451: 'RecipeRowChanging' is not declared. It may be inaccessible due to its protection level. [L:\New Restauraunt Pos\src\RestaurantPOS14\RestaurantPOS14.vbproj]
L:\New Restauraunt Pos\src\RestaurantPOS14\RestaurantPOS14\RPOS_DBDataSet1.vb(24036,20): error BC30456: 'PurchaseRowChangingEvent' is not a member of 'RPOS_DBDataSet1.PurchaseDataTable'. [L:\New Restauraunt Pos\src\RestaurantPOS14\RestaurantPOS14.vbproj]
L:\New Restauraunt Pos\src\RestaurantPOS14\RestaurantPOS14\RPOS_DBDataSet1.vb(24037,32): error BC30451: 'PurchaseRowChanging' is not declared. It may be inaccessible due to its protection level. [L:\New Restauraunt Pos\src\RestaurantPOS14\RestaurantPOS14.vbproj]
L:\New Restauraunt Pos\src\RestaurantPOS14\RestaurantPOS14\RPOS_DBDataSet1.vb(26131,20): error BC30456: 'RecipeRowDeletedEvent' is not a member of 'RPOS_DBDataSet1.RecipeDataTable'. [L:\New Restauraunt Pos\src\RestaurantPOS14\RestaurantPOS14.vbproj]
L:\New Restauraunt Pos\src\RestaurantPOS14\RestaurantPOS14\RPOS_DBDataSet1.vb(26132,32): error BC30451: 'RecipeRowDeleted' is not declared. It may be inaccessible due to its protection level. [L:\New Restauraunt Pos\src\RestaurantPOS14\RestaurantPOS14.vbproj]
L:\New Restauraunt Pos\src\RestaurantPOS14\RestaurantPOS14\RPOS_DBDataSet1.vb(24045,20): error BC30456: 'PurchaseRowDeletedEvent' is not a member of 'RPOS_DBDataSet1.PurchaseDataTable'. [L:\New Restauraunt Pos\src\RestaurantPOS14\RestaurantPOS14.vbproj]
L:\New Restauraunt Pos\src\RestaurantPOS14\RestaurantPOS14\RPOS_DBDataSet1.vb(24046,32): error BC30451: 'PurchaseRowDeleted' is not declared. It may be inaccessible due to its protection level. [L:\New Restauraunt Pos\src\RestaurantPOS14\RestaurantPOS14.vbproj]
L:\New Restauraunt Pos\src\RestaurantPOS14\RestaurantPOS14\RPOS_DBDataSet1.vb(26140,20): error BC30456: 'RecipeRowDeletingEvent' is not a member of 'RPOS_DBDataSet1.RecipeDataTable'. [L:\New Restauraunt Pos\src\RestaurantPOS14\RestaurantPOS14.vbproj]
L:\New Restauraunt Pos\src\RestaurantPOS14\RestaurantPOS14\RPOS_DBDataSet1.vb(26141,32): error BC30451: 'RecipeRowDeleting' is not declared. It may be inaccessible due to its protection level. [L:\New Restauraunt Pos\src\RestaurantPOS14\RestaurantPOS14.vbproj]
L:\New Restauraunt Pos\src\RestaurantPOS14\RestaurantPOS14\RPOS_DBDataSet1.vb(24054,20): error BC30456: 'PurchaseRowDeletingEvent' is not a member of 'RPOS_DBDataSet1.PurchaseDataTable'. [L:\New Restauraunt Pos\src\RestaurantPOS14\RestaurantPOS14.vbproj]
L:\New Restauraunt Pos\src\RestaurantPOS14\RestaurantPOS14\RPOS_DBDataSet1.vb(24055,32): error BC30451: 'PurchaseRowDeleting' is not declared. It may be inaccessible due to its protection level. [L:\New Restauraunt Pos\src\RestaurantPOS14\RestaurantPOS14.vbproj]
L:\New Restauraunt Pos\src\RestaurantPOS14\RestaurantPOS14\RPOS_DBDataSet1.vb(27001,20): error BC30456: 'RegistrationRowChangedEvent' is not a member of 'RPOS_DBDataSet1.RegistrationDataTable'. [L:\New Restauraunt Pos\src\RestaurantPOS14\RestaurantPOS14.vbproj]
L:\New Restauraunt Pos\src\RestaurantPOS14\RestaurantPOS14\RPOS_DBDataSet1.vb(27002,32): error BC30451: 'RegistrationRowChanged' is not declared. It may be inaccessible due to its protection level. [L:\New Restauraunt Pos\src\RestaurantPOS14\RestaurantPOS14.vbproj]
L:\New Restauraunt Pos\src\RestaurantPOS14\RestaurantPOS14\RPOS_DBDataSet1.vb(27010,20): error BC30456: 'RegistrationRowChangingEvent' is not a member of 'RPOS_DBDataSet1.RegistrationDataTable'. [L:\New Restauraunt Pos\src\RestaurantPOS14\RestaurantPOS14.vbproj]
L:\New Restauraunt Pos\src\RestaurantPOS14\RestaurantPOS14\RPOS_DBDataSet1.vb(27011,32): error BC30451: 'RegistrationRowChanging' is not declared. It may be inaccessible due to its protection level. [L:\New Restauraunt Pos\src\RestaurantPOS14\RestaurantPOS14.vbproj]
L:\New Restauraunt Pos\src\RestaurantPOS14\RestaurantPOS14\RPOS_DBDataSet1.vb(27019,20): error BC30456: 'RegistrationRowDeletedEvent' is not a member of 'RPOS_DBDataSet1.RegistrationDataTable'. [L:\New Restauraunt Pos\src\RestaurantPOS14\RestaurantPOS14.vbproj]
L:\New Restauraunt Pos\src\RestaurantPOS14\RestaurantPOS14\RPOS_DBDataSet1.vb(27020,32): error BC30451: 'RegistrationRowDeleted' is not declared. It may be inaccessible due to its protection level. [L:\New Restauraunt Pos\src\RestaurantPOS14\RestaurantPOS14.vbproj]
L:\New Restauraunt Pos\src\RestaurantPOS14\RestaurantPOS14\RPOS_DBDataSet1.vb(27028,20): error BC30456: 'RegistrationRowDeletingEvent' is not a member of 'RPOS_DBDataSet1.RegistrationDataTable'. [L:\New Restauraunt Pos\src\RestaurantPOS14\RestaurantPOS14.vbproj]
L:\New Restauraunt Pos\src\RestaurantPOS14\RestaurantPOS14\RPOS_DBDataSet1.vb(27029,32): error BC30451: 'RegistrationRowDeleting' is not declared. It may be inaccessible due to its protection level. [L:\New Restauraunt Pos\src\RestaurantPOS14\RestaurantPOS14.vbproj]
L:\New Restauraunt Pos\src\RestaurantPOS14\RestaurantPOS14\RPOS_DBDataSet1.vb(27658,20): error BC30456: 'RestaurantPOS_BillingInfoEBRowChangedEvent' is not a member of 'RPOS_DBDataSet1.RestaurantPOS_BillingInfoEBDataTable'. [L:\New Restauraunt Pos\src\RestaurantPOS14\RestaurantPOS14.vbproj]
L:\New Restauraunt Pos\src\RestaurantPOS14\RestaurantPOS14\RPOS_DBDataSet1.vb(27659,32): error BC30451: 'RestaurantPOS_BillingInfoEBRowChanged' is not declared. It may be inaccessible due to its protection level. [L:\New Restauraunt Pos\src\RestaurantPOS14\RestaurantPOS14.vbproj]
L:\New Restauraunt Pos\src\RestaurantPOS14\RestaurantPOS14\RPOS_DBDataSet1.vb(27667,20): error BC30456: 'RestaurantPOS_BillingInfoEBRowChangingEvent' is not a member of 'RPOS_DBDataSet1.RestaurantPOS_BillingInfoEBDataTable'. [L:\New Restauraunt Pos\src\RestaurantPOS14\RestaurantPOS14.vbproj]
L:\New Restauraunt Pos\src\RestaurantPOS14\RestaurantPOS14\RPOS_DBDataSet1.vb(27668,32): error BC30451: 'RestaurantPOS_BillingInfoEBRowChanging' is not declared. It may be inaccessible due to its protection level. [L:\New Restauraunt Pos\src\RestaurantPOS14\RestaurantPOS14.vbproj]
L:\New Restauraunt Pos\src\RestaurantPOS14\RestaurantPOS14\RPOS_DBDataSet1.vb(27676,20): error BC30456: 'RestaurantPOS_BillingInfoEBRowDeletedEvent' is not a member of 'RPOS_DBDataSet1.RestaurantPOS_BillingInfoEBDataTable'. [L:\New Restauraunt Pos\src\RestaurantPOS14\RestaurantPOS14.vbproj]
L:\New Restauraunt Pos\src\RestaurantPOS14\RestaurantPOS14\RPOS_DBDataSet1.vb(27677,32): error BC30451: 'RestaurantPOS_BillingInfoEBRowDeleted' is not declared. It may be inaccessible due to its protection level. [L:\New Restauraunt Pos\src\RestaurantPOS14\RestaurantPOS14.vbproj]
L:\New Restauraunt Pos\src\RestaurantPOS14\RestaurantPOS14\RPOS_DBDataSet1.vb(27685,20): error BC30456: 'RestaurantPOS_BillingInfoEBRowDeletingEvent' is not a member of 'RPOS_DBDataSet1.RestaurantPOS_BillingInfoEBDataTable'. [L:\New Restauraunt Pos\src\RestaurantPOS14\RestaurantPOS14.vbproj]
L:\New Restauraunt Pos\src\RestaurantPOS14\RestaurantPOS14\RPOS_DBDataSet1.vb(27686,32): error BC30451: 'RestaurantPOS_BillingInfoEBRowDeleting' is not declared. It may be inaccessible due to its protection level. [L:\New Restauraunt Pos\src\RestaurantPOS14\RestaurantPOS14.vbproj]
L:\New Restauraunt Pos\src\RestaurantPOS14\RestaurantPOS14\RPOS_DBDataSet1.vb(29032,20): error BC30456: 'RestaurantPOS_BillingInfoKOTRowChangedEvent' is not a member of 'RPOS_DBDataSet1.RestaurantPOS_BillingInfoKOTDataTable'. [L:\New Restauraunt Pos\src\RestaurantPOS14\RestaurantPOS14.vbproj]
L:\New Restauraunt Pos\src\RestaurantPOS14\RestaurantPOS14\RPOS_DBDataSet1.vb(29033,32): error BC30451: 'RestaurantPOS_BillingInfoKOTRowChanged' is not declared. It may be inaccessible due to its protection level. [L:\New Restauraunt Pos\src\RestaurantPOS14\RestaurantPOS14.vbproj]
L:\New Restauraunt Pos\src\RestaurantPOS14\RestaurantPOS14\RPOS_DBDataSet1.vb(29041,20): error BC30456: 'RestaurantPOS_BillingInfoKOTRowChangingEvent' is not a member of 'RPOS_DBDataSet1.RestaurantPOS_BillingInfoKOTDataTable'. [L:\New Restauraunt Pos\src\RestaurantPOS14\RestaurantPOS14.vbproj]
L:\New Restauraunt Pos\src\RestaurantPOS14\RestaurantPOS14\RPOS_DBDataSet1.vb(29042,32): error BC30451: 'RestaurantPOS_BillingInfoKOTRowChanging' is not declared. It may be inaccessible due to its protection level. [L:\New Restauraunt Pos\src\RestaurantPOS14\RestaurantPOS14.vbproj]
L:\New Restauraunt Pos\src\RestaurantPOS14\RestaurantPOS14\RPOS_DBDataSet1.vb(30302,20): error BC30456: 'RestaurantPOS_OrderedProductBillEBRowChangedEvent' is not a member of 'RPOS_DBDataSet1.RestaurantPOS_OrderedProductBillEBDataTable'. [L:\New Restauraunt Pos\src\RestaurantPOS14\RestaurantPOS14.vbproj]
L:\New Restauraunt Pos\src\RestaurantPOS14\RestaurantPOS14\RPOS_DBDataSet1.vb(30303,32): error BC30451: 'RestaurantPOS_OrderedProductBillEBRowChanged' is not declared. It may be inaccessible due to its protection level. [L:\New Restauraunt Pos\src\RestaurantPOS14\RestaurantPOS14.vbproj]
L:\New Restauraunt Pos\src\RestaurantPOS14\RestaurantPOS14\RPOS_DBDataSet1.vb(29050,20): error BC30456: 'RestaurantPOS_BillingInfoKOTRowDeletedEvent' is not a member of 'RPOS_DBDataSet1.RestaurantPOS_BillingInfoKOTDataTable'. [L:\New Restauraunt Pos\src\RestaurantPOS14\RestaurantPOS14.vbproj]
L:\New Restauraunt Pos\src\RestaurantPOS14\RestaurantPOS14\RPOS_DBDataSet1.vb(29051,32): error BC30451: 'RestaurantPOS_BillingInfoKOTRowDeleted' is not declared. It may be inaccessible due to its protection level. [L:\New Restauraunt Pos\src\RestaurantPOS14\RestaurantPOS14.vbproj]
L:\New Restauraunt Pos\src\RestaurantPOS14\RestaurantPOS14\RPOS_DBDataSet1.vb(30311,20): error BC30456: 'RestaurantPOS_OrderedProductBillEBRowChangingEvent' is not a member of 'RPOS_DBDataSet1.RestaurantPOS_OrderedProductBillEBDataTable'. [L:\New Restauraunt Pos\src\RestaurantPOS14\RestaurantPOS14.vbproj]
L:\New Restauraunt Pos\src\RestaurantPOS14\RestaurantPOS14\RPOS_DBDataSet1.vb(30312,32): error BC30451: 'RestaurantPOS_OrderedProductBillEBRowChanging' is not declared. It may be inaccessible due to its protection level. [L:\New Restauraunt Pos\src\RestaurantPOS14\RestaurantPOS14.vbproj]
L:\New Restauraunt Pos\src\RestaurantPOS14\RestaurantPOS14\RPOS_DBDataSet1.vb(29059,20): error BC30456: 'RestaurantPOS_BillingInfoKOTRowDeletingEvent' is not a member of 'RPOS_DBDataSet1.RestaurantPOS_BillingInfoKOTDataTable'. [L:\New Restauraunt Pos\src\RestaurantPOS14\RestaurantPOS14.vbproj]
L:\New Restauraunt Pos\src\RestaurantPOS14\RestaurantPOS14\RPOS_DBDataSet1.vb(29060,32): error BC30451: 'RestaurantPOS_BillingInfoKOTRowDeleting' is not declared. It may be inaccessible due to its protection level. [L:\New Restauraunt Pos\src\RestaurantPOS14\RestaurantPOS14.vbproj]
L:\New Restauraunt Pos\src\RestaurantPOS14\RestaurantPOS14\RPOS_DBDataSet1.vb(30320,20): error BC30456: 'RestaurantPOS_OrderedProductBillEBRowDeletedEvent' is not a member of 'RPOS_DBDataSet1.RestaurantPOS_OrderedProductBillEBDataTable'. [L:\New Restauraunt Pos\src\RestaurantPOS14\RestaurantPOS14.vbproj]
L:\New Restauraunt Pos\src\RestaurantPOS14\RestaurantPOS14\RPOS_DBDataSet1.vb(30321,32): error BC30451: 'RestaurantPOS_OrderedProductBillEBRowDeleted' is not declared. It may be inaccessible due to its protection level. [L:\New Restauraunt Pos\src\RestaurantPOS14\RestaurantPOS14.vbproj]
L:\New Restauraunt Pos\src\RestaurantPOS14\RestaurantPOS14\RPOS_DBDataSet1.vb(30329,20): error BC30456: 'RestaurantPOS_OrderedProductBillEBRowDeletingEvent' is not a member of 'RPOS_DBDataSet1.RestaurantPOS_OrderedProductBillEBDataTable'. [L:\New Restauraunt Pos\src\RestaurantPOS14\RestaurantPOS14.vbproj]
L:\New Restauraunt Pos\src\RestaurantPOS14\RestaurantPOS14\RPOS_DBDataSet1.vb(30330,32): error BC30451: 'RestaurantPOS_OrderedProductBillEBRowDeleting' is not declared. It may be inaccessible due to its protection level. [L:\New Restauraunt Pos\src\RestaurantPOS14\RestaurantPOS14.vbproj]
L:\New Restauraunt Pos\src\RestaurantPOS14\RestaurantPOS14\RPOS_DBDataSet1.vb(30875,20): error BC30456: 'RestaurantPOS_OrderedProductBillHDRowChangedEvent' is not a member of 'RPOS_DBDataSet1.RestaurantPOS_OrderedProductBillHDDataTable'. [L:\New Restauraunt Pos\src\RestaurantPOS14\RestaurantPOS14.vbproj]
L:\New Restauraunt Pos\src\RestaurantPOS14\RestaurantPOS14\RPOS_DBDataSet1.vb(30876,32): error BC30451: 'RestaurantPOS_OrderedProductBillHDRowChanged' is not declared. It may be inaccessible due to its protection level. [L:\New Restauraunt Pos\src\RestaurantPOS14\RestaurantPOS14.vbproj]
L:\New Restauraunt Pos\src\RestaurantPOS14\RestaurantPOS14\RPOS_DBDataSet1.vb(30884,20): error BC30456: 'RestaurantPOS_OrderedProductBillHDRowChangingEvent' is not a member of 'RPOS_DBDataSet1.RestaurantPOS_OrderedProductBillHDDataTable'. [L:\New Restauraunt Pos\src\RestaurantPOS14\RestaurantPOS14.vbproj]
L:\New Restauraunt Pos\src\RestaurantPOS14\RestaurantPOS14\RPOS_DBDataSet1.vb(30885,32): error BC30451: 'RestaurantPOS_OrderedProductBillHDRowChanging' is not declared. It may be inaccessible due to its protection level. [L:\New Restauraunt Pos\src\RestaurantPOS14\RestaurantPOS14.vbproj]
L:\New Restauraunt Pos\src\RestaurantPOS14\RestaurantPOS14\RPOS_DBDataSet1.vb(30893,20): error BC30456: 'RestaurantPOS_OrderedProductBillHDRowDeletedEvent' is not a member of 'RPOS_DBDataSet1.RestaurantPOS_OrderedProductBillHDDataTable'. [L:\New Restauraunt Pos\src\RestaurantPOS14\RestaurantPOS14.vbproj]
L:\New Restauraunt Pos\src\RestaurantPOS14\RestaurantPOS14\RPOS_DBDataSet1.vb(30894,32): error BC30451: 'RestaurantPOS_OrderedProductBillHDRowDeleted' is not declared. It may be inaccessible due to its protection level. [L:\New Restauraunt Pos\src\RestaurantPOS14\RestaurantPOS14.vbproj]
L:\New Restauraunt Pos\src\RestaurantPOS14\RestaurantPOS14\RPOS_DBDataSet1.vb(30902,20): error BC30456: 'RestaurantPOS_OrderedProductBillHDRowDeletingEvent' is not a member of 'RPOS_DBDataSet1.RestaurantPOS_OrderedProductBillHDDataTable'. [L:\New Restauraunt Pos\src\RestaurantPOS14\RestaurantPOS14.vbproj]
L:\New Restauraunt Pos\src\RestaurantPOS14\RestaurantPOS14\RPOS_DBDataSet1.vb(30903,32): error BC30451: 'RestaurantPOS_OrderedProductBillHDRowDeleting' is not declared. It may be inaccessible due to its protection level. [L:\New Restauraunt Pos\src\RestaurantPOS14\RestaurantPOS14.vbproj]
L:\New Restauraunt Pos\src\RestaurantPOS14\RestaurantPOS14\RPOS_DBDataSet1.vb(29718,20): error BC30456: 'RestaurantPOS_BillingInfoTARowChangedEvent' is not a member of 'RPOS_DBDataSet1.RestaurantPOS_BillingInfoTADataTable'. [L:\New Restauraunt Pos\src\RestaurantPOS14\RestaurantPOS14.vbproj]
L:\New Restauraunt Pos\src\RestaurantPOS14\RestaurantPOS14\RPOS_DBDataSet1.vb(29719,32): error BC30451: 'RestaurantPOS_BillingInfoTARowChanged' is not declared. It may be inaccessible due to its protection level. [L:\New Restauraunt Pos\src\RestaurantPOS14\RestaurantPOS14.vbproj]
L:\New Restauraunt Pos\src\RestaurantPOS14\RestaurantPOS14\RPOS_DBDataSet1.vb(28323,20): error BC30456: 'RestaurantPOS_BillingInfoHDRowChangedEvent' is not a member of 'RPOS_DBDataSet1.RestaurantPOS_BillingInfoHDDataTable'. [L:\New Restauraunt Pos\src\RestaurantPOS14\RestaurantPOS14.vbproj]
L:\New Restauraunt Pos\src\RestaurantPOS14\RestaurantPOS14\RPOS_DBDataSet1.vb(28324,32): error BC30451: 'RestaurantPOS_BillingInfoHDRowChanged' is not declared. It may be inaccessible due to its protection level. [L:\New Restauraunt Pos\src\RestaurantPOS14\RestaurantPOS14.vbproj]
L:\New Restauraunt Pos\src\RestaurantPOS14\RestaurantPOS14\RPOS_DBDataSet1.vb(28332,20): error BC30456: 'RestaurantPOS_BillingInfoHDRowChangingEvent' is not a member of 'RPOS_DBDataSet1.RestaurantPOS_BillingInfoHDDataTable'. [L:\New Restauraunt Pos\src\RestaurantPOS14\RestaurantPOS14.vbproj]
L:\New Restauraunt Pos\src\RestaurantPOS14\RestaurantPOS14\RPOS_DBDataSet1.vb(28333,32): error BC30451: 'RestaurantPOS_BillingInfoHDRowChanging' is not declared. It may be inaccessible due to its protection level. [L:\New Restauraunt Pos\src\RestaurantPOS14\RestaurantPOS14.vbproj]
L:\New Restauraunt Pos\src\RestaurantPOS14\RestaurantPOS14\RPOS_DBDataSet1.vb(29727,20): error BC30456: 'RestaurantPOS_BillingInfoTARowChangingEvent' is not a member of 'RPOS_DBDataSet1.RestaurantPOS_BillingInfoTADataTable'. [L:\New Restauraunt Pos\src\RestaurantPOS14\RestaurantPOS14.vbproj]
L:\New Restauraunt Pos\src\RestaurantPOS14\RestaurantPOS14\RPOS_DBDataSet1.vb(29728,32): error BC30451: 'RestaurantPOS_BillingInfoTARowChanging' is not declared. It may be inaccessible due to its protection level. [L:\New Restauraunt Pos\src\RestaurantPOS14\RestaurantPOS14.vbproj]
L:\New Restauraunt Pos\src\RestaurantPOS14\RestaurantPOS14\RPOS_DBDataSet1.vb(28341,20): error BC30456: 'RestaurantPOS_BillingInfoHDRowDeletedEvent' is not a member of 'RPOS_DBDataSet1.RestaurantPOS_BillingInfoHDDataTable'. [L:\New Restauraunt Pos\src\RestaurantPOS14\RestaurantPOS14.vbproj]
L:\New Restauraunt Pos\src\RestaurantPOS14\RestaurantPOS14\RPOS_DBDataSet1.vb(28342,32): error BC30451: 'RestaurantPOS_BillingInfoHDRowDeleted' is not declared. It may be inaccessible due to its protection level. [L:\New Restauraunt Pos\src\RestaurantPOS14\RestaurantPOS14.vbproj]
L:\New Restauraunt Pos\src\RestaurantPOS14\RestaurantPOS14\RPOS_DBDataSet1.vb(29736,20): error BC30456: 'RestaurantPOS_BillingInfoTARowDeletedEvent' is not a member of 'RPOS_DBDataSet1.RestaurantPOS_BillingInfoTADataTable'. [L:\New Restauraunt Pos\src\RestaurantPOS14\RestaurantPOS14.vbproj]
L:\New Restauraunt Pos\src\RestaurantPOS14\RestaurantPOS14\RPOS_DBDataSet1.vb(29737,32): error BC30451: 'RestaurantPOS_BillingInfoTARowDeleted' is not declared. It may be inaccessible due to its protection level. [L:\New Restauraunt Pos\src\RestaurantPOS14\RestaurantPOS14.vbproj]
L:\New Restauraunt Pos\src\RestaurantPOS14\RestaurantPOS14\RPOS_DBDataSet1.vb(33463,20): error BC30456: 'RM_UsedRowChangedEvent' is not a member of 'RPOS_DBDataSet1.RM_UsedDataTable'. [L:\New Restauraunt Pos\src\RestaurantPOS14\RestaurantPOS14.vbproj]
L:\New Restauraunt Pos\src\RestaurantPOS14\RestaurantPOS14\RPOS_DBDataSet1.vb(33464,32): error BC30451: 'RM_UsedRowChanged' is not declared. It may be inaccessible due to its protection level. [L:\New Restauraunt Pos\src\RestaurantPOS14\RestaurantPOS14.vbproj]
L:\New Restauraunt Pos\src\RestaurantPOS14\RestaurantPOS14\RPOS_DBDataSet1.vb(28350,20): error BC30456: 'RestaurantPOS_BillingInfoHDRowDeletingEvent' is not a member of 'RPOS_DBDataSet1.RestaurantPOS_BillingInfoHDDataTable'. [L:\New Restauraunt Pos\src\RestaurantPOS14\RestaurantPOS14.vbproj]
L:\New Restauraunt Pos\src\RestaurantPOS14\RestaurantPOS14\RPOS_DBDataSet1.vb(28351,32): error BC30451: 'RestaurantPOS_BillingInfoHDRowDeleting' is not declared. It may be inaccessible due to its protection level. [L:\New Restauraunt Pos\src\RestaurantPOS14\RestaurantPOS14.vbproj]
L:\New Restauraunt Pos\src\RestaurantPOS14\RestaurantPOS14\RPOS_DBDataSet1.vb(29745,20): error BC30456: 'RestaurantPOS_BillingInfoTARowDeletingEvent' is not a member of 'RPOS_DBDataSet1.RestaurantPOS_BillingInfoTADataTable'. [L:\New Restauraunt Pos\src\RestaurantPOS14\RestaurantPOS14.vbproj]
L:\New Restauraunt Pos\src\RestaurantPOS14\RestaurantPOS14\RPOS_DBDataSet1.vb(29746,32): error BC30451: 'RestaurantPOS_BillingInfoTARowDeleting' is not declared. It may be inaccessible due to its protection level. [L:\New Restauraunt Pos\src\RestaurantPOS14\RestaurantPOS14.vbproj]
L:\New Restauraunt Pos\src\RestaurantPOS14\RestaurantPOS14\RPOS_DBDataSet1.vb(33472,20): error BC30456: 'RM_UsedRowChangingEvent' is not a member of 'RPOS_DBDataSet1.RM_UsedDataTable'. [L:\New Restauraunt Pos\src\RestaurantPOS14\RestaurantPOS14.vbproj]
L:\New Restauraunt Pos\src\RestaurantPOS14\RestaurantPOS14\RPOS_DBDataSet1.vb(33473,32): error BC30451: 'RM_UsedRowChanging' is not declared. It may be inaccessible due to its protection level. [L:\New Restauraunt Pos\src\RestaurantPOS14\RestaurantPOS14.vbproj]
L:\New Restauraunt Pos\src\RestaurantPOS14\RestaurantPOS14\RPOS_DBDataSet1.vb(33481,20): error BC30456: 'RM_UsedRowDeletedEvent' is not a member of 'RPOS_DBDataSet1.RM_UsedDataTable'. [L:\New Restauraunt Pos\src\RestaurantPOS14\RestaurantPOS14.vbproj]
L:\New Restauraunt Pos\src\RestaurantPOS14\RestaurantPOS14\RPOS_DBDataSet1.vb(33482,32): error BC30451: 'RM_UsedRowDeleted' is not declared. It may be inaccessible due to its protection level. [L:\New Restauraunt Pos\src\RestaurantPOS14\RestaurantPOS14.vbproj]
L:\New Restauraunt Pos\src\RestaurantPOS14\RestaurantPOS14\RPOS_DBDataSet1.vb(33490,20): error BC30456: 'RM_UsedRowDeletingEvent' is not a member of 'RPOS_DBDataSet1.RM_UsedDataTable'. [L:\New Restauraunt Pos\src\RestaurantPOS14\RestaurantPOS14.vbproj]
L:\New Restauraunt Pos\src\RestaurantPOS14\RestaurantPOS14\RPOS_DBDataSet1.vb(33491,32): error BC30451: 'RM_UsedRowDeleting' is not declared. It may be inaccessible due to its protection level. [L:\New Restauraunt Pos\src\RestaurantPOS14\RestaurantPOS14.vbproj]
L:\New Restauraunt Pos\src\RestaurantPOS14\RestaurantPOS14\RPOS_DBDataSet1.vb(31449,20): error BC30456: 'RestaurantPOS_OrderedProductBillKOTRowChangedEvent' is not a member of 'RPOS_DBDataSet1.RestaurantPOS_OrderedProductBillKOTDataTable'. [L:\New Restauraunt Pos\src\RestaurantPOS14\RestaurantPOS14.vbproj]
L:\New Restauraunt Pos\src\RestaurantPOS14\RestaurantPOS14\RPOS_DBDataSet1.vb(31450,32): error BC30451: 'RestaurantPOS_OrderedProductBillKOTRowChanged' is not declared. It may be inaccessible due to its protection level. [L:\New Restauraunt Pos\src\RestaurantPOS14\RestaurantPOS14.vbproj]
L:\New Restauraunt Pos\src\RestaurantPOS14\RestaurantPOS14\RPOS_DBDataSet1.vb(31458,20): error BC30456: 'RestaurantPOS_OrderedProductBillKOTRowChangingEvent' is not a member of 'RPOS_DBDataSet1.RestaurantPOS_OrderedProductBillKOTDataTable'. [L:\New Restauraunt Pos\src\RestaurantPOS14\RestaurantPOS14.vbproj]
L:\New Restauraunt Pos\src\RestaurantPOS14\RestaurantPOS14\RPOS_DBDataSet1.vb(31459,32): error BC30451: 'RestaurantPOS_OrderedProductBillKOTRowChanging' is not declared. It may be inaccessible due to its protection level. [L:\New Restauraunt Pos\src\RestaurantPOS14\RestaurantPOS14.vbproj]
L:\New Restauraunt Pos\src\RestaurantPOS14\RestaurantPOS14\RPOS_DBDataSet1.vb(31467,20): error BC30456: 'RestaurantPOS_OrderedProductBillKOTRowDeletedEvent' is not a member of 'RPOS_DBDataSet1.RestaurantPOS_OrderedProductBillKOTDataTable'. [L:\New Restauraunt Pos\src\RestaurantPOS14\RestaurantPOS14.vbproj]
L:\New Restauraunt Pos\src\RestaurantPOS14\RestaurantPOS14\RPOS_DBDataSet1.vb(31468,32): error BC30451: 'RestaurantPOS_OrderedProductBillKOTRowDeleted' is not declared. It may be inaccessible due to its protection level. [L:\New Restauraunt Pos\src\RestaurantPOS14\RestaurantPOS14.vbproj]
L:\New Restauraunt Pos\src\RestaurantPOS14\RestaurantPOS14\RPOS_DBDataSet1.vb(31476,20): error BC30456: 'RestaurantPOS_OrderedProductBillKOTRowDeletingEvent' is not a member of 'RPOS_DBDataSet1.RestaurantPOS_OrderedProductBillKOTDataTable'. [L:\New Restauraunt Pos\src\RestaurantPOS14\RestaurantPOS14.vbproj]
L:\New Restauraunt Pos\src\RestaurantPOS14\RestaurantPOS14\RPOS_DBDataSet1.vb(31477,32): error BC30451: 'RestaurantPOS_OrderedProductBillKOTRowDeleting' is not declared. It may be inaccessible due to its protection level. [L:\New Restauraunt Pos\src\RestaurantPOS14\RestaurantPOS14.vbproj]
L:\New Restauraunt Pos\src\RestaurantPOS14\RestaurantPOS14\RPOS_DBDataSet1.vb(33112,20): error BC30456: 'RestaurantPOS_OrderInfoKOTRowChangedEvent' is not a member of 'RPOS_DBDataSet1.RestaurantPOS_OrderInfoKOTDataTable'. [L:\New Restauraunt Pos\src\RestaurantPOS14\RestaurantPOS14.vbproj]
L:\New Restauraunt Pos\src\RestaurantPOS14\RestaurantPOS14\RPOS_DBDataSet1.vb(33113,32): error BC30451: 'RestaurantPOS_OrderInfoKOTRowChanged' is not declared. It may be inaccessible due to its protection level. [L:\New Restauraunt Pos\src\RestaurantPOS14\RestaurantPOS14.vbproj]
L:\New Restauraunt Pos\src\RestaurantPOS14\RestaurantPOS14\RPOS_DBDataSet1.vb(33121,20): error BC30456: 'RestaurantPOS_OrderInfoKOTRowChangingEvent' is not a member of 'RPOS_DBDataSet1.RestaurantPOS_OrderInfoKOTDataTable'. [L:\New Restauraunt Pos\src\RestaurantPOS14\RestaurantPOS14.vbproj]
L:\New Restauraunt Pos\src\RestaurantPOS14\RestaurantPOS14\RPOS_DBDataSet1.vb(33122,32): error BC30451: 'RestaurantPOS_OrderInfoKOTRowChanging' is not declared. It may be inaccessible due to its protection level. [L:\New Restauraunt Pos\src\RestaurantPOS14\RestaurantPOS14.vbproj]
L:\New Restauraunt Pos\src\RestaurantPOS14\RestaurantPOS14\RPOS_DBDataSet1.vb(33130,20): error BC30456: 'RestaurantPOS_OrderInfoKOTRowDeletedEvent' is not a member of 'RPOS_DBDataSet1.RestaurantPOS_OrderInfoKOTDataTable'. [L:\New Restauraunt Pos\src\RestaurantPOS14\RestaurantPOS14.vbproj]
L:\New Restauraunt Pos\src\RestaurantPOS14\RestaurantPOS14\RPOS_DBDataSet1.vb(33131,32): error BC30451: 'RestaurantPOS_OrderInfoKOTRowDeleted' is not declared. It may be inaccessible due to its protection level. [L:\New Restauraunt Pos\src\RestaurantPOS14\RestaurantPOS14.vbproj]
L:\New Restauraunt Pos\src\RestaurantPOS14\RestaurantPOS14\RPOS_DBDataSet1.vb(33139,20): error BC30456: 'RestaurantPOS_OrderInfoKOTRowDeletingEvent' is not a member of 'RPOS_DBDataSet1.RestaurantPOS_OrderInfoKOTDataTable'. [L:\New Restauraunt Pos\src\RestaurantPOS14\RestaurantPOS14.vbproj]
L:\New Restauraunt Pos\src\RestaurantPOS14\RestaurantPOS14\RPOS_DBDataSet1.vb(33140,32): error BC30451: 'RestaurantPOS_OrderInfoKOTRowDeleting' is not declared. It may be inaccessible due to its protection level. [L:\New Restauraunt Pos\src\RestaurantPOS14\RestaurantPOS14.vbproj]
L:\New Restauraunt Pos\src\RestaurantPOS14\RestaurantPOS14\RPOS_DBDataSet1.vb(32621,20): error BC30456: 'RestaurantPOS_OrderedProductKOTRowChangedEvent' is not a member of 'RPOS_DBDataSet1.RestaurantPOS_OrderedProductKOTDataTable'. [L:\New Restauraunt Pos\src\RestaurantPOS14\RestaurantPOS14.vbproj]
L:\New Restauraunt Pos\src\RestaurantPOS14\RestaurantPOS14\RPOS_DBDataSet1.vb(32622,32): error BC30451: 'RestaurantPOS_OrderedProductKOTRowChanged' is not declared. It may be inaccessible due to its protection level. [L:\New Restauraunt Pos\src\RestaurantPOS14\RestaurantPOS14.vbproj]
L:\New Restauraunt Pos\src\RestaurantPOS14\RestaurantPOS14\RPOS_DBDataSet1.vb(32630,20): error BC30456: 'RestaurantPOS_OrderedProductKOTRowChangingEvent' is not a member of 'RPOS_DBDataSet1.RestaurantPOS_OrderedProductKOTDataTable'. [L:\New Restauraunt Pos\src\RestaurantPOS14\RestaurantPOS14.vbproj]
L:\New Restauraunt Pos\src\RestaurantPOS14\RestaurantPOS14\RPOS_DBDataSet1.vb(32631,32): error BC30451: 'RestaurantPOS_OrderedProductKOTRowChanging' is not declared. It may be inaccessible due to its protection level. [L:\New Restauraunt Pos\src\RestaurantPOS14\RestaurantPOS14.vbproj]
L:\New Restauraunt Pos\src\RestaurantPOS14\RestaurantPOS14\RPOS_DBDataSet1.vb(32639,20): error BC30456: 'RestaurantPOS_OrderedProductKOTRowDeletedEvent' is not a member of 'RPOS_DBDataSet1.RestaurantPOS_OrderedProductKOTDataTable'. [L:\New Restauraunt Pos\src\RestaurantPOS14\RestaurantPOS14.vbproj]
L:\New Restauraunt Pos\src\RestaurantPOS14\RestaurantPOS14\RPOS_DBDataSet1.vb(32640,32): error BC30451: 'RestaurantPOS_OrderedProductKOTRowDeleted' is not declared. It may be inaccessible due to its protection level. [L:\New Restauraunt Pos\src\RestaurantPOS14\RestaurantPOS14.vbproj]
L:\New Restauraunt Pos\src\RestaurantPOS14\RestaurantPOS14\RPOS_DBDataSet1.vb(32648,20): error BC30456: 'RestaurantPOS_OrderedProductKOTRowDeletingEvent' is not a member of 'RPOS_DBDataSet1.RestaurantPOS_OrderedProductKOTDataTable'. [L:\New Restauraunt Pos\src\RestaurantPOS14\RestaurantPOS14.vbproj]
L:\New Restauraunt Pos\src\RestaurantPOS14\RestaurantPOS14\RPOS_DBDataSet1.vb(32649,32): error BC30451: 'RestaurantPOS_OrderedProductKOTRowDeleting' is not declared. It may be inaccessible due to its protection level. [L:\New Restauraunt Pos\src\RestaurantPOS14\RestaurantPOS14.vbproj]
L:\New Restauraunt Pos\src\RestaurantPOS14\RestaurantPOS14\RPOS_DBDataSet1.vb(32036,20): error BC30456: 'RestaurantPOS_OrderedProductBillTARowChangedEvent' is not a member of 'RPOS_DBDataSet1.RestaurantPOS_OrderedProductBillTADataTable'. [L:\New Restauraunt Pos\src\RestaurantPOS14\RestaurantPOS14.vbproj]
L:\New Restauraunt Pos\src\RestaurantPOS14\RestaurantPOS14\RPOS_DBDataSet1.vb(32037,32): error BC30451: 'RestaurantPOS_OrderedProductBillTARowChanged' is not declared. It may be inaccessible due to its protection level. [L:\New Restauraunt Pos\src\RestaurantPOS14\RestaurantPOS14.vbproj]
L:\New Restauraunt Pos\src\RestaurantPOS14\RestaurantPOS14\RPOS_DBDataSet1.vb(32045,20): error BC30456: 'RestaurantPOS_OrderedProductBillTARowChangingEvent' is not a member of 'RPOS_DBDataSet1.RestaurantPOS_OrderedProductBillTADataTable'. [L:\New Restauraunt Pos\src\RestaurantPOS14\RestaurantPOS14.vbproj]
L:\New Restauraunt Pos\src\RestaurantPOS14\RestaurantPOS14\RPOS_DBDataSet1.vb(32046,32): error BC30451: 'RestaurantPOS_OrderedProductBillTARowChanging' is not declared. It may be inaccessible due to its protection level. [L:\New Restauraunt Pos\src\RestaurantPOS14\RestaurantPOS14.vbproj]
L:\New Restauraunt Pos\src\RestaurantPOS14\RestaurantPOS14\RPOS_DBDataSet1.vb(32054,20): error BC30456: 'RestaurantPOS_OrderedProductBillTARowDeletedEvent' is not a member of 'RPOS_DBDataSet1.RestaurantPOS_OrderedProductBillTADataTable'. [L:\New Restauraunt Pos\src\RestaurantPOS14\RestaurantPOS14.vbproj]
L:\New Restauraunt Pos\src\RestaurantPOS14\RestaurantPOS14\RPOS_DBDataSet1.vb(32055,32): error BC30451: 'RestaurantPOS_OrderedProductBillTARowDeleted' is not declared. It may be inaccessible due to its protection level. [L:\New Restauraunt Pos\src\RestaurantPOS14\RestaurantPOS14.vbproj]
L:\New Restauraunt Pos\src\RestaurantPOS14\RestaurantPOS14\RPOS_DBDataSet1.vb(32063,20): error BC30456: 'RestaurantPOS_OrderedProductBillTARowDeletingEvent' is not a member of 'RPOS_DBDataSet1.RestaurantPOS_OrderedProductBillTADataTable'. [L:\New Restauraunt Pos\src\RestaurantPOS14\RestaurantPOS14.vbproj]
L:\New Restauraunt Pos\src\RestaurantPOS14\RestaurantPOS14\RPOS_DBDataSet1.vb(32064,32): error BC30451: 'RestaurantPOS_OrderedProductBillTARowDeleting' is not declared. It may be inaccessible due to its protection level. [L:\New Restauraunt Pos\src\RestaurantPOS14\RestaurantPOS14.vbproj]
L:\New Restauraunt Pos\src\RestaurantPOS14\RestaurantPOS14\RPOS_DBDataSet1.vb(33841,20): error BC30456: 'RM_Used_JoinRowChangedEvent' is not a member of 'RPOS_DBDataSet1.RM_Used_JoinDataTable'. [L:\New Restauraunt Pos\src\RestaurantPOS14\RestaurantPOS14.vbproj]
L:\New Restauraunt Pos\src\RestaurantPOS14\RestaurantPOS14\RPOS_DBDataSet1.vb(33842,32): error BC30451: 'RM_Used_JoinRowChanged' is not declared. It may be inaccessible due to its protection level. [L:\New Restauraunt Pos\src\RestaurantPOS14\RestaurantPOS14.vbproj]
L:\New Restauraunt Pos\src\RestaurantPOS14\RestaurantPOS14\RPOS_DBDataSet1.vb(34166,20): error BC30456: 'RMCategoryRowChangedEvent' is not a member of 'RPOS_DBDataSet1.RMCategoryDataTable'. [L:\New Restauraunt Pos\src\RestaurantPOS14\RestaurantPOS14.vbproj]
L:\New Restauraunt Pos\src\RestaurantPOS14\RestaurantPOS14\RPOS_DBDataSet1.vb(34167,32): error BC30451: 'RMCategoryRowChanged' is not declared. It may be inaccessible due to its protection level. [L:\New Restauraunt Pos\src\RestaurantPOS14\RestaurantPOS14.vbproj]
L:\New Restauraunt Pos\src\RestaurantPOS14\RestaurantPOS14\RPOS_DBDataSet1.vb(33850,20): error BC30456: 'RM_Used_JoinRowChangingEvent' is not a member of 'RPOS_DBDataSet1.RM_Used_JoinDataTable'. [L:\New Restauraunt Pos\src\RestaurantPOS14\RestaurantPOS14.vbproj]
L:\New Restauraunt Pos\src\RestaurantPOS14\RestaurantPOS14\RPOS_DBDataSet1.vb(33851,32): error BC30451: 'RM_Used_JoinRowChanging' is not declared. It may be inaccessible due to its protection level. [L:\New Restauraunt Pos\src\RestaurantPOS14\RestaurantPOS14.vbproj]
L:\New Restauraunt Pos\src\RestaurantPOS14\RestaurantPOS14\RPOS_DBDataSet1.vb(34175,20): error BC30456: 'RMCategoryRowChangingEvent' is not a member of 'RPOS_DBDataSet1.RMCategoryDataTable'. [L:\New Restauraunt Pos\src\RestaurantPOS14\RestaurantPOS14.vbproj]
L:\New Restauraunt Pos\src\RestaurantPOS14\RestaurantPOS14\RPOS_DBDataSet1.vb(34176,32): error BC30451: 'RMCategoryRowChanging' is not declared. It may be inaccessible due to its protection level. [L:\New Restauraunt Pos\src\RestaurantPOS14\RestaurantPOS14.vbproj]
L:\New Restauraunt Pos\src\RestaurantPOS14\RestaurantPOS14\RPOS_DBDataSet1.vb(33859,20): error BC30456: 'RM_Used_JoinRowDeletedEvent' is not a member of 'RPOS_DBDataSet1.RM_Used_JoinDataTable'. [L:\New Restauraunt Pos\src\RestaurantPOS14\RestaurantPOS14.vbproj]
L:\New Restauraunt Pos\src\RestaurantPOS14\RestaurantPOS14\RPOS_DBDataSet1.vb(33860,32): error BC30451: 'RM_Used_JoinRowDeleted' is not declared. It may be inaccessible due to its protection level. [L:\New Restauraunt Pos\src\RestaurantPOS14\RestaurantPOS14.vbproj]
L:\New Restauraunt Pos\src\RestaurantPOS14\RestaurantPOS14\RPOS_DBDataSet1.vb(34184,20): error BC30456: 'RMCategoryRowDeletedEvent' is not a member of 'RPOS_DBDataSet1.RMCategoryDataTable'. [L:\New Restauraunt Pos\src\RestaurantPOS14\RestaurantPOS14.vbproj]
L:\New Restauraunt Pos\src\RestaurantPOS14\RestaurantPOS14\RPOS_DBDataSet1.vb(34185,32): error BC30451: 'RMCategoryRowDeleted' is not declared. It may be inaccessible due to its protection level. [L:\New Restauraunt Pos\src\RestaurantPOS14\RestaurantPOS14.vbproj]
L:\New Restauraunt Pos\src\RestaurantPOS14\RestaurantPOS14\RPOS_DBDataSet1.vb(33868,20): error BC30456: 'RM_Used_JoinRowDeletingEvent' is not a member of 'RPOS_DBDataSet1.RM_Used_JoinDataTable'. [L:\New Restauraunt Pos\src\RestaurantPOS14\RestaurantPOS14.vbproj]
L:\New Restauraunt Pos\src\RestaurantPOS14\RestaurantPOS14\RPOS_DBDataSet1.vb(33869,32): error BC30451: 'RM_Used_JoinRowDeleting' is not declared. It may be inaccessible due to its protection level. [L:\New Restauraunt Pos\src\RestaurantPOS14\RestaurantPOS14.vbproj]
L:\New Restauraunt Pos\src\RestaurantPOS14\RestaurantPOS14\RPOS_DBDataSet1.vb(34193,20): error BC30456: 'RMCategoryRowDeletingEvent' is not a member of 'RPOS_DBDataSet1.RMCategoryDataTable'. [L:\New Restauraunt Pos\src\RestaurantPOS14\RestaurantPOS14.vbproj]
L:\New Restauraunt Pos\src\RestaurantPOS14\RestaurantPOS14\RPOS_DBDataSet1.vb(34194,32): error BC30451: 'RMCategoryRowDeleting' is not declared. It may be inaccessible due to its protection level. [L:\New Restauraunt Pos\src\RestaurantPOS14\RestaurantPOS14.vbproj]
L:\New Restauraunt Pos\src\RestaurantPOS14\RestaurantPOS14\RPOS_DBDataSet1.vb(34898,20): error BC30456: 'Stock_StoreRowChangedEvent' is not a member of 'RPOS_DBDataSet1.Stock_StoreDataTable'. [L:\New Restauraunt Pos\src\RestaurantPOS14\RestaurantPOS14.vbproj]
L:\New Restauraunt Pos\src\RestaurantPOS14\RestaurantPOS14\RPOS_DBDataSet1.vb(34899,32): error BC30451: 'Stock_StoreRowChanged' is not declared. It may be inaccessible due to its protection level. [L:\New Restauraunt Pos\src\RestaurantPOS14\RestaurantPOS14.vbproj]
L:\New Restauraunt Pos\src\RestaurantPOS14\RestaurantPOS14\RPOS_DBDataSet1.vb(34907,20): error BC30456: 'Stock_StoreRowChangingEvent' is not a member of 'RPOS_DBDataSet1.Stock_StoreDataTable'. [L:\New Restauraunt Pos\src\RestaurantPOS14\RestaurantPOS14.vbproj]
L:\New Restauraunt Pos\src\RestaurantPOS14\RestaurantPOS14\RPOS_DBDataSet1.vb(34908,32): error BC30451: 'Stock_StoreRowChanging' is not declared. It may be inaccessible due to its protection level. [L:\New Restauraunt Pos\src\RestaurantPOS14\RestaurantPOS14.vbproj]
L:\New Restauraunt Pos\src\RestaurantPOS14\RestaurantPOS14\RPOS_DBDataSet1.vb(34916,20): error BC30456: 'Stock_StoreRowDeletedEvent' is not a member of 'RPOS_DBDataSet1.Stock_StoreDataTable'. [L:\New Restauraunt Pos\src\RestaurantPOS14\RestaurantPOS14.vbproj]
L:\New Restauraunt Pos\src\RestaurantPOS14\RestaurantPOS14\RPOS_DBDataSet1.vb(34917,32): error BC30451: 'Stock_StoreRowDeleted' is not declared. It may be inaccessible due to its protection level. [L:\New Restauraunt Pos\src\RestaurantPOS14\RestaurantPOS14.vbproj]
L:\New Restauraunt Pos\src\RestaurantPOS14\RestaurantPOS14\RPOS_DBDataSet1.vb(35280,20): error BC30456: 'Stock_Store_JoinRowChangedEvent' is not a member of 'RPOS_DBDataSet1.Stock_Store_JoinDataTable'. [L:\New Restauraunt Pos\src\RestaurantPOS14\RestaurantPOS14.vbproj]
L:\New Restauraunt Pos\src\RestaurantPOS14\RestaurantPOS14\RPOS_DBDataSet1.vb(35281,32): error BC30451: 'Stock_Store_JoinRowChanged' is not declared. It may be inaccessible due to its protection level. [L:\New Restauraunt Pos\src\RestaurantPOS14\RestaurantPOS14.vbproj]
L:\New Restauraunt Pos\src\RestaurantPOS14\RestaurantPOS14\RPOS_DBDataSet1.vb(34925,20): error BC30456: 'Stock_StoreRowDeletingEvent' is not a member of 'RPOS_DBDataSet1.Stock_StoreDataTable'. [L:\New Restauraunt Pos\src\RestaurantPOS14\RestaurantPOS14.vbproj]
L:\New Restauraunt Pos\src\RestaurantPOS14\RestaurantPOS14\RPOS_DBDataSet1.vb(34926,32): error BC30451: 'Stock_StoreRowDeleting' is not declared. It may be inaccessible due to its protection level. [L:\New Restauraunt Pos\src\RestaurantPOS14\RestaurantPOS14.vbproj]
L:\New Restauraunt Pos\src\RestaurantPOS14\RestaurantPOS14\RPOS_DBDataSet1.vb(35289,20): error BC30456: 'Stock_Store_JoinRowChangingEvent' is not a member of 'RPOS_DBDataSet1.Stock_Store_JoinDataTable'. [L:\New Restauraunt Pos\src\RestaurantPOS14\RestaurantPOS14.vbproj]
L:\New Restauraunt Pos\src\RestaurantPOS14\RestaurantPOS14\RPOS_DBDataSet1.vb(35290,32): error BC30451: 'Stock_Store_JoinRowChanging' is not declared. It may be inaccessible due to its protection level. [L:\New Restauraunt Pos\src\RestaurantPOS14\RestaurantPOS14.vbproj]
L:\New Restauraunt Pos\src\RestaurantPOS14\RestaurantPOS14\RPOS_DBDataSet1.vb(35298,20): error BC30456: 'Stock_Store_JoinRowDeletedEvent' is not a member of 'RPOS_DBDataSet1.Stock_Store_JoinDataTable'. [L:\New Restauraunt Pos\src\RestaurantPOS14\RestaurantPOS14.vbproj]
L:\New Restauraunt Pos\src\RestaurantPOS14\RestaurantPOS14\RPOS_DBDataSet1.vb(35299,32): error BC30451: 'Stock_Store_JoinRowDeleted' is not declared. It may be inaccessible due to its protection level. [L:\New Restauraunt Pos\src\RestaurantPOS14\RestaurantPOS14.vbproj]
L:\New Restauraunt Pos\src\RestaurantPOS14\RestaurantPOS14\RPOS_DBDataSet1.vb(35307,20): error BC30456: 'Stock_Store_JoinRowDeletingEvent' is not a member of 'RPOS_DBDataSet1.Stock_Store_JoinDataTable'. [L:\New Restauraunt Pos\src\RestaurantPOS14\RestaurantPOS14.vbproj]
L:\New Restauraunt Pos\src\RestaurantPOS14\RestaurantPOS14\RPOS_DBDataSet1.vb(35308,32): error BC30451: 'Stock_Store_JoinRowDeleting' is not declared. It may be inaccessible due to its protection level. [L:\New Restauraunt Pos\src\RestaurantPOS14\RestaurantPOS14.vbproj]
L:\New Restauraunt Pos\src\RestaurantPOS14\RestaurantPOS14\RPOS_DBDataSet1.vb(34542,20): error BC30456: 'SMSSettingRowChangedEvent' is not a member of 'RPOS_DBDataSet1.SMSSettingDataTable'. [L:\New Restauraunt Pos\src\RestaurantPOS14\RestaurantPOS14.vbproj]
L:\New Restauraunt Pos\src\RestaurantPOS14\RestaurantPOS14\RPOS_DBDataSet1.vb(34543,32): error BC30451: 'SMSSettingRowChanged' is not declared. It may be inaccessible due to its protection level. [L:\New Restauraunt Pos\src\RestaurantPOS14\RestaurantPOS14.vbproj]
L:\New Restauraunt Pos\src\RestaurantPOS14\RestaurantPOS14\RPOS_DBDataSet1.vb(34551,20): error BC30456: 'SMSSettingRowChangingEvent' is not a member of 'RPOS_DBDataSet1.SMSSettingDataTable'. [L:\New Restauraunt Pos\src\RestaurantPOS14\RestaurantPOS14.vbproj]
L:\New Restauraunt Pos\src\RestaurantPOS14\RestaurantPOS14\RPOS_DBDataSet1.vb(34552,32): error BC30451: 'SMSSettingRowChanging' is not declared. It may be inaccessible due to its protection level. [L:\New Restauraunt Pos\src\RestaurantPOS14\RestaurantPOS14.vbproj]
L:\New Restauraunt Pos\src\RestaurantPOS14\RestaurantPOS14\RPOS_DBDataSet1.vb(34560,20): error BC30456: 'SMSSettingRowDeletedEvent' is not a member of 'RPOS_DBDataSet1.SMSSettingDataTable'. [L:\New Restauraunt Pos\src\RestaurantPOS14\RestaurantPOS14.vbproj]
L:\New Restauraunt Pos\src\RestaurantPOS14\RestaurantPOS14\RPOS_DBDataSet1.vb(34561,32): error BC30451: 'SMSSettingRowDeleted' is not declared. It may be inaccessible due to its protection level. [L:\New Restauraunt Pos\src\RestaurantPOS14\RestaurantPOS14.vbproj]
L:\New Restauraunt Pos\src\RestaurantPOS14\RestaurantPOS14\RPOS_DBDataSet1.vb(34569,20): error BC30456: 'SMSSettingRowDeletingEvent' is not a member of 'RPOS_DBDataSet1.SMSSettingDataTable'. [L:\New Restauraunt Pos\src\RestaurantPOS14\RestaurantPOS14.vbproj]
L:\New Restauraunt Pos\src\RestaurantPOS14\RestaurantPOS14\RPOS_DBDataSet1.vb(34570,32): error BC30451: 'SMSSettingRowDeleting' is not declared. It may be inaccessible due to its protection level. [L:\New Restauraunt Pos\src\RestaurantPOS14\RestaurantPOS14.vbproj]
L:\New Restauraunt Pos\src\RestaurantPOS14\RestaurantPOS14\RPOS_DBDataSet1.vb(36080,20): error BC30456: 'StockAdjustment_StoreRowChangedEvent' is not a member of 'RPOS_DBDataSet1.StockAdjustment_StoreDataTable'. [L:\New Restauraunt Pos\src\RestaurantPOS14\RestaurantPOS14.vbproj]
L:\New Restauraunt Pos\src\RestaurantPOS14\RestaurantPOS14\RPOS_DBDataSet1.vb(36081,32): error BC30451: 'StockAdjustment_StoreRowChanged' is not declared. It may be inaccessible due to its protection level. [L:\New Restauraunt Pos\src\RestaurantPOS14\RestaurantPOS14.vbproj]
L:\New Restauraunt Pos\src\RestaurantPOS14\RestaurantPOS14\RPOS_DBDataSet1.vb(35679,20): error BC30456: 'StockAdjustment_MIRowChangedEvent' is not a member of 'RPOS_DBDataSet1.StockAdjustment_MIDataTable'. [L:\New Restauraunt Pos\src\RestaurantPOS14\RestaurantPOS14.vbproj]
L:\New Restauraunt Pos\src\RestaurantPOS14\RestaurantPOS14\RPOS_DBDataSet1.vb(35680,32): error BC30451: 'StockAdjustment_MIRowChanged' is not declared. It may be inaccessible due to its protection level. [L:\New Restauraunt Pos\src\RestaurantPOS14\RestaurantPOS14.vbproj]
L:\New Restauraunt Pos\src\RestaurantPOS14\RestaurantPOS14\RPOS_DBDataSet1.vb(36089,20): error BC30456: 'StockAdjustment_StoreRowChangingEvent' is not a member of 'RPOS_DBDataSet1.StockAdjustment_StoreDataTable'. [L:\New Restauraunt Pos\src\RestaurantPOS14\RestaurantPOS14.vbproj]
L:\New Restauraunt Pos\src\RestaurantPOS14\RestaurantPOS14\RPOS_DBDataSet1.vb(36090,32): error BC30451: 'StockAdjustment_StoreRowChanging' is not declared. It may be inaccessible due to its protection level. [L:\New Restauraunt Pos\src\RestaurantPOS14\RestaurantPOS14.vbproj]
L:\New Restauraunt Pos\src\RestaurantPOS14\RestaurantPOS14\RPOS_DBDataSet1.vb(35688,20): error BC30456: 'StockAdjustment_MIRowChangingEvent' is not a member of 'RPOS_DBDataSet1.StockAdjustment_MIDataTable'. [L:\New Restauraunt Pos\src\RestaurantPOS14\RestaurantPOS14.vbproj]
L:\New Restauraunt Pos\src\RestaurantPOS14\RestaurantPOS14\RPOS_DBDataSet1.vb(35689,32): error BC30451: 'StockAdjustment_MIRowChanging' is not declared. It may be inaccessible due to its protection level. [L:\New Restauraunt Pos\src\RestaurantPOS14\RestaurantPOS14.vbproj]
L:\New Restauraunt Pos\src\RestaurantPOS14\RestaurantPOS14\RPOS_DBDataSet1.vb(36098,20): error BC30456: 'StockAdjustment_StoreRowDeletedEvent' is not a member of 'RPOS_DBDataSet1.StockAdjustment_StoreDataTable'. [L:\New Restauraunt Pos\src\RestaurantPOS14\RestaurantPOS14.vbproj]
L:\New Restauraunt Pos\src\RestaurantPOS14\RestaurantPOS14\RPOS_DBDataSet1.vb(36099,32): error BC30451: 'StockAdjustment_StoreRowDeleted' is not declared. It may be inaccessible due to its protection level. [L:\New Restauraunt Pos\src\RestaurantPOS14\RestaurantPOS14.vbproj]
L:\New Restauraunt Pos\src\RestaurantPOS14\RestaurantPOS14\RPOS_DBDataSet1.vb(35697,20): error BC30456: 'StockAdjustment_MIRowDeletedEvent' is not a member of 'RPOS_DBDataSet1.StockAdjustment_MIDataTable'. [L:\New Restauraunt Pos\src\RestaurantPOS14\RestaurantPOS14.vbproj]
L:\New Restauraunt Pos\src\RestaurantPOS14\RestaurantPOS14\RPOS_DBDataSet1.vb(35698,32): error BC30451: 'StockAdjustment_MIRowDeleted' is not declared. It may be inaccessible due to its protection level. [L:\New Restauraunt Pos\src\RestaurantPOS14\RestaurantPOS14.vbproj]
L:\New Restauraunt Pos\src\RestaurantPOS14\RestaurantPOS14\RPOS_DBDataSet1.vb(36107,20): error BC30456: 'StockAdjustment_StoreRowDeletingEvent' is not a member of 'RPOS_DBDataSet1.StockAdjustment_StoreDataTable'. [L:\New Restauraunt Pos\src\RestaurantPOS14\RestaurantPOS14.vbproj]
L:\New Restauraunt Pos\src\RestaurantPOS14\RestaurantPOS14\RPOS_DBDataSet1.vb(36108,32): error BC30451: 'StockAdjustment_StoreRowDeleting' is not declared. It may be inaccessible due to its protection level. [L:\New Restauraunt Pos\src\RestaurantPOS14\RestaurantPOS14.vbproj]
L:\New Restauraunt Pos\src\RestaurantPOS14\RestaurantPOS14\RPOS_DBDataSet1.vb(35706,20): error BC30456: 'StockAdjustment_MIRowDeletingEvent' is not a member of 'RPOS_DBDataSet1.StockAdjustment_MIDataTable'. [L:\New Restauraunt Pos\src\RestaurantPOS14\RestaurantPOS14.vbproj]
L:\New Restauraunt Pos\src\RestaurantPOS14\RestaurantPOS14\RPOS_DBDataSet1.vb(35707,32): error BC30451: 'StockAdjustment_MIRowDeleting' is not declared. It may be inaccessible due to its protection level. [L:\New Restauraunt Pos\src\RestaurantPOS14\RestaurantPOS14.vbproj]
L:\New Restauraunt Pos\src\RestaurantPOS14\RestaurantPOS14\RPOS_DBDataSet1.vb(36859,20): error BC30456: 'StockTransferRowChangedEvent' is not a member of 'RPOS_DBDataSet1.StockTransferDataTable'. [L:\New Restauraunt Pos\src\RestaurantPOS14\RestaurantPOS14.vbproj]
L:\New Restauraunt Pos\src\RestaurantPOS14\RestaurantPOS14\RPOS_DBDataSet1.vb(36860,32): error BC30451: 'StockTransferRowChanged' is not declared. It may be inaccessible due to its protection level. [L:\New Restauraunt Pos\src\RestaurantPOS14\RestaurantPOS14.vbproj]
L:\New Restauraunt Pos\src\RestaurantPOS14\RestaurantPOS14\RPOS_DBDataSet1.vb(36868,20): error BC30456: 'StockTransferRowChangingEvent' is not a member of 'RPOS_DBDataSet1.StockTransferDataTable'. [L:\New Restauraunt Pos\src\RestaurantPOS14\RestaurantPOS14.vbproj]
L:\New Restauraunt Pos\src\RestaurantPOS14\RestaurantPOS14\RPOS_DBDataSet1.vb(36869,32): error BC30451: 'StockTransferRowChanging' is not declared. It may be inaccessible due to its protection level. [L:\New Restauraunt Pos\src\RestaurantPOS14\RestaurantPOS14.vbproj]
L:\New Restauraunt Pos\src\RestaurantPOS14\RestaurantPOS14\RPOS_DBDataSet1.vb(36877,20): error BC30456: 'StockTransferRowDeletedEvent' is not a member of 'RPOS_DBDataSet1.StockTransferDataTable'. [L:\New Restauraunt Pos\src\RestaurantPOS14\RestaurantPOS14.vbproj]
L:\New Restauraunt Pos\src\RestaurantPOS14\RestaurantPOS14\RPOS_DBDataSet1.vb(36878,32): error BC30451: 'StockTransferRowDeleted' is not declared. It may be inaccessible due to its protection level. [L:\New Restauraunt Pos\src\RestaurantPOS14\RestaurantPOS14.vbproj]
L:\New Restauraunt Pos\src\RestaurantPOS14\RestaurantPOS14\RPOS_DBDataSet1.vb(36886,20): error BC30456: 'StockTransferRowDeletingEvent' is not a member of 'RPOS_DBDataSet1.StockTransferDataTable'. [L:\New Restauraunt Pos\src\RestaurantPOS14\RestaurantPOS14.vbproj]
L:\New Restauraunt Pos\src\RestaurantPOS14\RestaurantPOS14\RPOS_DBDataSet1.vb(36887,32): error BC30451: 'StockTransferRowDeleting' is not declared. It may be inaccessible due to its protection level. [L:\New Restauraunt Pos\src\RestaurantPOS14\RestaurantPOS14.vbproj]
L:\New Restauraunt Pos\src\RestaurantPOS14\RestaurantPOS14\RPOS_DBDataSet1.vb(36496,20): error BC30456: 'StockAdjustment_WarehouseRowChangedEvent' is not a member of 'RPOS_DBDataSet1.StockAdjustment_WarehouseDataTable'. [L:\New Restauraunt Pos\src\RestaurantPOS14\RestaurantPOS14.vbproj]
L:\New Restauraunt Pos\src\RestaurantPOS14\RestaurantPOS14\RPOS_DBDataSet1.vb(36497,32): error BC30451: 'StockAdjustment_WarehouseRowChanged' is not declared. It may be inaccessible due to its protection level. [L:\New Restauraunt Pos\src\RestaurantPOS14\RestaurantPOS14.vbproj]
L:\New Restauraunt Pos\src\RestaurantPOS14\RestaurantPOS14\RPOS_DBDataSet1.vb(36505,20): error BC30456: 'StockAdjustment_WarehouseRowChangingEvent' is not a member of 'RPOS_DBDataSet1.StockAdjustment_WarehouseDataTable'. [L:\New Restauraunt Pos\src\RestaurantPOS14\RestaurantPOS14.vbproj]
L:\New Restauraunt Pos\src\RestaurantPOS14\RestaurantPOS14\RPOS_DBDataSet1.vb(36506,32): error BC30451: 'StockAdjustment_WarehouseRowChanging' is not declared. It may be inaccessible due to its protection level. [L:\New Restauraunt Pos\src\RestaurantPOS14\RestaurantPOS14.vbproj]
L:\New Restauraunt Pos\src\RestaurantPOS14\RestaurantPOS14\RPOS_DBDataSet1.vb(36514,20): error BC30456: 'StockAdjustment_WarehouseRowDeletedEvent' is not a member of 'RPOS_DBDataSet1.StockAdjustment_WarehouseDataTable'. [L:\New Restauraunt Pos\src\RestaurantPOS14\RestaurantPOS14.vbproj]
L:\New Restauraunt Pos\src\RestaurantPOS14\RestaurantPOS14\RPOS_DBDataSet1.vb(36515,32): error BC30451: 'StockAdjustment_WarehouseRowDeleted' is not declared. It may be inaccessible due to its protection level. [L:\New Restauraunt Pos\src\RestaurantPOS14\RestaurantPOS14.vbproj]
L:\New Restauraunt Pos\src\RestaurantPOS14\RestaurantPOS14\RPOS_DBDataSet1.vb(37270,20): error BC30456: 'StockTransfer_JoinRowChangedEvent' is not a member of 'RPOS_DBDataSet1.StockTransfer_JoinDataTable'. [L:\New Restauraunt Pos\src\RestaurantPOS14\RestaurantPOS14.vbproj]
L:\New Restauraunt Pos\src\RestaurantPOS14\RestaurantPOS14\RPOS_DBDataSet1.vb(37271,32): error BC30451: 'StockTransfer_JoinRowChanged' is not declared. It may be inaccessible due to its protection level. [L:\New Restauraunt Pos\src\RestaurantPOS14\RestaurantPOS14.vbproj]
L:\New Restauraunt Pos\src\RestaurantPOS14\RestaurantPOS14\RPOS_DBDataSet1.vb(37279,20): error BC30456: 'StockTransfer_JoinRowChangingEvent' is not a member of 'RPOS_DBDataSet1.StockTransfer_JoinDataTable'. [L:\New Restauraunt Pos\src\RestaurantPOS14\RestaurantPOS14.vbproj]
L:\New Restauraunt Pos\src\RestaurantPOS14\RestaurantPOS14\RPOS_DBDataSet1.vb(37280,32): error BC30451: 'StockTransfer_JoinRowChanging' is not declared. It may be inaccessible due to its protection level. [L:\New Restauraunt Pos\src\RestaurantPOS14\RestaurantPOS14.vbproj]
L:\New Restauraunt Pos\src\RestaurantPOS14\RestaurantPOS14\RPOS_DBDataSet1.vb(37288,20): error BC30456: 'StockTransfer_JoinRowDeletedEvent' is not a member of 'RPOS_DBDataSet1.StockTransfer_JoinDataTable'. [L:\New Restauraunt Pos\src\RestaurantPOS14\RestaurantPOS14.vbproj]
L:\New Restauraunt Pos\src\RestaurantPOS14\RestaurantPOS14\RPOS_DBDataSet1.vb(37289,32): error BC30451: 'StockTransfer_JoinRowDeleted' is not declared. It may be inaccessible due to its protection level. [L:\New Restauraunt Pos\src\RestaurantPOS14\RestaurantPOS14.vbproj]
L:\New Restauraunt Pos\src\RestaurantPOS14\RestaurantPOS14\RPOS_DBDataSet1.vb(37297,20): error BC30456: 'StockTransfer_JoinRowDeletingEvent' is not a member of 'RPOS_DBDataSet1.StockTransfer_JoinDataTable'. [L:\New Restauraunt Pos\src\RestaurantPOS14\RestaurantPOS14.vbproj]
L:\New Restauraunt Pos\src\RestaurantPOS14\RestaurantPOS14\RPOS_DBDataSet1.vb(37298,32): error BC30451: 'StockTransfer_JoinRowDeleting' is not declared. It may be inaccessible due to its protection level. [L:\New Restauraunt Pos\src\RestaurantPOS14\RestaurantPOS14.vbproj]
L:\New Restauraunt Pos\src\RestaurantPOS14\RestaurantPOS14\RPOS_DBDataSet1.vb(36523,20): error BC30456: 'StockAdjustment_WarehouseRowDeletingEvent' is not a member of 'RPOS_DBDataSet1.StockAdjustment_WarehouseDataTable'. [L:\New Restauraunt Pos\src\RestaurantPOS14\RestaurantPOS14.vbproj]
L:\New Restauraunt Pos\src\RestaurantPOS14\RestaurantPOS14\RPOS_DBDataSet1.vb(36524,32): error BC30451: 'StockAdjustment_WarehouseRowDeleting' is not declared. It may be inaccessible due to its protection level. [L:\New Restauraunt Pos\src\RestaurantPOS14\RestaurantPOS14.vbproj]
L:\New Restauraunt Pos\src\RestaurantPOS14\RestaurantPOS14\RPOS_DBDataSet1.vb(39101,20): error BC30456: 'TableMappingRowChangedEvent' is not a member of 'RPOS_DBDataSet1.TableMappingDataTable'. [L:\New Restauraunt Pos\src\RestaurantPOS14\RestaurantPOS14.vbproj]
L:\New Restauraunt Pos\src\RestaurantPOS14\RestaurantPOS14\RPOS_DBDataSet1.vb(39102,32): error BC30451: 'TableMappingRowChanged' is not declared. It may be inaccessible due to its protection level. [L:\New Restauraunt Pos\src\RestaurantPOS14\RestaurantPOS14.vbproj]
L:\New Restauraunt Pos\src\RestaurantPOS14\RestaurantPOS14\RPOS_DBDataSet1.vb(39110,20): error BC30456: 'TableMappingRowChangingEvent' is not a member of 'RPOS_DBDataSet1.TableMappingDataTable'. [L:\New Restauraunt Pos\src\RestaurantPOS14\RestaurantPOS14.vbproj]
L:\New Restauraunt Pos\src\RestaurantPOS14\RestaurantPOS14\RPOS_DBDataSet1.vb(39111,32): error BC30451: 'TableMappingRowChanging' is not declared. It may be inaccessible due to its protection level. [L:\New Restauraunt Pos\src\RestaurantPOS14\RestaurantPOS14.vbproj]
L:\New Restauraunt Pos\src\RestaurantPOS14\RestaurantPOS14\RPOS_DBDataSet1.vb(38309,20): error BC30456: 'SupplierLedgerBookRowChangedEvent' is not a member of 'RPOS_DBDataSet1.SupplierLedgerBookDataTable'. [L:\New Restauraunt Pos\src\RestaurantPOS14\RestaurantPOS14.vbproj]
L:\New Restauraunt Pos\src\RestaurantPOS14\RestaurantPOS14\RPOS_DBDataSet1.vb(38310,32): error BC30451: 'SupplierLedgerBookRowChanged' is not declared. It may be inaccessible due to its protection level. [L:\New Restauraunt Pos\src\RestaurantPOS14\RestaurantPOS14.vbproj]
L:\New Restauraunt Pos\src\RestaurantPOS14\RestaurantPOS14\RPOS_DBDataSet1.vb(39119,20): error BC30456: 'TableMappingRowDeletedEvent' is not a member of 'RPOS_DBDataSet1.TableMappingDataTable'. [L:\New Restauraunt Pos\src\RestaurantPOS14\RestaurantPOS14.vbproj]
L:\New Restauraunt Pos\src\RestaurantPOS14\RestaurantPOS14\RPOS_DBDataSet1.vb(39120,32): error BC30451: 'TableMappingRowDeleted' is not declared. It may be inaccessible due to its protection level. [L:\New Restauraunt Pos\src\RestaurantPOS14\RestaurantPOS14.vbproj]
L:\New Restauraunt Pos\src\RestaurantPOS14\RestaurantPOS14\RPOS_DBDataSet1.vb(38318,20): error BC30456: 'SupplierLedgerBookRowChangingEvent' is not a member of 'RPOS_DBDataSet1.SupplierLedgerBookDataTable'. [L:\New Restauraunt Pos\src\RestaurantPOS14\RestaurantPOS14.vbproj]
L:\New Restauraunt Pos\src\RestaurantPOS14\RestaurantPOS14\RPOS_DBDataSet1.vb(38319,32): error BC30451: 'SupplierLedgerBookRowChanging' is not declared. It may be inaccessible due to its protection level. [L:\New Restauraunt Pos\src\RestaurantPOS14\RestaurantPOS14.vbproj]
L:\New Restauraunt Pos\src\RestaurantPOS14\RestaurantPOS14\RPOS_DBDataSet1.vb(39128,20): error BC30456: 'TableMappingRowDeletingEvent' is not a member of 'RPOS_DBDataSet1.TableMappingDataTable'. [L:\New Restauraunt Pos\src\RestaurantPOS14\RestaurantPOS14.vbproj]
L:\New Restauraunt Pos\src\RestaurantPOS14\RestaurantPOS14\RPOS_DBDataSet1.vb(39129,32): error BC30451: 'TableMappingRowDeleting' is not declared. It may be inaccessible due to its protection level. [L:\New Restauraunt Pos\src\RestaurantPOS14\RestaurantPOS14.vbproj]
L:\New Restauraunt Pos\src\RestaurantPOS14\RestaurantPOS14\RPOS_DBDataSet1.vb(38327,20): error BC30456: 'SupplierLedgerBookRowDeletedEvent' is not a member of 'RPOS_DBDataSet1.SupplierLedgerBookDataTable'. [L:\New Restauraunt Pos\src\RestaurantPOS14\RestaurantPOS14.vbproj]
L:\New Restauraunt Pos\src\RestaurantPOS14\RestaurantPOS14\RPOS_DBDataSet1.vb(38328,32): error BC30451: 'SupplierLedgerBookRowDeleted' is not declared. It may be inaccessible due to its protection level. [L:\New Restauraunt Pos\src\RestaurantPOS14\RestaurantPOS14.vbproj]
L:\New Restauraunt Pos\src\RestaurantPOS14\RestaurantPOS14\RPOS_DBDataSet1.vb(39899,20): error BC30456: 'tblOrderRowChangedEvent' is not a member of 'RPOS_DBDataSet1.tblOrderDataTable'. [L:\New Restauraunt Pos\src\RestaurantPOS14\RestaurantPOS14.vbproj]
L:\New Restauraunt Pos\src\RestaurantPOS14\RestaurantPOS14\RPOS_DBDataSet1.vb(39900,32): error BC30451: 'tblOrderRowChanged' is not declared. It may be inaccessible due to its protection level. [L:\New Restauraunt Pos\src\RestaurantPOS14\RestaurantPOS14.vbproj]
L:\New Restauraunt Pos\src\RestaurantPOS14\RestaurantPOS14\RPOS_DBDataSet1.vb(38336,20): error BC30456: 'SupplierLedgerBookRowDeletingEvent' is not a member of 'RPOS_DBDataSet1.SupplierLedgerBookDataTable'. [L:\New Restauraunt Pos\src\RestaurantPOS14\RestaurantPOS14.vbproj]
L:\New Restauraunt Pos\src\RestaurantPOS14\RestaurantPOS14\RPOS_DBDataSet1.vb(38337,32): error BC30451: 'SupplierLedgerBookRowDeleting' is not declared. It may be inaccessible due to its protection level. [L:\New Restauraunt Pos\src\RestaurantPOS14\RestaurantPOS14.vbproj]
L:\New Restauraunt Pos\src\RestaurantPOS14\RestaurantPOS14\RPOS_DBDataSet1.vb(38737,20): error BC30456: 'TableLayoutRowChangedEvent' is not a member of 'RPOS_DBDataSet1.TableLayoutDataTable'. [L:\New Restauraunt Pos\src\RestaurantPOS14\RestaurantPOS14.vbproj]
L:\New Restauraunt Pos\src\RestaurantPOS14\RestaurantPOS14\RPOS_DBDataSet1.vb(38738,32): error BC30451: 'TableLayoutRowChanged' is not declared. It may be inaccessible due to its protection level. [L:\New Restauraunt Pos\src\RestaurantPOS14\RestaurantPOS14.vbproj]
L:\New Restauraunt Pos\src\RestaurantPOS14\RestaurantPOS14\RPOS_DBDataSet1.vb(39908,20): error BC30456: 'tblOrderRowChangingEvent' is not a member of 'RPOS_DBDataSet1.tblOrderDataTable'. [L:\New Restauraunt Pos\src\RestaurantPOS14\RestaurantPOS14.vbproj]
L:\New Restauraunt Pos\src\RestaurantPOS14\RestaurantPOS14\RPOS_DBDataSet1.vb(39909,32): error BC30451: 'tblOrderRowChanging' is not declared. It may be inaccessible due to its protection level. [L:\New Restauraunt Pos\src\RestaurantPOS14\RestaurantPOS14.vbproj]
L:\New Restauraunt Pos\src\RestaurantPOS14\RestaurantPOS14\RPOS_DBDataSet1.vb(39917,20): error BC30456: 'tblOrderRowDeletedEvent' is not a member of 'RPOS_DBDataSet1.tblOrderDataTable'. [L:\New Restauraunt Pos\src\RestaurantPOS14\RestaurantPOS14.vbproj]
L:\New Restauraunt Pos\src\RestaurantPOS14\RestaurantPOS14\RPOS_DBDataSet1.vb(39918,32): error BC30451: 'tblOrderRowDeleted' is not declared. It may be inaccessible due to its protection level. [L:\New Restauraunt Pos\src\RestaurantPOS14\RestaurantPOS14.vbproj]
L:\New Restauraunt Pos\src\RestaurantPOS14\RestaurantPOS14\RPOS_DBDataSet1.vb(39926,20): error BC30456: 'tblOrderRowDeletingEvent' is not a member of 'RPOS_DBDataSet1.tblOrderDataTable'. [L:\New Restauraunt Pos\src\RestaurantPOS14\RestaurantPOS14.vbproj]
L:\New Restauraunt Pos\src\RestaurantPOS14\RestaurantPOS14\RPOS_DBDataSet1.vb(39927,32): error BC30451: 'tblOrderRowDeleting' is not declared. It may be inaccessible due to its protection level. [L:\New Restauraunt Pos\src\RestaurantPOS14\RestaurantPOS14.vbproj]
L:\New Restauraunt Pos\src\RestaurantPOS14\RestaurantPOS14\RPOS_DBDataSet1.vb(38746,20): error BC30456: 'TableLayoutRowChangingEvent' is not a member of 'RPOS_DBDataSet1.TableLayoutDataTable'. [L:\New Restauraunt Pos\src\RestaurantPOS14\RestaurantPOS14.vbproj]
L:\New Restauraunt Pos\src\RestaurantPOS14\RestaurantPOS14\RPOS_DBDataSet1.vb(38747,32): error BC30451: 'TableLayoutRowChanging' is not declared. It may be inaccessible due to its protection level. [L:\New Restauraunt Pos\src\RestaurantPOS14\RestaurantPOS14.vbproj]
L:\New Restauraunt Pos\src\RestaurantPOS14\RestaurantPOS14\RPOS_DBDataSet1.vb(38755,20): error BC30456: 'TableLayoutRowDeletedEvent' is not a member of 'RPOS_DBDataSet1.TableLayoutDataTable'. [L:\New Restauraunt Pos\src\RestaurantPOS14\RestaurantPOS14.vbproj]
L:\New Restauraunt Pos\src\RestaurantPOS14\RestaurantPOS14\RPOS_DBDataSet1.vb(38756,32): error BC30451: 'TableLayoutRowDeleted' is not declared. It may be inaccessible due to its protection level. [L:\New Restauraunt Pos\src\RestaurantPOS14\RestaurantPOS14.vbproj]
L:\New Restauraunt Pos\src\RestaurantPOS14\RestaurantPOS14\RPOS_DBDataSet1.vb(41033,20): error BC30456: 'Temp_Stock_StoreRowChangedEvent' is not a member of 'RPOS_DBDataSet1.Temp_Stock_StoreDataTable'. [L:\New Restauraunt Pos\src\RestaurantPOS14\RestaurantPOS14.vbproj]
L:\New Restauraunt Pos\src\RestaurantPOS14\RestaurantPOS14\RPOS_DBDataSet1.vb(41034,32): error BC30451: 'Temp_Stock_StoreRowChanged' is not declared. It may be inaccessible due to its protection level. [L:\New Restauraunt Pos\src\RestaurantPOS14\RestaurantPOS14.vbproj]
L:\New Restauraunt Pos\src\RestaurantPOS14\RestaurantPOS14\RPOS_DBDataSet1.vb(40669,20): error BC30456: 'Temp_Stock_RMRowChangedEvent' is not a member of 'RPOS_DBDataSet1.Temp_Stock_RMDataTable'. [L:\New Restauraunt Pos\src\RestaurantPOS14\RestaurantPOS14.vbproj]
L:\New Restauraunt Pos\src\RestaurantPOS14\RestaurantPOS14\RPOS_DBDataSet1.vb(40670,32): error BC30451: 'Temp_Stock_RMRowChanged' is not declared. It may be inaccessible due to its protection level. [L:\New Restauraunt Pos\src\RestaurantPOS14\RestaurantPOS14.vbproj]
L:\New Restauraunt Pos\src\RestaurantPOS14\RestaurantPOS14\RPOS_DBDataSet1.vb(41042,20): error BC30456: 'Temp_Stock_StoreRowChangingEvent' is not a member of 'RPOS_DBDataSet1.Temp_Stock_StoreDataTable'. [L:\New Restauraunt Pos\src\RestaurantPOS14\RestaurantPOS14.vbproj]
L:\New Restauraunt Pos\src\RestaurantPOS14\RestaurantPOS14\RPOS_DBDataSet1.vb(41043,32): error BC30451: 'Temp_Stock_StoreRowChanging' is not declared. It may be inaccessible due to its protection level. [L:\New Restauraunt Pos\src\RestaurantPOS14\RestaurantPOS14.vbproj]
L:\New Restauraunt Pos\src\RestaurantPOS14\RestaurantPOS14\RPOS_DBDataSet1.vb(40678,20): error BC30456: 'Temp_Stock_RMRowChangingEvent' is not a member of 'RPOS_DBDataSet1.Temp_Stock_RMDataTable'. [L:\New Restauraunt Pos\src\RestaurantPOS14\RestaurantPOS14.vbproj]
L:\New Restauraunt Pos\src\RestaurantPOS14\RestaurantPOS14\RPOS_DBDataSet1.vb(40679,32): error BC30451: 'Temp_Stock_RMRowChanging' is not declared. It may be inaccessible due to its protection level. [L:\New Restauraunt Pos\src\RestaurantPOS14\RestaurantPOS14.vbproj]
L:\New Restauraunt Pos\src\RestaurantPOS14\RestaurantPOS14\RPOS_DBDataSet1.vb(41051,20): error BC30456: 'Temp_Stock_StoreRowDeletedEvent' is not a member of 'RPOS_DBDataSet1.Temp_Stock_StoreDataTable'. [L:\New Restauraunt Pos\src\RestaurantPOS14\RestaurantPOS14.vbproj]
L:\New Restauraunt Pos\src\RestaurantPOS14\RestaurantPOS14\RPOS_DBDataSet1.vb(41052,32): error BC30451: 'Temp_Stock_StoreRowDeleted' is not declared. It may be inaccessible due to its protection level. [L:\New Restauraunt Pos\src\RestaurantPOS14\RestaurantPOS14.vbproj]
L:\New Restauraunt Pos\src\RestaurantPOS14\RestaurantPOS14\RPOS_DBDataSet1.vb(41060,20): error BC30456: 'Temp_Stock_StoreRowDeletingEvent' is not a member of 'RPOS_DBDataSet1.Temp_Stock_StoreDataTable'. [L:\New Restauraunt Pos\src\RestaurantPOS14\RestaurantPOS14.vbproj]
L:\New Restauraunt Pos\src\RestaurantPOS14\RestaurantPOS14\RPOS_DBDataSet1.vb(41061,32): error BC30451: 'Temp_Stock_StoreRowDeleting' is not declared. It may be inaccessible due to its protection level. [L:\New Restauraunt Pos\src\RestaurantPOS14\RestaurantPOS14.vbproj]
L:\New Restauraunt Pos\src\RestaurantPOS14\RestaurantPOS14\RPOS_DBDataSet1.vb(40687,20): error BC30456: 'Temp_Stock_RMRowDeletedEvent' is not a member of 'RPOS_DBDataSet1.Temp_Stock_RMDataTable'. [L:\New Restauraunt Pos\src\RestaurantPOS14\RestaurantPOS14.vbproj]
L:\New Restauraunt Pos\src\RestaurantPOS14\RestaurantPOS14\RPOS_DBDataSet1.vb(40688,32): error BC30451: 'Temp_Stock_RMRowDeleted' is not declared. It may be inaccessible due to its protection level. [L:\New Restauraunt Pos\src\RestaurantPOS14\RestaurantPOS14.vbproj]
L:\New Restauraunt Pos\src\RestaurantPOS14\RestaurantPOS14\RPOS_DBDataSet1.vb(40696,20): error BC30456: 'Temp_Stock_RMRowDeletingEvent' is not a member of 'RPOS_DBDataSet1.Temp_Stock_RMDataTable'. [L:\New Restauraunt Pos\src\RestaurantPOS14\RestaurantPOS14.vbproj]
L:\New Restauraunt Pos\src\RestaurantPOS14\RestaurantPOS14\RPOS_DBDataSet1.vb(40697,32): error BC30451: 'Temp_Stock_RMRowDeleting' is not declared. It may be inaccessible due to its protection level. [L:\New Restauraunt Pos\src\RestaurantPOS14\RestaurantPOS14.vbproj]
L:\New Restauraunt Pos\src\RestaurantPOS14\RestaurantPOS14\RPOS_DBDataSet1.vb(43814,20): error BC30456: 'Voucher_OtherDetailsRowChangedEvent' is not a member of 'RPOS_DBDataSet1.Voucher_OtherDetailsDataTable'. [L:\New Restauraunt Pos\src\RestaurantPOS14\RestaurantPOS14.vbproj]
L:\New Restauraunt Pos\src\RestaurantPOS14\RestaurantPOS14\RPOS_DBDataSet1.vb(43815,32): error BC30451: 'Voucher_OtherDetailsRowChanged' is not declared. It may be inaccessible due to its protection level. [L:\New Restauraunt Pos\src\RestaurantPOS14\RestaurantPOS14.vbproj]
L:\New Restauraunt Pos\src\RestaurantPOS14\RestaurantPOS14\RPOS_DBDataSet1.vb(43823,20): error BC30456: 'Voucher_OtherDetailsRowChangingEvent' is not a member of 'RPOS_DBDataSet1.Voucher_OtherDetailsDataTable'. [L:\New Restauraunt Pos\src\RestaurantPOS14\RestaurantPOS14.vbproj]
L:\New Restauraunt Pos\src\RestaurantPOS14\RestaurantPOS14\RPOS_DBDataSet1.vb(43824,32): error BC30451: 'Voucher_OtherDetailsRowChanging' is not declared. It may be inaccessible due to its protection level. [L:\New Restauraunt Pos\src\RestaurantPOS14\RestaurantPOS14.vbproj]
L:\New Restauraunt Pos\src\RestaurantPOS14\RestaurantPOS14\RPOS_DBDataSet1.vb(43832,20): error BC30456: 'Voucher_OtherDetailsRowDeletedEvent' is not a member of 'RPOS_DBDataSet1.Voucher_OtherDetailsDataTable'. [L:\New Restauraunt Pos\src\RestaurantPOS14\RestaurantPOS14.vbproj]
L:\New Restauraunt Pos\src\RestaurantPOS14\RestaurantPOS14\RPOS_DBDataSet1.vb(43833,32): error BC30451: 'Voucher_OtherDetailsRowDeleted' is not declared. It may be inaccessible due to its protection level. [L:\New Restauraunt Pos\src\RestaurantPOS14\RestaurantPOS14.vbproj]
L:\New Restauraunt Pos\src\RestaurantPOS14\RestaurantPOS14\RPOS_DBDataSet1.vb(43841,20): error BC30456: 'Voucher_OtherDetailsRowDeletingEvent' is not a member of 'RPOS_DBDataSet1.Voucher_OtherDetailsDataTable'. [L:\New Restauraunt Pos\src\RestaurantPOS14\RestaurantPOS14.vbproj]
L:\New Restauraunt Pos\src\RestaurantPOS14\RestaurantPOS14\RPOS_DBDataSet1.vb(43842,32): error BC30451: 'Voucher_OtherDetailsRowDeleting' is not declared. It may be inaccessible due to its protection level. [L:\New Restauraunt Pos\src\RestaurantPOS14\RestaurantPOS14.vbproj]
L:\New Restauraunt Pos\src\RestaurantPOS14\RestaurantPOS14\RPOS_DBDataSet1.vb(44139,20): error BC30456: 'WalletRowChangedEvent' is not a member of 'RPOS_DBDataSet1.WalletDataTable'. [L:\New Restauraunt Pos\src\RestaurantPOS14\RestaurantPOS14.vbproj]
L:\New Restauraunt Pos\src\RestaurantPOS14\RestaurantPOS14\RPOS_DBDataSet1.vb(44140,32): error BC30451: 'WalletRowChanged' is not declared. It may be inaccessible due to its protection level. [L:\New Restauraunt Pos\src\RestaurantPOS14\RestaurantPOS14.vbproj]
L:\New Restauraunt Pos\src\RestaurantPOS14\RestaurantPOS14\RPOS_DBDataSet1.vb(44148,20): error BC30456: 'WalletRowChangingEvent' is not a member of 'RPOS_DBDataSet1.WalletDataTable'. [L:\New Restauraunt Pos\src\RestaurantPOS14\RestaurantPOS14.vbproj]
L:\New Restauraunt Pos\src\RestaurantPOS14\RestaurantPOS14\RPOS_DBDataSet1.vb(44149,32): error BC30451: 'WalletRowChanging' is not declared. It may be inaccessible due to its protection level. [L:\New Restauraunt Pos\src\RestaurantPOS14\RestaurantPOS14.vbproj]
L:\New Restauraunt Pos\src\RestaurantPOS14\RestaurantPOS14\RPOS_DBDataSet1.vb(44157,20): error BC30456: 'WalletRowDeletedEvent' is not a member of 'RPOS_DBDataSet1.WalletDataTable'. [L:\New Restauraunt Pos\src\RestaurantPOS14\RestaurantPOS14.vbproj]
L:\New Restauraunt Pos\src\RestaurantPOS14\RestaurantPOS14\RPOS_DBDataSet1.vb(44158,32): error BC30451: 'WalletRowDeleted' is not declared. It may be inaccessible due to its protection level. [L:\New Restauraunt Pos\src\RestaurantPOS14\RestaurantPOS14.vbproj]
L:\New Restauraunt Pos\src\RestaurantPOS14\RestaurantPOS14\RPOS_DBDataSet1.vb(44166,20): error BC30456: 'WalletRowDeletingEvent' is not a member of 'RPOS_DBDataSet1.WalletDataTable'. [L:\New Restauraunt Pos\src\RestaurantPOS14\RestaurantPOS14.vbproj]
L:\New Restauraunt Pos\src\RestaurantPOS14\RestaurantPOS14\RPOS_DBDataSet1.vb(44167,32): error BC30451: 'WalletRowDeleting' is not declared. It may be inaccessible due to its protection level. [L:\New Restauraunt Pos\src\RestaurantPOS14\RestaurantPOS14.vbproj]
L:\New Restauraunt Pos\src\RestaurantPOS14\RestaurantPOS14\RPOS_DBDataSet1.vb(43418,20): error BC30456: 'VoucherRowChangedEvent' is not a member of 'RPOS_DBDataSet1.VoucherDataTable'. [L:\New Restauraunt Pos\src\RestaurantPOS14\RestaurantPOS14.vbproj]
L:\New Restauraunt Pos\src\RestaurantPOS14\RestaurantPOS14\RPOS_DBDataSet1.vb(43419,32): error BC30451: 'VoucherRowChanged' is not declared. It may be inaccessible due to its protection level. [L:\New Restauraunt Pos\src\RestaurantPOS14\RestaurantPOS14.vbproj]
L:\New Restauraunt Pos\src\RestaurantPOS14\RestaurantPOS14\RPOS_DBDataSet1.vb(43427,20): error BC30456: 'VoucherRowChangingEvent' is not a member of 'RPOS_DBDataSet1.VoucherDataTable'. [L:\New Restauraunt Pos\src\RestaurantPOS14\RestaurantPOS14.vbproj]
L:\New Restauraunt Pos\src\RestaurantPOS14\RestaurantPOS14\RPOS_DBDataSet1.vb(43428,32): error BC30451: 'VoucherRowChanging' is not declared. It may be inaccessible due to its protection level. [L:\New Restauraunt Pos\src\RestaurantPOS14\RestaurantPOS14.vbproj]
L:\New Restauraunt Pos\src\RestaurantPOS14\RestaurantPOS14\RPOS_DBDataSet1.vb(43436,20): error BC30456: 'VoucherRowDeletedEvent' is not a member of 'RPOS_DBDataSet1.VoucherDataTable'. [L:\New Restauraunt Pos\src\RestaurantPOS14\RestaurantPOS14.vbproj]
L:\New Restauraunt Pos\src\RestaurantPOS14\RestaurantPOS14\RPOS_DBDataSet1.vb(43437,32): error BC30451: 'VoucherRowDeleted' is not declared. It may be inaccessible due to its protection level. [L:\New Restauraunt Pos\src\RestaurantPOS14\RestaurantPOS14.vbproj]
L:\New Restauraunt Pos\src\RestaurantPOS14\RestaurantPOS14\RPOS_DBDataSet1.vb(43445,20): error BC30456: 'VoucherRowDeletingEvent' is not a member of 'RPOS_DBDataSet1.VoucherDataTable'. [L:\New Restauraunt Pos\src\RestaurantPOS14\RestaurantPOS14.vbproj]
L:\New Restauraunt Pos\src\RestaurantPOS14\RestaurantPOS14\RPOS_DBDataSet1.vb(43446,32): error BC30451: 'VoucherRowDeleting' is not declared. It may be inaccessible due to its protection level. [L:\New Restauraunt Pos\src\RestaurantPOS14\RestaurantPOS14.vbproj]
L:\New Restauraunt Pos\src\RestaurantPOS14\RestaurantPOS14\RPOS_DBDataSet1.vb(44841,20): error BC30456: 'WarehouseTypeRowChangedEvent' is not a member of 'RPOS_DBDataSet1.WarehouseTypeDataTable'. [L:\New Restauraunt Pos\src\RestaurantPOS14\RestaurantPOS14.vbproj]
L:\New Restauraunt Pos\src\RestaurantPOS14\RestaurantPOS14\RPOS_DBDataSet1.vb(44842,32): error BC30451: 'WarehouseTypeRowChanged' is not declared. It may be inaccessible due to its protection level. [L:\New Restauraunt Pos\src\RestaurantPOS14\RestaurantPOS14.vbproj]
L:\New Restauraunt Pos\src\RestaurantPOS14\RestaurantPOS14\RPOS_DBDataSet1.vb(44850,20): error BC30456: 'WarehouseTypeRowChangingEvent' is not a member of 'RPOS_DBDataSet1.WarehouseTypeDataTable'. [L:\New Restauraunt Pos\src\RestaurantPOS14\RestaurantPOS14.vbproj]
L:\New Restauraunt Pos\src\RestaurantPOS14\RestaurantPOS14\RPOS_DBDataSet1.vb(44851,32): error BC30451: 'WarehouseTypeRowChanging' is not declared. It may be inaccessible due to its protection level. [L:\New Restauraunt Pos\src\RestaurantPOS14\RestaurantPOS14.vbproj]
L:\New Restauraunt Pos\src\RestaurantPOS14\RestaurantPOS14\RPOS_DBDataSet1.vb(44859,20): error BC30456: 'WarehouseTypeRowDeletedEvent' is not a member of 'RPOS_DBDataSet1.WarehouseTypeDataTable'. [L:\New Restauraunt Pos\src\RestaurantPOS14\RestaurantPOS14.vbproj]
L:\New Restauraunt Pos\src\RestaurantPOS14\RestaurantPOS14\RPOS_DBDataSet1.vb(44860,32): error BC30451: 'WarehouseTypeRowDeleted' is not declared. It may be inaccessible due to its protection level. [L:\New Restauraunt Pos\src\RestaurantPOS14\RestaurantPOS14.vbproj]
L:\New Restauraunt Pos\src\RestaurantPOS14\RestaurantPOS14\RPOS_DBDataSet1.vb(44516,20): error BC30456: 'WarehouseRowChangedEvent' is not a member of 'RPOS_DBDataSet1.WarehouseDataTable'. [L:\New Restauraunt Pos\src\RestaurantPOS14\RestaurantPOS14.vbproj]
L:\New Restauraunt Pos\src\RestaurantPOS14\RestaurantPOS14\RPOS_DBDataSet1.vb(44517,32): error BC30451: 'WarehouseRowChanged' is not declared. It may be inaccessible due to its protection level. [L:\New Restauraunt Pos\src\RestaurantPOS14\RestaurantPOS14.vbproj]
L:\New Restauraunt Pos\src\RestaurantPOS14\RestaurantPOS14\RPOS_DBDataSet1.vb(44525,20): error BC30456: 'WarehouseRowChangingEvent' is not a member of 'RPOS_DBDataSet1.WarehouseDataTable'. [L:\New Restauraunt Pos\src\RestaurantPOS14\RestaurantPOS14.vbproj]
L:\New Restauraunt Pos\src\RestaurantPOS14\RestaurantPOS14\RPOS_DBDataSet1.vb(44526,32): error BC30451: 'WarehouseRowChanging' is not declared. It may be inaccessible due to its protection level. [L:\New Restauraunt Pos\src\RestaurantPOS14\RestaurantPOS14.vbproj]
L:\New Restauraunt Pos\src\RestaurantPOS14\RestaurantPOS14\RPOS_DBDataSet1.vb(38764,20): error BC30456: 'TableLayoutRowDeletingEvent' is not a member of 'RPOS_DBDataSet1.TableLayoutDataTable'. [L:\New Restauraunt Pos\src\RestaurantPOS14\RestaurantPOS14.vbproj]
L:\New Restauraunt Pos\src\RestaurantPOS14\RestaurantPOS14\RPOS_DBDataSet1.vb(38765,32): error BC30451: 'TableLayoutRowDeleting' is not declared. It may be inaccessible due to its protection level. [L:\New Restauraunt Pos\src\RestaurantPOS14\RestaurantPOS14.vbproj]
L:\New Restauraunt Pos\src\RestaurantPOS14\RestaurantPOS14\RPOS_DBDataSet1.vb(44534,20): error BC30456: 'WarehouseRowDeletedEvent' is not a member of 'RPOS_DBDataSet1.WarehouseDataTable'. [L:\New Restauraunt Pos\src\RestaurantPOS14\RestaurantPOS14.vbproj]
L:\New Restauraunt Pos\src\RestaurantPOS14\RestaurantPOS14\RPOS_DBDataSet1.vb(44535,32): error BC30451: 'WarehouseRowDeleted' is not declared. It may be inaccessible due to its protection level. [L:\New Restauraunt Pos\src\RestaurantPOS14\RestaurantPOS14.vbproj]
L:\New Restauraunt Pos\src\RestaurantPOS14\RestaurantPOS14\RPOS_DBDataSet1.vb(44543,20): error BC30456: 'WarehouseRowDeletingEvent' is not a member of 'RPOS_DBDataSet1.WarehouseDataTable'. [L:\New Restauraunt Pos\src\RestaurantPOS14\RestaurantPOS14.vbproj]
L:\New Restauraunt Pos\src\RestaurantPOS14\RestaurantPOS14\RPOS_DBDataSet1.vb(44544,32): error BC30451: 'WarehouseRowDeleting' is not declared. It may be inaccessible due to its protection level. [L:\New Restauraunt Pos\src\RestaurantPOS14\RestaurantPOS14.vbproj]
L:\New Restauraunt Pos\src\RestaurantPOS14\RestaurantPOS14\RPOS_DBDataSet1.vb(39543,20): error BC30456: 'TableReservationRowChangedEvent' is not a member of 'RPOS_DBDataSet1.TableReservationDataTable'. [L:\New Restauraunt Pos\src\RestaurantPOS14\RestaurantPOS14.vbproj]
L:\New Restauraunt Pos\src\RestaurantPOS14\RestaurantPOS14\RPOS_DBDataSet1.vb(39544,32): error BC30451: 'TableReservationRowChanged' is not declared. It may be inaccessible due to its protection level. [L:\New Restauraunt Pos\src\RestaurantPOS14\RestaurantPOS14.vbproj]
L:\New Restauraunt Pos\src\RestaurantPOS14\RestaurantPOS14\RPOS_DBDataSet1.vb(44868,20): error BC30456: 'WarehouseTypeRowDeletingEvent' is not a member of 'RPOS_DBDataSet1.WarehouseTypeDataTable'. [L:\New Restauraunt Pos\src\RestaurantPOS14\RestaurantPOS14.vbproj]
L:\New Restauraunt Pos\src\RestaurantPOS14\RestaurantPOS14\RPOS_DBDataSet1.vb(44869,32): error BC30451: 'WarehouseTypeRowDeleting' is not declared. It may be inaccessible due to its protection level. [L:\New Restauraunt Pos\src\RestaurantPOS14\RestaurantPOS14.vbproj]
L:\New Restauraunt Pos\src\RestaurantPOS14\RestaurantPOS14\RPOS_DBDataSet1.vb(39552,20): error BC30456: 'TableReservationRowChangingEvent' is not a member of 'RPOS_DBDataSet1.TableReservationDataTable'. [L:\New Restauraunt Pos\src\RestaurantPOS14\RestaurantPOS14.vbproj]
L:\New Restauraunt Pos\src\RestaurantPOS14\RestaurantPOS14\RPOS_DBDataSet1.vb(39553,32): error BC30451: 'TableReservationRowChanging' is not declared. It may be inaccessible due to its protection level. [L:\New Restauraunt Pos\src\RestaurantPOS14\RestaurantPOS14.vbproj]
L:\New Restauraunt Pos\src\RestaurantPOS14\RestaurantPOS14\RPOS_DBDataSet1.vb(39561,20): error BC30456: 'TableReservationRowDeletedEvent' is not a member of 'RPOS_DBDataSet1.TableReservationDataTable'. [L:\New Restauraunt Pos\src\RestaurantPOS14\RestaurantPOS14.vbproj]
L:\New Restauraunt Pos\src\RestaurantPOS14\RestaurantPOS14\RPOS_DBDataSet1.vb(39562,32): error BC30451: 'TableReservationRowDeleted' is not declared. It may be inaccessible due to its protection level. [L:\New Restauraunt Pos\src\RestaurantPOS14\RestaurantPOS14.vbproj]
L:\New Restauraunt Pos\src\RestaurantPOS14\RestaurantPOS14\RPOS_DBDataSet1.vb(39570,20): error BC30456: 'TableReservationRowDeletingEvent' is not a member of 'RPOS_DBDataSet1.TableReservationDataTable'. [L:\New Restauraunt Pos\src\RestaurantPOS14\RestaurantPOS14.vbproj]
L:\New Restauraunt Pos\src\RestaurantPOS14\RestaurantPOS14\RPOS_DBDataSet1.vb(39571,32): error BC30451: 'TableReservationRowDeleting' is not declared. It may be inaccessible due to its protection level. [L:\New Restauraunt Pos\src\RestaurantPOS14\RestaurantPOS14.vbproj]
L:\New Restauraunt Pos\src\RestaurantPOS14\RestaurantPOS14\RPOS_DBDataSet1.vb(37877,20): error BC30456: 'SupplierRowChangedEvent' is not a member of 'RPOS_DBDataSet1.SupplierDataTable'. [L:\New Restauraunt Pos\src\RestaurantPOS14\RestaurantPOS14.vbproj]
L:\New Restauraunt Pos\src\RestaurantPOS14\RestaurantPOS14\RPOS_DBDataSet1.vb(37878,32): error BC30451: 'SupplierRowChanged' is not declared. It may be inaccessible due to its protection level. [L:\New Restauraunt Pos\src\RestaurantPOS14\RestaurantPOS14.vbproj]
L:\New Restauraunt Pos\src\RestaurantPOS14\RestaurantPOS14\RPOS_DBDataSet1.vb(37886,20): error BC30456: 'SupplierRowChangingEvent' is not a member of 'RPOS_DBDataSet1.SupplierDataTable'. [L:\New Restauraunt Pos\src\RestaurantPOS14\RestaurantPOS14.vbproj]
L:\New Restauraunt Pos\src\RestaurantPOS14\RestaurantPOS14\RPOS_DBDataSet1.vb(37887,32): error BC30451: 'SupplierRowChanging' is not declared. It may be inaccessible due to its protection level. [L:\New Restauraunt Pos\src\RestaurantPOS14\RestaurantPOS14.vbproj]
L:\New Restauraunt Pos\src\RestaurantPOS14\RestaurantPOS14\RPOS_DBDataSet1.vb(37895,20): error BC30456: 'SupplierRowDeletedEvent' is not a member of 'RPOS_DBDataSet1.SupplierDataTable'. [L:\New Restauraunt Pos\src\RestaurantPOS14\RestaurantPOS14.vbproj]
L:\New Restauraunt Pos\src\RestaurantPOS14\RestaurantPOS14\RPOS_DBDataSet1.vb(37896,32): error BC30451: 'SupplierRowDeleted' is not declared. It may be inaccessible due to its protection level. [L:\New Restauraunt Pos\src\RestaurantPOS14\RestaurantPOS14.vbproj]
L:\New Restauraunt Pos\src\RestaurantPOS14\RestaurantPOS14\RPOS_DBDataSet1.vb(37904,20): error BC30456: 'SupplierRowDeletingEvent' is not a member of 'RPOS_DBDataSet1.SupplierDataTable'. [L:\New Restauraunt Pos\src\RestaurantPOS14\RestaurantPOS14.vbproj]
L:\New Restauraunt Pos\src\RestaurantPOS14\RestaurantPOS14\RPOS_DBDataSet1.vb(37905,32): error BC30451: 'SupplierRowDeleting' is not declared. It may be inaccessible due to its protection level. [L:\New Restauraunt Pos\src\RestaurantPOS14\RestaurantPOS14.vbproj]
L:\New Restauraunt Pos\src\RestaurantPOS14\RestaurantPOS14\RPOS_DBDataSet1.vb(45186,20): error BC30456: 'WorkPeriodEndRowChangedEvent' is not a member of 'RPOS_DBDataSet1.WorkPeriodEndDataTable'. [L:\New Restauraunt Pos\src\RestaurantPOS14\RestaurantPOS14.vbproj]
L:\New Restauraunt Pos\src\RestaurantPOS14\RestaurantPOS14\RPOS_DBDataSet1.vb(45187,32): error BC30451: 'WorkPeriodEndRowChanged' is not declared. It may be inaccessible due to its protection level. [L:\New Restauraunt Pos\src\RestaurantPOS14\RestaurantPOS14.vbproj]
L:\New Restauraunt Pos\src\RestaurantPOS14\RestaurantPOS14\RPOS_DBDataSet1.vb(45195,20): error BC30456: 'WorkPeriodEndRowChangingEvent' is not a member of 'RPOS_DBDataSet1.WorkPeriodEndDataTable'. [L:\New Restauraunt Pos\src\RestaurantPOS14\RestaurantPOS14.vbproj]
L:\New Restauraunt Pos\src\RestaurantPOS14\RestaurantPOS14\RPOS_DBDataSet1.vb(45196,32): error BC30451: 'WorkPeriodEndRowChanging' is not declared. It may be inaccessible due to its protection level. [L:\New Restauraunt Pos\src\RestaurantPOS14\RestaurantPOS14.vbproj]
L:\New Restauraunt Pos\src\RestaurantPOS14\RestaurantPOS14\RPOS_DBDataSet1.vb(45204,20): error BC30456: 'WorkPeriodEndRowDeletedEvent' is not a member of 'RPOS_DBDataSet1.WorkPeriodEndDataTable'. [L:\New Restauraunt Pos\src\RestaurantPOS14\RestaurantPOS14.vbproj]
L:\New Restauraunt Pos\src\RestaurantPOS14\RestaurantPOS14\RPOS_DBDataSet1.vb(45205,32): error BC30451: 'WorkPeriodEndRowDeleted' is not declared. It may be inaccessible due to its protection level. [L:\New Restauraunt Pos\src\RestaurantPOS14\RestaurantPOS14.vbproj]
L:\New Restauraunt Pos\src\RestaurantPOS14\RestaurantPOS14\RPOS_DBDataSet1.vb(45213,20): error BC30456: 'WorkPeriodEndRowDeletingEvent' is not a member of 'RPOS_DBDataSet1.WorkPeriodEndDataTable'. [L:\New Restauraunt Pos\src\RestaurantPOS14\RestaurantPOS14.vbproj]
L:\New Restauraunt Pos\src\RestaurantPOS14\RestaurantPOS14\RPOS_DBDataSet1.vb(45214,32): error BC30451: 'WorkPeriodEndRowDeleting' is not declared. It may be inaccessible due to its protection level. [L:\New Restauraunt Pos\src\RestaurantPOS14\RestaurantPOS14.vbproj]
L:\New Restauraunt Pos\src\RestaurantPOS14\RestaurantPOS14\RPOS_DBDataSet1.vb(45543,20): error BC30456: 'WorkPeriodStartRowChangedEvent' is not a member of 'RPOS_DBDataSet1.WorkPeriodStartDataTable'. [L:\New Restauraunt Pos\src\RestaurantPOS14\RestaurantPOS14.vbproj]
L:\New Restauraunt Pos\src\RestaurantPOS14\RestaurantPOS14\RPOS_DBDataSet1.vb(45544,32): error BC30451: 'WorkPeriodStartRowChanged' is not declared. It may be inaccessible due to its protection level. [L:\New Restauraunt Pos\src\RestaurantPOS14\RestaurantPOS14.vbproj]
L:\New Restauraunt Pos\src\RestaurantPOS14\RestaurantPOS14\RPOS_DBDataSet1.vb(45552,20): error BC30456: 'WorkPeriodStartRowChangingEvent' is not a member of 'RPOS_DBDataSet1.WorkPeriodStartDataTable'. [L:\New Restauraunt Pos\src\RestaurantPOS14\RestaurantPOS14.vbproj]
L:\New Restauraunt Pos\src\RestaurantPOS14\RestaurantPOS14\RPOS_DBDataSet1.vb(45553,32): error BC30451: 'WorkPeriodStartRowChanging' is not declared. It may be inaccessible due to its protection level. [L:\New Restauraunt Pos\src\RestaurantPOS14\RestaurantPOS14.vbproj]
L:\New Restauraunt Pos\src\RestaurantPOS14\RestaurantPOS14\RPOS_DBDataSet1.vb(45561,20): error BC30456: 'WorkPeriodStartRowDeletedEvent' is not a member of 'RPOS_DBDataSet1.WorkPeriodStartDataTable'. [L:\New Restauraunt Pos\src\RestaurantPOS14\RestaurantPOS14.vbproj]
L:\New Restauraunt Pos\src\RestaurantPOS14\RestaurantPOS14\RPOS_DBDataSet1.vb(45562,32): error BC30451: 'WorkPeriodStartRowDeleted' is not declared. It may be inaccessible due to its protection level. [L:\New Restauraunt Pos\src\RestaurantPOS14\RestaurantPOS14.vbproj]
L:\New Restauraunt Pos\src\RestaurantPOS14\RestaurantPOS14\RPOS_DBDataSet1.vb(45570,20): error BC30456: 'WorkPeriodStartRowDeletingEvent' is not a member of 'RPOS_DBDataSet1.WorkPeriodStartDataTable'. [L:\New Restauraunt Pos\src\RestaurantPOS14\RestaurantPOS14.vbproj]
L:\New Restauraunt Pos\src\RestaurantPOS14\RestaurantPOS14\RPOS_DBDataSet1.vb(45571,32): error BC30451: 'WorkPeriodStartRowDeleting' is not declared. It may be inaccessible due to its protection level. [L:\New Restauraunt Pos\src\RestaurantPOS14\RestaurantPOS14.vbproj]
L:\New Restauraunt Pos\src\RestaurantPOS14\RestaurantPOS14\RPOS_DBDataSet1.vb(42265,20): error BC30456: 'TempRestaurantPOS_OrderedProductBillKOTRowChangedEvent' is not a member of 'RPOS_DBDataSet1.TempRestaurantPOS_OrderedProductBillKOTDataTable'. [L:\New Restauraunt Pos\src\RestaurantPOS14\RestaurantPOS14.vbproj]
L:\New Restauraunt Pos\src\RestaurantPOS14\RestaurantPOS14\RPOS_DBDataSet1.vb(42266,32): error BC30451: 'TempRestaurantPOS_OrderedProductBillKOTRowChanged' is not declared. It may be inaccessible due to its protection level. [L:\New Restauraunt Pos\src\RestaurantPOS14\RestaurantPOS14.vbproj]
L:\New Restauraunt Pos\src\RestaurantPOS14\RestaurantPOS14\RPOS_DBDataSet1.vb(42274,20): error BC30456: 'TempRestaurantPOS_OrderedProductBillKOTRowChangingEvent' is not a member of 'RPOS_DBDataSet1.TempRestaurantPOS_OrderedProductBillKOTDataTable'. [L:\New Restauraunt Pos\src\RestaurantPOS14\RestaurantPOS14.vbproj]
L:\New Restauraunt Pos\src\RestaurantPOS14\RestaurantPOS14\RPOS_DBDataSet1.vb(42275,32): error BC30451: 'TempRestaurantPOS_OrderedProductBillKOTRowChanging' is not declared. It may be inaccessible due to its protection level. [L:\New Restauraunt Pos\src\RestaurantPOS14\RestaurantPOS14.vbproj]
L:\New Restauraunt Pos\src\RestaurantPOS14\RestaurantPOS14\RPOS_DBDataSet1.vb(42283,20): error BC30456: 'TempRestaurantPOS_OrderedProductBillKOTRowDeletedEvent' is not a member of 'RPOS_DBDataSet1.TempRestaurantPOS_OrderedProductBillKOTDataTable'. [L:\New Restauraunt Pos\src\RestaurantPOS14\RestaurantPOS14.vbproj]
L:\New Restauraunt Pos\src\RestaurantPOS14\RestaurantPOS14\RPOS_DBDataSet1.vb(42284,32): error BC30451: 'TempRestaurantPOS_OrderedProductBillKOTRowDeleted' is not declared. It may be inaccessible due to its protection level. [L:\New Restauraunt Pos\src\RestaurantPOS14\RestaurantPOS14.vbproj]
L:\New Restauraunt Pos\src\RestaurantPOS14\RestaurantPOS14\RPOS_DBDataSet1.vb(42292,20): error BC30456: 'TempRestaurantPOS_OrderedProductBillKOTRowDeletingEvent' is not a member of 'RPOS_DBDataSet1.TempRestaurantPOS_OrderedProductBillKOTDataTable'. [L:\New Restauraunt Pos\src\RestaurantPOS14\RestaurantPOS14.vbproj]
L:\New Restauraunt Pos\src\RestaurantPOS14\RestaurantPOS14\RPOS_DBDataSet1.vb(42293,32): error BC30451: 'TempRestaurantPOS_OrderedProductBillKOTRowDeleting' is not declared. It may be inaccessible due to its protection level. [L:\New Restauraunt Pos\src\RestaurantPOS14\RestaurantPOS14.vbproj]
L:\New Restauraunt Pos\src\RestaurantPOS14\RestaurantPOS14\RPOS_DBDataSet1.vb(43005,20): error BC30456: 'UserRightsRowChangedEvent' is not a member of 'RPOS_DBDataSet1.UserRightsDataTable'. [L:\New Restauraunt Pos\src\RestaurantPOS14\RestaurantPOS14.vbproj]
L:\New Restauraunt Pos\src\RestaurantPOS14\RestaurantPOS14\RPOS_DBDataSet1.vb(43006,32): error BC30451: 'UserRightsRowChanged' is not declared. It may be inaccessible due to its protection level. [L:\New Restauraunt Pos\src\RestaurantPOS14\RestaurantPOS14.vbproj]
L:\New Restauraunt Pos\src\RestaurantPOS14\RestaurantPOS14\RPOS_DBDataSet1.vb(43014,20): error BC30456: 'UserRightsRowChangingEvent' is not a member of 'RPOS_DBDataSet1.UserRightsDataTable'. [L:\New Restauraunt Pos\src\RestaurantPOS14\RestaurantPOS14.vbproj]
L:\New Restauraunt Pos\src\RestaurantPOS14\RestaurantPOS14\RPOS_DBDataSet1.vb(43015,32): error BC30451: 'UserRightsRowChanging' is not declared. It may be inaccessible due to its protection level. [L:\New Restauraunt Pos\src\RestaurantPOS14\RestaurantPOS14.vbproj]
L:\New Restauraunt Pos\src\RestaurantPOS14\RestaurantPOS14\RPOS_DBDataSet1.vb(43023,20): error BC30456: 'UserRightsRowDeletedEvent' is not a member of 'RPOS_DBDataSet1.UserRightsDataTable'. [L:\New Restauraunt Pos\src\RestaurantPOS14\RestaurantPOS14.vbproj]
L:\New Restauraunt Pos\src\RestaurantPOS14\RestaurantPOS14\RPOS_DBDataSet1.vb(43024,32): error BC30451: 'UserRightsRowDeleted' is not declared. It may be inaccessible due to its protection level. [L:\New Restauraunt Pos\src\RestaurantPOS14\RestaurantPOS14.vbproj]
L:\New Restauraunt Pos\src\RestaurantPOS14\RestaurantPOS14\RPOS_DBDataSet1.vb(43032,20): error BC30456: 'UserRightsRowDeletingEvent' is not a member of 'RPOS_DBDataSet1.UserRightsDataTable'. [L:\New Restauraunt Pos\src\RestaurantPOS14\RestaurantPOS14.vbproj]
L:\New Restauraunt Pos\src\RestaurantPOS14\RestaurantPOS14\RPOS_DBDataSet1.vb(43033,32): error BC30451: 'UserRightsRowDeleting' is not declared. It may be inaccessible due to its protection level. [L:\New Restauraunt Pos\src\RestaurantPOS14\RestaurantPOS14.vbproj]
L:\New Restauraunt Pos\src\RestaurantPOS14\RestaurantPOS14\RPOS_DBDataSet1.vb(40309,20): error BC30456: 'Temp_StockRowChangedEvent' is not a member of 'RPOS_DBDataSet1.Temp_StockDataTable'. [L:\New Restauraunt Pos\src\RestaurantPOS14\RestaurantPOS14.vbproj]
L:\New Restauraunt Pos\src\RestaurantPOS14\RestaurantPOS14\RPOS_DBDataSet1.vb(40310,32): error BC30451: 'Temp_StockRowChanged' is not declared. It may be inaccessible due to its protection level. [L:\New Restauraunt Pos\src\RestaurantPOS14\RestaurantPOS14.vbproj]
L:\New Restauraunt Pos\src\RestaurantPOS14\RestaurantPOS14\RPOS_DBDataSet1.vb(40318,20): error BC30456: 'Temp_StockRowChangingEvent' is not a member of 'RPOS_DBDataSet1.Temp_StockDataTable'. [L:\New Restauraunt Pos\src\RestaurantPOS14\RestaurantPOS14.vbproj]
L:\New Restauraunt Pos\src\RestaurantPOS14\RestaurantPOS14\RPOS_DBDataSet1.vb(40319,32): error BC30451: 'Temp_StockRowChanging' is not declared. It may be inaccessible due to its protection level. [L:\New Restauraunt Pos\src\RestaurantPOS14\RestaurantPOS14.vbproj]
L:\New Restauraunt Pos\src\RestaurantPOS14\RestaurantPOS14\RPOS_DBDataSet1.vb(40327,20): error BC30456: 'Temp_StockRowDeletedEvent' is not a member of 'RPOS_DBDataSet1.Temp_StockDataTable'. [L:\New Restauraunt Pos\src\RestaurantPOS14\RestaurantPOS14.vbproj]
L:\New Restauraunt Pos\src\RestaurantPOS14\RestaurantPOS14\RPOS_DBDataSet1.vb(40328,32): error BC30451: 'Temp_StockRowDeleted' is not declared. It may be inaccessible due to its protection level. [L:\New Restauraunt Pos\src\RestaurantPOS14\RestaurantPOS14.vbproj]
L:\New Restauraunt Pos\src\RestaurantPOS14\RestaurantPOS14\RPOS_DBDataSet1.vb(40336,20): error BC30456: 'Temp_StockRowDeletingEvent' is not a member of 'RPOS_DBDataSet1.Temp_StockDataTable'. [L:\New Restauraunt Pos\src\RestaurantPOS14\RestaurantPOS14.vbproj]
L:\New Restauraunt Pos\src\RestaurantPOS14\RestaurantPOS14\RPOS_DBDataSet1.vb(40337,32): error BC30451: 'Temp_StockRowDeleting' is not declared. It may be inaccessible due to its protection level. [L:\New Restauraunt Pos\src\RestaurantPOS14\RestaurantPOS14.vbproj]
L:\New Restauraunt Pos\src\RestaurantPOS14\RestaurantPOS14\RPOS_DBDataSet1.vb(41688,20): error BC30456: 'TempRestaurantPOS_BillingInfoKOTRowChangedEvent' is not a member of 'RPOS_DBDataSet1.TempRestaurantPOS_BillingInfoKOTDataTable'. [L:\New Restauraunt Pos\src\RestaurantPOS14\RestaurantPOS14.vbproj]
L:\New Restauraunt Pos\src\RestaurantPOS14\RestaurantPOS14\RPOS_DBDataSet1.vb(41689,32): error BC30451: 'TempRestaurantPOS_BillingInfoKOTRowChanged' is not declared. It may be inaccessible due to its protection level. [L:\New Restauraunt Pos\src\RestaurantPOS14\RestaurantPOS14.vbproj]
L:\New Restauraunt Pos\src\RestaurantPOS14\RestaurantPOS14\RPOS_DBDataSet1.vb(41697,20): error BC30456: 'TempRestaurantPOS_BillingInfoKOTRowChangingEvent' is not a member of 'RPOS_DBDataSet1.TempRestaurantPOS_BillingInfoKOTDataTable'. [L:\New Restauraunt Pos\src\RestaurantPOS14\RestaurantPOS14.vbproj]
L:\New Restauraunt Pos\src\RestaurantPOS14\RestaurantPOS14\RPOS_DBDataSet1.vb(41698,32): error BC30451: 'TempRestaurantPOS_BillingInfoKOTRowChanging' is not declared. It may be inaccessible due to its protection level. [L:\New Restauraunt Pos\src\RestaurantPOS14\RestaurantPOS14.vbproj]
L:\New Restauraunt Pos\src\RestaurantPOS14\RestaurantPOS14\RPOS_DBDataSet1.vb(41706,20): error BC30456: 'TempRestaurantPOS_BillingInfoKOTRowDeletedEvent' is not a member of 'RPOS_DBDataSet1.TempRestaurantPOS_BillingInfoKOTDataTable'. [L:\New Restauraunt Pos\src\RestaurantPOS14\RestaurantPOS14.vbproj]
L:\New Restauraunt Pos\src\RestaurantPOS14\RestaurantPOS14\RPOS_DBDataSet1.vb(41707,32): error BC30451: 'TempRestaurantPOS_BillingInfoKOTRowDeleted' is not declared. It may be inaccessible due to its protection level. [L:\New Restauraunt Pos\src\RestaurantPOS14\RestaurantPOS14.vbproj]
L:\New Restauraunt Pos\src\RestaurantPOS14\RestaurantPOS14\RPOS_DBDataSet1.vb(41715,20): error BC30456: 'TempRestaurantPOS_BillingInfoKOTRowDeletingEvent' is not a member of 'RPOS_DBDataSet1.TempRestaurantPOS_BillingInfoKOTDataTable'. [L:\New Restauraunt Pos\src\RestaurantPOS14\RestaurantPOS14.vbproj]
L:\New Restauraunt Pos\src\RestaurantPOS14\RestaurantPOS14\RPOS_DBDataSet1.vb(41716,32): error BC30451: 'TempRestaurantPOS_BillingInfoKOTRowDeleting' is not declared. It may be inaccessible due to its protection level. [L:\New Restauraunt Pos\src\RestaurantPOS14\RestaurantPOS14.vbproj]
L:\New Restauraunt Pos\src\RestaurantPOS14\RestaurantPOS14\RPOS_DBDataSet1.vb(42590,20): error BC30456: 'UnitMasterRowChangedEvent' is not a member of 'RPOS_DBDataSet1.UnitMasterDataTable'. [L:\New Restauraunt Pos\src\RestaurantPOS14\RestaurantPOS14.vbproj]
L:\New Restauraunt Pos\src\RestaurantPOS14\RestaurantPOS14\RPOS_DBDataSet1.vb(42591,32): error BC30451: 'UnitMasterRowChanged' is not declared. It may be inaccessible due to its protection level. [L:\New Restauraunt Pos\src\RestaurantPOS14\RestaurantPOS14.vbproj]
L:\New Restauraunt Pos\src\RestaurantPOS14\RestaurantPOS14\RPOS_DBDataSet1.vb(42599,20): error BC30456: 'UnitMasterRowChangingEvent' is not a member of 'RPOS_DBDataSet1.UnitMasterDataTable'. [L:\New Restauraunt Pos\src\RestaurantPOS14\RestaurantPOS14.vbproj]
L:\New Restauraunt Pos\src\RestaurantPOS14\RestaurantPOS14\RPOS_DBDataSet1.vb(42600,32): error BC30451: 'UnitMasterRowChanging' is not declared. It may be inaccessible due to its protection level. [L:\New Restauraunt Pos\src\RestaurantPOS14\RestaurantPOS14.vbproj]
L:\New Restauraunt Pos\src\RestaurantPOS14\RestaurantPOS14\RPOS_DBDataSet1.vb(42608,20): error BC30456: 'UnitMasterRowDeletedEvent' is not a member of 'RPOS_DBDataSet1.UnitMasterDataTable'. [L:\New Restauraunt Pos\src\RestaurantPOS14\RestaurantPOS14.vbproj]
L:\New Restauraunt Pos\src\RestaurantPOS14\RestaurantPOS14\RPOS_DBDataSet1.vb(42609,32): error BC30451: 'UnitMasterRowDeleted' is not declared. It may be inaccessible due to its protection level. [L:\New Restauraunt Pos\src\RestaurantPOS14\RestaurantPOS14.vbproj]
L:\New Restauraunt Pos\src\RestaurantPOS14\RestaurantPOS14\RPOS_DBDataSet1.vb(42617,20): error BC30456: 'UnitMasterRowDeletingEvent' is not a member of 'RPOS_DBDataSet1.UnitMasterDataTable'. [L:\New Restauraunt Pos\src\RestaurantPOS14\RestaurantPOS14.vbproj]
L:\New Restauraunt Pos\src\RestaurantPOS14\RestaurantPOS14\RPOS_DBDataSet1.vb(42618,32): error BC30451: 'UnitMasterRowDeleting' is not declared. It may be inaccessible due to its protection level. [L:\New Restauraunt Pos\src\RestaurantPOS14\RestaurantPOS14.vbproj]
L:\New Restauraunt Pos\src\RestaurantPOS14\RestaurantPOS14\frmPOS.vb(25764,13): error BC30451: '__' is not declared. It may be inaccessible due to its protection level. [L:\New Restauraunt Pos\src\RestaurantPOS14\RestaurantPOS14.vbproj]
L:\New Restauraunt Pos\src\RestaurantPOS14\RestaurantPOS14\frmPOS.vb(25836,99): error BC30451: 'uinSim' is not declared. It may be inaccessible due to its protection level. [L:\New Restauraunt Pos\src\RestaurantPOS14\RestaurantPOS14.vbproj]
L:\New Restauraunt Pos\src\RestaurantPOS14\RestaurantPOS14\frmPOS.vb(25837,127): error BC30451: 'table' is not declared. It may be inaccessible due to its protection level. [L:\New Restauraunt Pos\src\RestaurantPOS14\RestaurantPOS14.vbproj]
L:\New Restauraunt Pos\src\RestaurantPOS14\RestaurantPOS14\frmPOS.vb(25839,77): error BC30451: 'uinSim' is not declared. It may be inaccessible due to its protection level. [L:\New Restauraunt Pos\src\RestaurantPOS14\RestaurantPOS14.vbproj]
L:\New Restauraunt Pos\src\RestaurantPOS14\RestaurantPOS14\frmPOS.vb(25987,17): error BC30030: Try must have at least one 'Catch' or a 'Finally'. [L:\New Restauraunt Pos\src\RestaurantPOS14\RestaurantPOS14.vbproj]
L:\New Restauraunt Pos\src\RestaurantPOS14\RestaurantPOS14\frmPOS.vb(26030,17): error BC30451: 'up2' is not declared. It may be inaccessible due to its protection level. [L:\New Restauraunt Pos\src\RestaurantPOS14\RestaurantPOS14.vbproj]
L:\New Restauraunt Pos\src\RestaurantPOS14\RestaurantPOS14\frmPOS.vb(26031,17): error BC30451: 'up2' is not declared. It may be inaccessible due to its protection level. [L:\New Restauraunt Pos\src\RestaurantPOS14\RestaurantPOS14.vbproj]
L:\New Restauraunt Pos\src\RestaurantPOS14\RestaurantPOS14\frmPOS.vb(26032,17): error BC30451: 'up2' is not declared. It may be inaccessible due to its protection level. [L:\New Restauraunt Pos\src\RestaurantPOS14\RestaurantPOS14.vbproj]
L:\New Restauraunt Pos\src\RestaurantPOS14\RestaurantPOS14\frmPOS.vb(26033,23): error BC30451: 'up2' is not declared. It may be inaccessible due to its protection level. [L:\New Restauraunt Pos\src\RestaurantPOS14\RestaurantPOS14.vbproj]
L:\New Restauraunt Pos\src\RestaurantPOS14\RestaurantPOS14\frmPOS.vb(26086,187): error BC30451: 'billTable' is not declared. It may be inaccessible due to its protection level. [L:\New Restauraunt Pos\src\RestaurantPOS14\RestaurantPOS14.vbproj]
L:\New Restauraunt Pos\src\RestaurantPOS14\RestaurantPOS14\frmPOS.vb(26090,21): error BC30451: 'billNo' is not declared. It may be inaccessible due to its protection level. [L:\New Restauraunt Pos\src\RestaurantPOS14\RestaurantPOS14.vbproj]
L:\New Restauraunt Pos\src\RestaurantPOS14\RestaurantPOS14\frmPOS.vb(26114,185): error BC30451: 'linesTable' is not declared. It may be inaccessible due to its protection level. [L:\New Restauraunt Pos\src\RestaurantPOS14\RestaurantPOS14.vbproj]
L:\New Restauraunt Pos\src\RestaurantPOS14\RestaurantPOS14\frmPOS.vb(26138,84): error BC30451: 'billNo' is not declared. It may be inaccessible due to its protection level. [L:\New Restauraunt Pos\src\RestaurantPOS14\RestaurantPOS14.vbproj]
L:\New Restauraunt Pos\src\RestaurantPOS14\RestaurantPOS14\frmPOS.vb(28892,13): error BC30451: '__' is not declared. It may be inaccessible due to its protection level. [L:\New Restauraunt Pos\src\RestaurantPOS14\RestaurantPOS14.vbproj]
    55 Warning(s)
    1401 Error(s)

Time Elapsed 00:00:05.66

Workload updates are available. Run `dotnet workload list` for more information.
